mtllib bracket.mtl
o empty_2
usemtl material9
v -301.76214599609375 136.0068359375 3.174999952316284
v -304.79998779296875 136.0068359375 3.174999952316284
v -304.79998779296875 142.35684204101562 3.174999952316284
v -304.79998779296875 142.26458740234375 2.415172815322876
v -304.79998779296875 141.9931640625 1.6995038986206055
v -304.79998779296875 141.55836486816406 1.0695855617523193
v -304.79998779296875 140.98544311523438 0.5620262026786804
v -304.79998779296875 140.30770874023438 0.20632342994213104
v -304.79998779296875 139.56454467773438 0.02314932458102703
v -304.79998779296875 138.79913330078125 0.02314932458102703
v -304.79998779296875 138.05596923828125 0.20632342994213104
v -304.79998779296875 137.37823486328125 0.5620262026786804
v -304.79998779296875 136.80531311035156 1.0695855617523193
v -304.79998779296875 136.37051391601562 1.6995038986206055
v -304.79998779296875 136.09910583496094 2.415172815322876
v -301.76214599609375 142.35684204101562 3.174999952316284
v -301.76214599609375 136.09910583496094 2.415172815322876
v -301.76214599609375 136.37051391601562 1.6995038986206055
v -301.76214599609375 136.80531311035156 1.0695855617523193
v -301.76214599609375 137.37823486328125 0.5620262026786804
v -301.76214599609375 138.05596923828125 0.20632342994213104
v -301.76214599609375 138.79913330078125 0.02314932458102703
v -301.76214599609375 139.56454467773438 0.02314932458102703
v -301.76214599609375 140.30770874023438 0.20632342994213104
v -301.76214599609375 140.98544311523438 0.5620262026786804
v -301.76214599609375 141.55836486816406 1.0695855617523193
v -301.76214599609375 141.9931640625 1.6995038986206055
v -301.76214599609375 142.26458740234375 2.415172815322876
v -301.76214599609375 -196.98716735839844 -9.524999618530273
v -304.79998779296875 -196.98716735839844 -9.524999618530273
v -304.79998779296875 -190.6371612548828 -9.524999618530273
v -304.79998779296875 -190.7294158935547 -10.28482723236084
v -304.79998779296875 -191.00083923339844 -11.000495910644531
v -304.79998779296875 -191.43563842773438 -11.630414009094238
v -304.79998779296875 -192.00856018066406 -12.13797378540039
v -304.79998779296875 -192.68629455566406 -12.49367618560791
v -304.79998779296875 -193.42945861816406 -12.676850318908691
v -304.79998779296875 -194.1948699951172 -12.676850318908691
v -304.79998779296875 -194.9380340576172 -12.49367618560791
v -304.79998779296875 -195.6157684326172 -12.13797378540039
v -304.79998779296875 -196.1886749267578 -11.630414009094238
v -304.79998779296875 -196.6234893798828 -11.000495910644531
v -304.79998779296875 -196.8948974609375 -10.28482723236084
v -301.76214599609375 -190.6371612548828 -9.524999618530273
v -301.76214599609375 -196.8948974609375 -10.28482723236084
v -301.76214599609375 -196.6234893798828 -11.000495910644531
v -301.76214599609375 -196.1886749267578 -11.630414009094238
v -301.76214599609375 -195.6157684326172 -12.13797378540039
v -301.76214599609375 -194.9380340576172 -12.49367618560791
v -301.76214599609375 -194.1948699951172 -12.676850318908691
v -301.76214599609375 -193.42945861816406 -12.676850318908691
v -301.76214599609375 -192.68629455566406 -12.49367618560791
v -301.76214599609375 -192.00856018066406 -12.13797378540039
v -301.76214599609375 -191.43563842773438 -11.630414009094238
v -301.76214599609375 -191.00083923339844 -11.000495910644531
v -301.76214599609375 -190.7294158935547 -10.28482723236084
v -301.76214599609375 -57.28715896606445 -9.524999618530273
v -304.79998779296875 -57.28715896606445 -9.524999618530273
v -304.79998779296875 -50.93716049194336 -9.524999618530273
v -304.79998779296875 -51.0294189453125 -10.28482723236084
v -304.79998779296875 -51.300838470458984 -11.000495910644531
v -304.79998779296875 -51.73563766479492 -11.630414009094238
v -304.79998779296875 -52.308555603027344 -12.13797378540039
v -304.79998779296875 -52.986289978027344 -12.49367618560791
v -304.79998779296875 -53.72945785522461 -12.676850318908691
v -304.79998779296875 -54.49486541748047 -12.676850318908691
v -304.79998779296875 -55.23802947998047 -12.49367618560791
v -304.79998779296875 -55.91576385498047 -12.13797378540039
v -304.79998779296875 -56.48868179321289 -11.630414009094238
v -304.79998779296875 -56.92348098754883 -11.000495910644531
v -304.79998779296875 -57.19490051269531 -10.28482723236084
v -301.76214599609375 -50.93716049194336 -9.524999618530273
v -301.76214599609375 -57.19490051269531 -10.28482723236084
v -301.76214599609375 -56.92348098754883 -11.000495910644531
v -301.76214599609375 -56.48868179321289 -11.630414009094238
v -301.76214599609375 -55.91576385498047 -12.13797378540039
v -301.76214599609375 -55.23802947998047 -12.49367618560791
v -301.76214599609375 -54.49486541748047 -12.676850318908691
v -301.76214599609375 -53.72945785522461 -12.676850318908691
v -301.76214599609375 -52.986289978027344 -12.49367618560791
v -301.76214599609375 -52.308555603027344 -12.13797378540039
v -301.76214599609375 -51.73563766479492 -11.630414009094238
v -301.76214599609375 -51.300838470458984 -11.000495910644531
v -301.76214599609375 -51.0294189453125 -10.28482723236084
v -301.76214599609375 114.162841796875 -9.524999618530273
v -304.79998779296875 114.162841796875 -9.524999618530273
v -304.79998779296875 120.5128402709961 -9.524999618530273
v -304.79998779296875 120.42057800292969 -10.28482723236084
v -304.79998779296875 120.14916229248047 -11.000495910644531
v -304.79998779296875 119.71436309814453 -11.630414009094238
v -304.79998779296875 119.14144897460938 -12.13797378540039
v -304.79998779296875 118.46370697021484 -12.49367618560791
v -304.79998779296875 117.72054290771484 -12.676850318908691
v -304.79998779296875 116.95513916015625 -12.676850318908691
v -304.79998779296875 116.21196746826172 -12.49367618560791
v -304.79998779296875 115.53423309326172 -12.13797378540039
v -304.79998779296875 114.96131896972656 -11.630414009094238
v -304.79998779296875 114.52651977539062 -11.000495910644531
v -304.79998779296875 114.25509643554688 -10.28482723236084
v -301.76214599609375 120.5128402709961 -9.524999618530273
v -301.76214599609375 114.25509643554688 -10.28482723236084
v -301.76214599609375 114.52651977539062 -11.000495910644531
v -301.76214599609375 114.96131896972656 -11.630414009094238
v -301.76214599609375 115.53423309326172 -12.13797378540039
v -301.76214599609375 116.21196746826172 -12.49367618560791
v -301.76214599609375 116.95513916015625 -12.676850318908691
v -301.76214599609375 117.72054290771484 -12.676850318908691
v -301.76214599609375 118.46370697021484 -12.49367618560791
v -301.76214599609375 119.14144897460938 -12.13797378540039
v -301.76214599609375 119.71436309814453 -11.630414009094238
v -301.76214599609375 120.14916229248047 -11.000495910644531
v -301.76214599609375 120.42057800292969 -10.28482723236084
v -301.76214599609375 -174.63516235351562 3.174999952316284
v -304.79998779296875 -174.63516235351562 3.174999952316284
v -304.79998779296875 -168.28515625 3.174999952316284
v -304.79998779296875 -168.37742614746094 2.415172815322876
v -304.79998779296875 -168.64883422851562 1.6995038986206055
v -304.79998779296875 -169.08363342285156 1.0695855617523193
v -304.79998779296875 -169.65655517578125 0.5620262026786804
v -304.79998779296875 -170.33428955078125 0.20632342994213104
v -304.79998779296875 -171.07745361328125 0.02314932458102703
v -304.79998779296875 -171.84286499023438 0.02314932458102703
v -304.79998779296875 -172.58602905273438 0.20632342994213104
v -304.79998779296875 -173.26376342773438 0.5620262026786804
v -304.79998779296875 -173.83668518066406 1.0695855617523193
v -304.79998779296875 -174.271484375 1.6995038986206055
v -304.79998779296875 -174.54290771484375 2.415172815322876
v -301.76214599609375 -168.28515625 3.174999952316284
v -301.76214599609375 -174.54290771484375 2.415172815322876
v -301.76214599609375 -174.271484375 1.6995038986206055
v -301.76214599609375 -173.83668518066406 1.0695855617523193
v -301.76214599609375 -173.26376342773438 0.5620262026786804
v -301.76214599609375 -172.58602905273438 0.20632342994213104
v -301.76214599609375 -171.84286499023438 0.02314932458102703
v -301.76214599609375 -171.07745361328125 0.02314932458102703
v -301.76214599609375 -170.33428955078125 0.20632342994213104
v -301.76214599609375 -169.65655517578125 0.5620262026786804
v -301.76214599609375 -169.08363342285156 1.0695855617523193
v -301.76214599609375 -168.64883422851562 1.6995038986206055
v -301.76214599609375 -168.37742614746094 2.415172815322876
v -301.76214599609375 -79.38516235351562 3.174999952316284
v -304.79998779296875 -79.38516235351562 3.174999952316284
v -304.79998779296875 -73.03515625 3.174999952316284
v -304.79998779296875 -73.1274185180664 2.415172815322876
v -304.79998779296875 -73.39883422851562 1.6995038986206055
v -304.79998779296875 -73.8336410522461 1.0695855617523193
v -304.79998779296875 -74.40655517578125 0.5620262026786804
v -304.79998779296875 -75.08428955078125 0.20632342994213104
v -304.79998779296875 -75.82745361328125 0.02314932458102703
v -304.79998779296875 -76.59286499023438 0.02314932458102703
v -304.79998779296875 -77.33602905273438 0.20632342994213104
v -304.79998779296875 -78.01376342773438 0.5620262026786804
v -304.79998779296875 -78.58668518066406 1.0695855617523193
v -304.79998779296875 -79.021484375 1.6995038986206055
v -304.79998779296875 -79.29290008544922 2.415172815322876
v -301.76214599609375 -73.03515625 3.174999952316284
v -301.76214599609375 -79.29290008544922 2.415172815322876
v -301.76214599609375 -79.021484375 1.6995038986206055
v -301.76214599609375 -78.58668518066406 1.0695855617523193
v -301.76214599609375 -78.01376342773438 0.5620262026786804
v -301.76214599609375 -77.33602905273438 0.20632342994213104
v -301.76214599609375 -76.59286499023438 0.02314932458102703
v -301.76214599609375 -75.82745361328125 0.02314932458102703
v -301.76214599609375 -75.08428955078125 0.20632342994213104
v -301.76214599609375 -74.40655517578125 0.5620262026786804
v -301.76214599609375 -73.8336410522461 1.0695855617523193
v -301.76214599609375 -73.39883422851562 1.6995038986206055
v -301.76214599609375 -73.1274185180664 2.415172815322876
v -301.76214599609375 187.0608367919922 3.174999952316284
v -304.79998779296875 187.0608367919922 3.174999952316284
v -304.79998779296875 193.4108428955078 3.174999952316284
v -304.79998779296875 193.31857299804688 2.415172815322876
v -304.79998779296875 193.0471649169922 1.6995038986206055
v -304.79998779296875 192.61236572265625 1.0695855617523193
v -304.79998779296875 192.03944396972656 0.5620262026786804
v -304.79998779296875 191.36170959472656 0.20632342994213104
v -304.79998779296875 190.61854553222656 0.02314932458102703
v -304.79998779296875 189.85313415527344 0.02314932458102703
v -304.79998779296875 189.10997009277344 0.20632342994213104
v -304.79998779296875 188.43223571777344 0.5620262026786804
v -304.79998779296875 187.85931396484375 1.0695855617523193
v -304.79998779296875 187.4245147705078 1.6995038986206055
v -304.79998779296875 187.15310668945312 2.415172815322876
v -301.76214599609375 193.4108428955078 3.174999952316284
v -301.76214599609375 187.15310668945312 2.415172815322876
v -301.76214599609375 187.4245147705078 1.6995038986206055
v -301.76214599609375 187.85931396484375 1.0695855617523193
v -301.76214599609375 188.43223571777344 0.5620262026786804
v -301.76214599609375 189.10997009277344 0.20632342994213104
v -301.76214599609375 189.85313415527344 0.02314932458102703
v -301.76214599609375 190.61854553222656 0.02314932458102703
v -301.76214599609375 191.36170959472656 0.20632342994213104
v -301.76214599609375 192.03944396972656 0.5620262026786804
v -301.76214599609375 192.61236572265625 1.0695855617523193
v -301.76214599609375 193.0471649169922 1.6995038986206055
v -301.76214599609375 193.31857299804688 2.415172815322876
v -301.76214599609375 164.9628448486328 -9.524999618530273
v -304.79998779296875 164.9628448486328 -9.524999618530273
v -304.79998779296875 171.31283569335938 -9.524999618530273
v -304.79998779296875 171.2205810546875 -10.28482723236084
v -304.79998779296875 170.94915771484375 -11.000495910644531
v -304.79998779296875 170.5143585205078 -11.630414009094238
v -304.79998779296875 169.9414520263672 -12.13797378540039
v -304.79998779296875 169.2637176513672 -12.49367618560791
v -304.79998779296875 168.52053833007812 -12.676850318908691
v -304.79998779296875 167.75514221191406 -12.676850318908691
v -304.79998779296875 167.011962890625 -12.49367618560791
v -304.79998779296875 166.334228515625 -12.13797378540039
v -304.79998779296875 165.76132202148438 -11.630414009094238
v -304.79998779296875 165.32652282714844 -11.000495910644531
v -304.79998779296875 165.0550994873047 -10.28482723236084
v -301.76214599609375 171.31283569335938 -9.524999618530273
v -301.76214599609375 165.0550994873047 -10.28482723236084
v -301.76214599609375 165.32652282714844 -11.000495910644531
v -301.76214599609375 165.76132202148438 -11.630414009094238
v -301.76214599609375 166.334228515625 -12.13797378540039
v -301.76214599609375 167.011962890625 -12.49367618560791
v -301.76214599609375 167.75514221191406 -12.676850318908691
v -301.76214599609375 168.52053833007812 -12.676850318908691
v -301.76214599609375 169.2637176513672 -12.49367618560791
v -301.76214599609375 169.9414520263672 -12.13797378540039
v -301.76214599609375 170.5143585205078 -11.630414009094238
v -301.76214599609375 170.94915771484375 -11.000495910644531
v -301.76214599609375 171.2205810546875 -10.28482723236084
v 273.04998779296875 228.60000610351562 6.349999904632568
v 273.04998779296875 231.63783264160156 6.349999904632568
v 273.04998779296875 231.63783264160156 2.7321894746634712e-14
v 272.2901611328125 231.63783264160156 0.0922597274184227
v 271.5744934082031 231.63783264160156 0.36367711424827576
v 270.944580078125 231.63783264160156 0.798478364944458
v 270.43701171875 231.63783264160156 1.371394395828247
v 270.0813293457031 231.63783264160156 2.0491294860839844
v 269.8981628417969 231.63783264160156 2.7922959327697754
v 269.8981628417969 231.63783264160156 3.557703971862793
v 270.0813293457031 231.63783264160156 4.300870418548584
v 270.43701171875 231.63783264160156 4.9786057472229
v 270.944580078125 231.63783264160156 5.5515217781066895
v 271.5744934082031 231.63783264160156 5.98632287979126
v 272.2901611328125 231.63783264160156 6.257740497589111
v 273.04998779296875 228.60000610351562 2.7321894746634712e-14
v 272.2901611328125 228.60000610351562 6.257740497589111
v 271.5744934082031 228.60000610351562 5.98632287979126
v 270.944580078125 228.60000610351562 5.5515217781066895
v 270.43701171875 228.60000610351562 4.9786057472229
v 270.0813293457031 228.60000610351562 4.300870418548584
v 269.8981628417969 228.60000610351562 3.557703971862793
v 269.8981628417969 228.60000610351562 2.7922959327697754
v 270.0813293457031 228.60000610351562 2.0491294860839844
v 270.43701171875 228.60000610351562 1.371394395828247
v 270.944580078125 228.60000610351562 0.798478364944458
v 271.5744934082031 228.60000610351562 0.36367711424827576
v 272.2901611328125 228.60000610351562 0.0922597274184227
v -19.049999237060547 228.60000610351562 6.349999904632568
v -19.049999237060547 231.63783264160156 6.349999904632568
v -19.049999237060547 231.63783264160156 -4.3368086899420177e-16
v -19.80982780456543 231.63783264160156 0.0922597274184227
v -20.525495529174805 231.63783264160156 0.36367711424827576
v -21.155414581298828 231.63783264160156 0.798478364944458
v -21.662973403930664 231.63783264160156 1.371394395828247
v -22.0186767578125 231.63783264160156 2.0491294860839844
v -22.20185089111328 231.63783264160156 2.7922959327697754
v -22.20185089111328 231.63783264160156 3.557703971862793
v -22.0186767578125 231.63783264160156 4.300870418548584
v -21.662973403930664 231.63783264160156 4.9786057472229
v -21.155414581298828 231.63783264160156 5.5515217781066895
v -20.525495529174805 231.63783264160156 5.98632287979126
v -19.80982780456543 231.63783264160156 6.257740497589111
v -19.049999237060547 228.60000610351562 -4.3368086899420177e-16
v -19.80982780456543 228.60000610351562 6.257740497589111
v -20.525495529174805 228.60000610351562 5.98632287979126
v -21.155414581298828 228.60000610351562 5.5515217781066895
v -21.662973403930664 228.60000610351562 4.9786057472229
v -22.0186767578125 228.60000610351562 4.300870418548584
v -22.20185089111328 228.60000610351562 3.557703971862793
v -22.20185089111328 228.60000610351562 2.7922959327697754
v -22.0186767578125 228.60000610351562 2.0491294860839844
v -21.662973403930664 228.60000610351562 1.371394395828247
v -21.155414581298828 228.60000610351562 0.798478364944458
v -20.525495529174805 228.60000610351562 0.36367711424827576
v -19.80982780456543 228.60000610351562 0.0922597274184227
v 250.697998046875 228.60000610351562 -6.349999904632568
v 250.697998046875 231.63783264160156 -6.349999904632568
v 250.697998046875 231.63783264160156 -12.699999809265137
v 249.93817138671875 231.63783264160156 -12.60774040222168
v 249.22250366210938 231.63783264160156 -12.336322784423828
v 248.59259033203125 231.63783264160156 -11.901521682739258
v 248.08502197265625 231.63783264160156 -11.328605651855469
v 247.7293243408203 231.63783264160156 -10.650870323181152
v 247.546142578125 231.63783264160156 -9.90770435333252
v 247.546142578125 231.63783264160156 -9.142295837402344
v 247.7293243408203 231.63783264160156 -8.399129867553711
v 248.08502197265625 231.63783264160156 -7.7213945388793945
v 248.59259033203125 231.63783264160156 -7.1484785079956055
v 249.22250366210938 231.63783264160156 -6.713676929473877
v 249.93817138671875 231.63783264160156 -6.442259788513184
v 250.697998046875 228.60000610351562 -12.699999809265137
v 249.93817138671875 228.60000610351562 -6.442259788513184
v 249.22250366210938 228.60000610351562 -6.713676929473877
v 248.59259033203125 228.60000610351562 -7.1484785079956055
v 248.08502197265625 228.60000610351562 -7.7213945388793945
v 247.7293243408203 228.60000610351562 -8.399129867553711
v 247.546142578125 228.60000610351562 -9.142295837402344
v 247.546142578125 228.60000610351562 -9.90770435333252
v 247.7293243408203 228.60000610351562 -10.650870323181152
v 248.08502197265625 228.60000610351562 -11.328605651855469
v 248.59259033203125 228.60000610351562 -11.901521682739258
v 249.22250366210938 228.60000610351562 -12.336322784423828
v 249.93817138671875 228.60000610351562 -12.60774040222168
v 155.70199584960938 228.60000610351562 -6.349999904632568
v 155.70199584960938 231.63783264160156 -6.349999904632568
v 155.70199584960938 231.63783264160156 -12.699999809265137
v 154.94216918945312 231.63783264160156 -12.60774040222168
v 154.22650146484375 231.63783264160156 -12.336322784423828
v 153.59658813476562 231.63783264160156 -11.901521682739258
v 153.08901977539062 231.63783264160156 -11.328605651855469
v 152.7333221435547 231.63783264160156 -10.650870323181152
v 152.55015563964844 231.63783264160156 -9.90770435333252
v 152.55015563964844 231.63783264160156 -9.142295837402344
v 152.7333221435547 231.63783264160156 -8.399129867553711
v 153.08901977539062 231.63783264160156 -7.7213945388793945
v 153.59658813476562 231.63783264160156 -7.1484785079956055
v 154.22650146484375 231.63783264160156 -6.713676929473877
v 154.94216918945312 231.63783264160156 -6.442259788513184
v 155.70199584960938 228.60000610351562 -12.699999809265137
v 154.94216918945312 228.60000610351562 -6.442259788513184
v 154.22650146484375 228.60000610351562 -6.713676929473877
v 153.59658813476562 228.60000610351562 -7.1484785079956055
v 153.08901977539062 228.60000610351562 -7.7213945388793945
v 152.7333221435547 228.60000610351562 -8.399129867553711
v 152.55015563964844 228.60000610351562 -9.142295837402344
v 152.55015563964844 228.60000610351562 -9.90770435333252
v 152.7333221435547 228.60000610351562 -10.650870323181152
v 153.08901977539062 228.60000610351562 -11.328605651855469
v 153.59658813476562 228.60000610351562 -11.901521682739258
v 154.22650146484375 228.60000610351562 -12.336322784423828
v 154.94216918945312 228.60000610351562 -12.60774040222168
v 133.35000610351562 228.60000610351562 6.349999904632568
v 133.35000610351562 231.63783264160156 6.349999904632568
v 133.35000610351562 231.63783264160156 -1.734723475976807e-15
v 132.59017944335938 231.63783264160156 0.0922597274184227
v 131.87449645996094 231.63783264160156 0.36367711424827576
v 131.2445831298828 231.63783264160156 0.798478364944458
v 130.73703002929688 231.63783264160156 1.371394395828247
v 130.38131713867188 231.63783264160156 2.0491294860839844
v 130.19815063476562 231.63783264160156 2.7922959327697754
v 130.19815063476562 231.63783264160156 3.557703971862793
v 130.38131713867188 231.63783264160156 4.300870418548584
v 130.73703002929688 231.63783264160156 4.9786057472229
v 131.2445831298828 231.63783264160156 5.5515217781066895
v 131.87449645996094 231.63783264160156 5.98632287979126
v 132.59017944335938 231.63783264160156 6.257740497589111
v 133.35000610351562 228.60000610351562 -1.734723475976807e-15
v 132.59017944335938 228.60000610351562 6.257740497589111
v 131.87449645996094 228.60000610351562 5.98632287979126
v 131.2445831298828 228.60000610351562 5.5515217781066895
v 130.73703002929688 228.60000610351562 4.9786057472229
v 130.38131713867188 228.60000610351562 4.300870418548584
v 130.19815063476562 228.60000610351562 3.557703971862793
v 130.19815063476562 228.60000610351562 2.7922959327697754
v 130.38131713867188 228.60000610351562 2.0491294860839844
v 130.73703002929688 228.60000610351562 1.371394395828247
v 131.2445831298828 228.60000610351562 0.798478364944458
v 131.87449645996094 228.60000610351562 0.36367711424827576
v 132.59017944335938 228.60000610351562 0.0922597274184227
v -263.6520080566406 228.60000610351562 -6.349999904632568
v -263.6520080566406 231.63783264160156 -6.349999904632568
v -263.6520080566406 231.63783264160156 -12.699999809265137
v -264.4118347167969 231.63783264160156 -12.60774040222168
v -265.12750244140625 231.63783264160156 -12.336322784423828
v -265.7574157714844 231.63783264160156 -11.901521682739258
v -266.2649841308594 231.63783264160156 -11.328605651855469
v -266.62066650390625 231.63783264160156 -10.650870323181152
v -266.8038635253906 231.63783264160156 -9.90770435333252
v -266.8038635253906 231.63783264160156 -9.142295837402344
v -266.62066650390625 231.63783264160156 -8.399129867553711
v -266.2649841308594 231.63783264160156 -7.7213945388793945
v -265.7574157714844 231.63783264160156 -7.1484785079956055
v -265.12750244140625 231.63783264160156 -6.713676929473877
v -264.4118347167969 231.63783264160156 -6.442259788513184
v -263.6520080566406 228.60000610351562 -12.699999809265137
v -264.4118347167969 228.60000610351562 -6.442259788513184
v -265.12750244140625 228.60000610351562 -6.713676929473877
v -265.7574157714844 228.60000610351562 -7.1484785079956055
v -266.2649841308594 228.60000610351562 -7.7213945388793945
v -266.62066650390625 228.60000610351562 -8.399129867553711
v -266.8038635253906 228.60000610351562 -9.142295837402344
v -266.8038635253906 228.60000610351562 -9.90770435333252
v -266.62066650390625 228.60000610351562 -10.650870323181152
v -266.2649841308594 228.60000610351562 -11.328605651855469
v -265.7574157714844 228.60000610351562 -11.901521682739258
v -265.12750244140625 228.60000610351562 -12.336322784423828
v -264.4118347167969 228.60000610351562 -12.60774040222168
v -241.80799865722656 228.60000610351562 6.349999904632568
v -241.80799865722656 231.63783264160156 6.349999904632568
v -241.80799865722656 231.63783264160156 2.7321894746634712e-14
v -242.5678253173828 231.63783264160156 0.0922597274184227
v -243.2834930419922 231.63783264160156 0.36367711424827576
v -243.91342163085938 231.63783264160156 0.798478364944458
v -244.4209747314453 231.63783264160156 1.371394395828247
v -244.77667236328125 231.63783264160156 2.0491294860839844
v -244.95985412597656 231.63783264160156 2.7922959327697754
v -244.95985412597656 231.63783264160156 3.557703971862793
v -244.77667236328125 231.63783264160156 4.300870418548584
v -244.4209747314453 231.63783264160156 4.9786057472229
v -243.91342163085938 231.63783264160156 5.5515217781066895
v -243.2834930419922 231.63783264160156 5.98632287979126
v -242.5678253173828 231.63783264160156 6.257740497589111
v -241.80799865722656 228.60000610351562 2.7321894746634712e-14
v -242.5678253173828 228.60000610351562 6.257740497589111
v -243.2834930419922 228.60000610351562 5.98632287979126
v -243.91342163085938 228.60000610351562 5.5515217781066895
v -244.4209747314453 228.60000610351562 4.9786057472229
v -244.77667236328125 228.60000610351562 4.300870418548584
v -244.95985412597656 228.60000610351562 3.557703971862793
v -244.95985412597656 228.60000610351562 2.7922959327697754
v -244.77667236328125 228.60000610351562 2.0491294860839844
v -244.4209747314453 228.60000610351562 1.371394395828247
v -243.91342163085938 228.60000610351562 0.798478364944458
v -243.2834930419922 228.60000610351562 0.36367711424827576
v -242.5678253173828 228.60000610351562 0.0922597274184227
v -212.8520050048828 228.60000610351562 -6.349999904632568
v -212.8520050048828 231.63783264160156 -6.349999904632568
v -212.8520050048828 231.63783264160156 -12.699999809265137
v -213.61183166503906 231.63783264160156 -12.60774040222168
v -214.32749938964844 231.63783264160156 -12.336322784423828
v -214.95741271972656 231.63783264160156 -11.901521682739258
v -215.46498107910156 231.63783264160156 -11.328605651855469
v -215.8206787109375 231.63783264160156 -10.650870323181152
v -216.00384521484375 231.63783264160156 -9.90770435333252
v -216.00384521484375 231.63783264160156 -9.142295837402344
v -215.8206787109375 231.63783264160156 -8.399129867553711
v -215.46498107910156 231.63783264160156 -7.7213945388793945
v -214.95741271972656 231.63783264160156 -7.1484785079956055
v -214.32749938964844 231.63783264160156 -6.713676929473877
v -213.61183166503906 231.63783264160156 -6.442259788513184
v -212.8520050048828 228.60000610351562 -12.699999809265137
v -213.61183166503906 228.60000610351562 -6.442259788513184
v -214.32749938964844 228.60000610351562 -6.713676929473877
v -214.95741271972656 228.60000610351562 -7.1484785079956055
v -215.46498107910156 228.60000610351562 -7.7213945388793945
v -215.8206787109375 228.60000610351562 -8.399129867553711
v -216.00384521484375 228.60000610351562 -9.142295837402344
v -216.00384521484375 228.60000610351562 -9.90770435333252
v -215.8206787109375 228.60000610351562 -10.650870323181152
v -215.46498107910156 228.60000610351562 -11.328605651855469
v -214.95741271972656 228.60000610351562 -11.901521682739258
v -214.32749938964844 228.60000610351562 -12.336322784423828
v -213.61183166503906 228.60000610351562 -12.60774040222168
v -191.00799560546875 228.60000610351562 6.349999904632568
v -191.00799560546875 231.63783264160156 6.349999904632568
v -191.00799560546875 231.63783264160156 -1.734723475976807e-15
v -191.767822265625 231.63783264160156 0.0922597274184227
v -192.48348999023438 231.63783264160156 0.36367711424827576
v -193.11341857910156 231.63783264160156 0.798478364944458
v -193.6209716796875 231.63783264160156 1.371394395828247
v -193.97666931152344 231.63783264160156 2.0491294860839844
v -194.15985107421875 231.63783264160156 2.7922959327697754
v -194.15985107421875 231.63783264160156 3.557703971862793
v -193.97666931152344 231.63783264160156 4.300870418548584
v -193.6209716796875 231.63783264160156 4.9786057472229
v -193.11341857910156 231.63783264160156 5.5515217781066895
v -192.48348999023438 231.63783264160156 5.98632287979126
v -191.767822265625 231.63783264160156 6.257740497589111
v -191.00799560546875 228.60000610351562 -1.734723475976807e-15
v -191.767822265625 228.60000610351562 6.257740497589111
v -192.48348999023438 228.60000610351562 5.98632287979126
v -193.11341857910156 228.60000610351562 5.5515217781066895
v -193.6209716796875 228.60000610351562 4.9786057472229
v -193.97666931152344 228.60000610351562 4.300870418548584
v -194.15985107421875 228.60000610351562 3.557703971862793
v -194.15985107421875 228.60000610351562 2.7922959327697754
v -193.97666931152344 228.60000610351562 2.0491294860839844
v -193.6209716796875 228.60000610351562 1.371394395828247
v -193.11341857910156 228.60000610351562 0.798478364944458
v -192.48348999023438 228.60000610351562 0.36367711424827576
v -191.767822265625 228.60000610351562 0.0922597274184227
v -44.45000076293945 228.60000610351562 -6.349999904632568
v -44.45000076293945 231.63783264160156 -6.349999904632568
v -44.45000076293945 231.63783264160156 -12.699999809265137
v -45.2098274230957 231.63783264160156 -12.60774040222168
v -45.92549514770508 231.63783264160156 -12.336322784423828
v -46.555416107177734 231.63783264160156 -11.901521682739258
v -47.06297302246094 231.63783264160156 -11.328605651855469
v -47.418678283691406 231.63783264160156 -10.650870323181152
v -47.60185241699219 231.63783264160156 -9.90770435333252
v -47.60185241699219 231.63783264160156 -9.142295837402344
v -47.418678283691406 231.63783264160156 -8.399129867553711
v -47.06297302246094 231.63783264160156 -7.7213945388793945
v -46.555416107177734 231.63783264160156 -7.1484785079956055
v -45.92549514770508 231.63783264160156 -6.713676929473877
v -45.2098274230957 231.63783264160156 -6.442259788513184
v -44.45000076293945 228.60000610351562 -12.699999809265137
v -45.2098274230957 228.60000610351562 -6.442259788513184
v -45.92549514770508 228.60000610351562 -6.713676929473877
v -46.555416107177734 228.60000610351562 -7.1484785079956055
v -47.06297302246094 228.60000610351562 -7.7213945388793945
v -47.418678283691406 228.60000610351562 -8.399129867553711
v -47.60185241699219 228.60000610351562 -9.142295837402344
v -47.60185241699219 228.60000610351562 -9.90770435333252
v -47.418678283691406 228.60000610351562 -10.650870323181152
v -47.06297302246094 228.60000610351562 -11.328605651855469
v -46.555416107177734 228.60000610351562 -11.901521682739258
v -45.92549514770508 228.60000610351562 -12.336322784423828
v -45.2098274230957 228.60000610351562 -12.60774040222168
v -284.24530029296875 -214.84825134277344 16.01215934753418
v -193.8620147705078 80.78215789794922 16.01215934753418
v -189.7455291748047 91.94789123535156 16.01215934753418
v -184.39614868164062 102.57818603515625 16.01215934753418
v -177.88211059570312 112.53741455078125 16.01215934753418
v -170.28651428222656 121.69853973388672 16.01215934753418
v -161.70628356933594 129.94467163085938 16.01215934753418
v -152.25088500976562 137.1706085205078 16.01215934753418
v -142.04090881347656 143.2841796875 16.01215934753418
v -131.20664978027344 148.20736694335938 16.01215934753418
v -119.88631439208984 151.87738037109375 16.01215934753418
v -108.22431945800781 154.2473907470703 16.01215934753418
v 293.4891662597656 212.49307250976562 16.01215934753418
v 296.5144958496094 213.30723571777344 16.01215934753418
v 299.26287841796875 214.8111572265625 16.01215934753418
v 301.5796203613281 216.920166015625 16.01215934753418
v 303.3343811035156 219.51559448242188 16.01215934753418
v 304.4283752441406 222.45132446289062 16.01215934753418
v 304.79998779296875 225.56216430664062 16.01215934753418
v -286.0351867675781 225.56216430664062 16.01215934753418
v -286.679931640625 224.63221740722656 16.01215934753418
v -286.42840576171875 224.9157257080078 16.01215934753418
v -286.21246337890625 225.22718811035156 16.01215934753418
v -297.79437255859375 213.5177764892578 16.01215934753418
v -298.7243347167969 212.87301635742188 16.01215934753418
v -298.38934326171875 213.05030822753906 16.01215934753418
v -298.077880859375 213.26625061035156 16.01215934753418
v -298.7243347167969 -225.56216430664062 16.01215934753418
v -295.5333557128906 -225.22207641601562 16.01215934753418
v -292.4857177734375 -224.21713256835938 16.01215934753418
v -289.7183532714844 -222.59243774414062 16.01215934753418
v -287.3555603027344 -220.42100524902344 16.01215934753418
v -285.50347900390625 -217.8003692626953 16.01215934753418
v 293.4891662597656 212.49307250976562 19.049999237060547
v 296.5144958496094 213.30723571777344 19.049999237060547
v 299.26287841796875 214.8111572265625 19.049999237060547
v 301.5796203613281 216.920166015625 19.049999237060547
v 303.3343811035156 219.51559448242188 19.049999237060547
v 304.4283752441406 222.45132446289062 19.049999237060547
v 304.79998779296875 225.56216430664062 19.049999237060547
v 293.4891662597656 212.49307250976562 16.01215934753418
v 296.5144958496094 213.30723571777344 16.01215934753418
v 299.26287841796875 214.8111572265625 16.01215934753418
v 301.5796203613281 216.920166015625 16.01215934753418
v 303.3343811035156 219.51559448242188 16.01215934753418
v 304.4283752441406 222.45132446289062 16.01215934753418
v 304.79998779296875 225.56216430664062 16.01215934753418
v -108.22431945800781 154.2473907470703 19.049999237060547
v 293.4891662597656 212.49307250976562 19.049999237060547
v -108.22431945800781 154.2473907470703 16.01215934753418
v 293.4891662597656 212.49307250976562 16.01215934753418
v -108.22431945800781 154.2473907470703 16.01215934753418
v -108.22431945800781 154.2473907470703 19.049999237060547
v -193.8620147705078 80.78215789794922 16.01215934753418
v -189.7455291748047 91.94789123535156 16.01215934753418
v -184.39614868164062 102.57818603515625 16.01215934753418
v -177.88211059570312 112.53741455078125 16.01215934753418
v -170.28651428222656 121.69853973388672 16.01215934753418
v -161.70628356933594 129.94467163085938 16.01215934753418
v -152.25088500976562 137.1706085205078 16.01215934753418
v -142.04090881347656 143.2841796875 16.01215934753418
v -131.20664978027344 148.20736694335938 16.01215934753418
v -119.88631439208984 151.87738037109375 16.01215934753418
v -193.8620147705078 80.78215789794922 19.049999237060547
v -189.7455291748047 91.94789123535156 19.049999237060547
v -184.39614868164062 102.57818603515625 19.049999237060547
v -177.88211059570312 112.53741455078125 19.049999237060547
v -170.28651428222656 121.69853973388672 19.049999237060547
v -161.70628356933594 129.94467163085938 19.049999237060547
v -152.25088500976562 137.1706085205078 19.049999237060547
v -142.04090881347656 143.2841796875 19.049999237060547
v -131.20664978027344 148.20736694335938 19.049999237060547
v -119.88631439208984 151.87738037109375 19.049999237060547
v -284.24530029296875 -214.84825134277344 19.049999237060547
v -193.8620147705078 80.78215789794922 19.049999237060547
v -284.24530029296875 -214.84825134277344 16.01215934753418
v -193.8620147705078 80.78215789794922 16.01215934753418
v -298.7243347167969 -225.56216430664062 19.049999237060547
v -295.5333557128906 -225.22207641601562 19.049999237060547
v -292.4857177734375 -224.21713256835938 19.049999237060547
v -289.7183532714844 -222.59243774414062 19.049999237060547
v -287.3555603027344 -220.42100524902344 19.049999237060547
v -285.50347900390625 -217.8003692626953 19.049999237060547
v -284.24530029296875 -214.84825134277344 19.049999237060547
v -298.7243347167969 -225.56216430664062 16.01215934753418
v -295.5333557128906 -225.22207641601562 16.01215934753418
v -292.4857177734375 -224.21713256835938 16.01215934753418
v -289.7183532714844 -222.59243774414062 16.01215934753418
v -287.3555603027344 -220.42100524902344 16.01215934753418
v -285.50347900390625 -217.8003692626953 16.01215934753418
v -284.24530029296875 -214.84825134277344 16.01215934753418
v -304.79998779296875 -225.56216430664062 -12.699999809265137
v -304.79998779296875 -225.56216430664062 12.974320411682129
v -301.76214599609375 -225.56216430664062 -12.699999809265137
v -301.76214599609375 -225.56216430664062 12.974320411682129
v -301.6860046386719 -225.56216430664062 13.65030288696289
v -301.4613342285156 -225.56216430664062 14.292388916015625
v -301.0993957519531 -225.56216430664062 14.868382453918457
v -300.6183776855469 -225.56216430664062 15.349398612976074
v -300.0423889160156 -225.56216430664062 15.711318969726562
v -299.4002990722656 -225.56216430664062 15.935995101928711
v -298.7243347167969 -225.56216430664062 16.01215934753418
v -298.7243347167969 -225.56216430664062 19.049999237060547
v -300.0762939453125 -225.56216430664062 18.89767074584961
v -301.3604736328125 -225.56216430664062 18.448318481445312
v -302.512451171875 -225.56216430664062 17.724477767944336
v -303.4744873046875 -225.56216430664062 16.7624454498291
v -304.1983337402344 -225.56216430664062 15.610458374023438
v -304.6476745605469 -225.56216430664062 14.326286315917969
v -304.79998779296875 212.5878448486328 -19.049999237060547
v -304.79998779296875 -219.212158203125 -19.049999237060547
v -304.79998779296875 -220.6251678466797 -18.890792846679688
v -304.79998779296875 -221.96731567382812 -18.421152114868164
v -304.79998779296875 -223.17132568359375 -17.664628982543945
v -304.79998779296875 -224.17678833007812 -16.659160614013672
v -304.79998779296875 -224.93331909179688 -15.455162048339844
v -304.79998779296875 -225.4029541015625 -14.113007545471191
v -304.79998779296875 -225.56216430664062 -12.699999809265137
v -304.79998779296875 -225.56216430664062 12.974320411682129
v -304.79998779296875 212.5878448486328 12.974320411682129
v -304.79998779296875 136.0068359375 3.174999952316284
v -304.79998779296875 136.09910583496094 3.9348273277282715
v -304.79998779296875 136.37051391601562 4.650496006011963
v -304.79998779296875 136.80531311035156 5.280414581298828
v -304.79998779296875 137.37823486328125 5.787973880767822
v -304.79998779296875 138.05596923828125 6.1436767578125
v -304.79998779296875 138.79913330078125 6.326850891113281
v -304.79998779296875 139.56454467773438 6.326850891113281
v -304.79998779296875 140.30770874023438 6.1436767578125
v -304.79998779296875 140.98544311523438 5.787973880767822
v -304.79998779296875 141.55836486816406 5.280414581298828
v -304.79998779296875 141.9931640625 4.650496006011963
v -304.79998779296875 142.26458740234375 3.9348273277282715
v -304.79998779296875 142.35684204101562 3.174999952316284
v -304.79998779296875 142.26458740234375 2.415172815322876
v -304.79998779296875 141.9931640625 1.6995038986206055
v -304.79998779296875 141.55836486816406 1.0695855617523193
v -304.79998779296875 140.98544311523438 0.5620262026786804
v -304.79998779296875 140.30770874023438 0.20632342994213104
v -304.79998779296875 139.56454467773438 0.02314932458102703
v -304.79998779296875 138.79913330078125 0.02314932458102703
v -304.79998779296875 138.05596923828125 0.20632342994213104
v -304.79998779296875 137.37823486328125 0.5620262026786804
v -304.79998779296875 136.80531311035156 1.0695855617523193
v -304.79998779296875 136.37051391601562 1.6995038986206055
v -304.79998779296875 136.09910583496094 2.415172815322876
v -304.79998779296875 -196.98716735839844 -9.524999618530273
v -304.79998779296875 -196.8948974609375 -8.765172958374023
v -304.79998779296875 -196.6234893798828 -8.049504280090332
v -304.79998779296875 -196.1886749267578 -7.419585704803467
v -304.79998779296875 -195.6157684326172 -6.912026405334473
v -304.79998779296875 -194.9380340576172 -6.556323528289795
v -304.79998779296875 -194.1948699951172 -6.373149394989014
v -304.79998779296875 -193.42945861816406 -6.373149394989014
v -304.79998779296875 -192.68629455566406 -6.556323528289795
v -304.79998779296875 -192.00856018066406 -6.912026405334473
v -304.79998779296875 -191.43563842773438 -7.419585704803467
v -304.79998779296875 -191.00083923339844 -8.049504280090332
v -304.79998779296875 -190.7294158935547 -8.765172958374023
v -304.79998779296875 -190.6371612548828 -9.524999618530273
v -304.79998779296875 -190.7294158935547 -10.28482723236084
v -304.79998779296875 -191.00083923339844 -11.000495910644531
v -304.79998779296875 -191.43563842773438 -11.630414009094238
v -304.79998779296875 -192.00856018066406 -12.13797378540039
v -304.79998779296875 -192.68629455566406 -12.49367618560791
v -304.79998779296875 -193.42945861816406 -12.676850318908691
v -304.79998779296875 -194.1948699951172 -12.676850318908691
v -304.79998779296875 -194.9380340576172 -12.49367618560791
v -304.79998779296875 -195.6157684326172 -12.13797378540039
v -304.79998779296875 -196.1886749267578 -11.630414009094238
v -304.79998779296875 -196.6234893798828 -11.000495910644531
v -304.79998779296875 -196.8948974609375 -10.28482723236084
v -304.79998779296875 -57.28715896606445 -9.524999618530273
v -304.79998779296875 -57.19490051269531 -8.765172958374023
v -304.79998779296875 -56.92348098754883 -8.049504280090332
v -304.79998779296875 -56.48868179321289 -7.419585704803467
v -304.79998779296875 -55.91576385498047 -6.912026405334473
v -304.79998779296875 -55.23802947998047 -6.556323528289795
v -304.79998779296875 -54.49486541748047 -6.373149394989014
v -304.79998779296875 -53.72945785522461 -6.373149394989014
v -304.79998779296875 -52.986289978027344 -6.556323528289795
v -304.79998779296875 -52.308555603027344 -6.912026405334473
v -304.79998779296875 -51.73563766479492 -7.419585704803467
v -304.79998779296875 -51.300838470458984 -8.049504280090332
v -304.79998779296875 -51.0294189453125 -8.765172958374023
v -304.79998779296875 -50.93716049194336 -9.524999618530273
v -304.79998779296875 -51.0294189453125 -10.28482723236084
v -304.79998779296875 -51.300838470458984 -11.000495910644531
v -304.79998779296875 -51.73563766479492 -11.630414009094238
v -304.79998779296875 -52.308555603027344 -12.13797378540039
v -304.79998779296875 -52.986289978027344 -12.49367618560791
v -304.79998779296875 -53.72945785522461 -12.676850318908691
v -304.79998779296875 -54.49486541748047 -12.676850318908691
v -304.79998779296875 -55.23802947998047 -12.49367618560791
v -304.79998779296875 -55.91576385498047 -12.13797378540039
v -304.79998779296875 -56.48868179321289 -11.630414009094238
v -304.79998779296875 -56.92348098754883 -11.000495910644531
v -304.79998779296875 -57.19490051269531 -10.28482723236084
v -304.79998779296875 114.162841796875 -9.524999618530273
v -304.79998779296875 114.25509643554688 -8.765172958374023
v -304.79998779296875 114.52651977539062 -8.049504280090332
v -304.79998779296875 114.96131896972656 -7.419585704803467
v -304.79998779296875 115.53423309326172 -6.912026405334473
v -304.79998779296875 116.21196746826172 -6.556323528289795
v -304.79998779296875 116.95513916015625 -6.373149394989014
v -304.79998779296875 117.72054290771484 -6.373149394989014
v -304.79998779296875 118.46370697021484 -6.556323528289795
v -304.79998779296875 119.14144897460938 -6.912026405334473
v -304.79998779296875 119.71436309814453 -7.419585704803467
v -304.79998779296875 120.14916229248047 -8.049504280090332
v -304.79998779296875 120.42057800292969 -8.765172958374023
v -304.79998779296875 120.5128402709961 -9.524999618530273
v -304.79998779296875 120.42057800292969 -10.28482723236084
v -304.79998779296875 120.14916229248047 -11.000495910644531
v -304.79998779296875 119.71436309814453 -11.630414009094238
v -304.79998779296875 119.14144897460938 -12.13797378540039
v -304.79998779296875 118.46370697021484 -12.49367618560791
v -304.79998779296875 117.72054290771484 -12.676850318908691
v -304.79998779296875 116.95513916015625 -12.676850318908691
v -304.79998779296875 116.21196746826172 -12.49367618560791
v -304.79998779296875 115.53423309326172 -12.13797378540039
v -304.79998779296875 114.96131896972656 -11.630414009094238
v -304.79998779296875 114.52651977539062 -11.000495910644531
v -304.79998779296875 114.25509643554688 -10.28482723236084
v -304.79998779296875 -174.63516235351562 3.174999952316284
v -304.79998779296875 -174.54290771484375 3.9348273277282715
v -304.79998779296875 -174.271484375 4.650496006011963
v -304.79998779296875 -173.83668518066406 5.280414581298828
v -304.79998779296875 -173.26376342773438 5.787973880767822
v -304.79998779296875 -172.58602905273438 6.1436767578125
v -304.79998779296875 -171.84286499023438 6.326850891113281
v -304.79998779296875 -171.07745361328125 6.326850891113281
v -304.79998779296875 -170.33428955078125 6.1436767578125
v -304.79998779296875 -169.65655517578125 5.787973880767822
v -304.79998779296875 -169.08363342285156 5.280414581298828
v -304.79998779296875 -168.64883422851562 4.650496006011963
v -304.79998779296875 -168.37742614746094 3.9348273277282715
v -304.79998779296875 -168.28515625 3.174999952316284
v -304.79998779296875 -168.37742614746094 2.415172815322876
v -304.79998779296875 -168.64883422851562 1.6995038986206055
v -304.79998779296875 -169.08363342285156 1.0695855617523193
v -304.79998779296875 -169.65655517578125 0.5620262026786804
v -304.79998779296875 -170.33428955078125 0.20632342994213104
v -304.79998779296875 -171.07745361328125 0.02314932458102703
v -304.79998779296875 -171.84286499023438 0.02314932458102703
v -304.79998779296875 -172.58602905273438 0.20632342994213104
v -304.79998779296875 -173.26376342773438 0.5620262026786804
v -304.79998779296875 -173.83668518066406 1.0695855617523193
v -304.79998779296875 -174.271484375 1.6995038986206055
v -304.79998779296875 -174.54290771484375 2.415172815322876
v -304.79998779296875 -79.38516235351562 3.174999952316284
v -304.79998779296875 -79.29290008544922 3.9348273277282715
v -304.79998779296875 -79.021484375 4.650496006011963
v -304.79998779296875 -78.58668518066406 5.280414581298828
v -304.79998779296875 -78.01376342773438 5.787973880767822
v -304.79998779296875 -77.33602905273438 6.1436767578125
v -304.79998779296875 -76.59286499023438 6.326850891113281
v -304.79998779296875 -75.82745361328125 6.326850891113281
v -304.79998779296875 -75.08428955078125 6.1436767578125
v -304.79998779296875 -74.40655517578125 5.787973880767822
v -304.79998779296875 -73.8336410522461 5.280414581298828
v -304.79998779296875 -73.39883422851562 4.650496006011963
v -304.79998779296875 -73.1274185180664 3.9348273277282715
v -304.79998779296875 -73.03515625 3.174999952316284
v -304.79998779296875 -73.1274185180664 2.415172815322876
v -304.79998779296875 -73.39883422851562 1.6995038986206055
v -304.79998779296875 -73.8336410522461 1.0695855617523193
v -304.79998779296875 -74.40655517578125 0.5620262026786804
v -304.79998779296875 -75.08428955078125 0.20632342994213104
v -304.79998779296875 -75.82745361328125 0.02314932458102703
v -304.79998779296875 -76.59286499023438 0.02314932458102703
v -304.79998779296875 -77.33602905273438 0.20632342994213104
v -304.79998779296875 -78.01376342773438 0.5620262026786804
v -304.79998779296875 -78.58668518066406 1.0695855617523193
v -304.79998779296875 -79.021484375 1.6995038986206055
v -304.79998779296875 -79.29290008544922 2.415172815322876
v -304.79998779296875 187.0608367919922 3.174999952316284
v -304.79998779296875 187.15310668945312 3.9348273277282715
v -304.79998779296875 187.4245147705078 4.650496006011963
v -304.79998779296875 187.85931396484375 5.280414581298828
v -304.79998779296875 188.43223571777344 5.787973880767822
v -304.79998779296875 189.10997009277344 6.1436767578125
v -304.79998779296875 189.85313415527344 6.326850891113281
v -304.79998779296875 190.61854553222656 6.326850891113281
v -304.79998779296875 191.36170959472656 6.1436767578125
v -304.79998779296875 192.03944396972656 5.787973880767822
v -304.79998779296875 192.61236572265625 5.280414581298828
v -304.79998779296875 193.0471649169922 4.650496006011963
v -304.79998779296875 193.31857299804688 3.9348273277282715
v -304.79998779296875 193.4108428955078 3.174999952316284
v -304.79998779296875 193.31857299804688 2.415172815322876
v -304.79998779296875 193.0471649169922 1.6995038986206055
v -304.79998779296875 192.61236572265625 1.0695855617523193
v -304.79998779296875 192.03944396972656 0.5620262026786804
v -304.79998779296875 191.36170959472656 0.20632342994213104
v -304.79998779296875 190.61854553222656 0.02314932458102703
v -304.79998779296875 189.85313415527344 0.02314932458102703
v -304.79998779296875 189.10997009277344 0.20632342994213104
v -304.79998779296875 188.43223571777344 0.5620262026786804
v -304.79998779296875 187.85931396484375 1.0695855617523193
v -304.79998779296875 187.4245147705078 1.6995038986206055
v -304.79998779296875 187.15310668945312 2.415172815322876
v -304.79998779296875 164.9628448486328 -9.524999618530273
v -304.79998779296875 165.0550994873047 -8.765172958374023
v -304.79998779296875 165.32652282714844 -8.049504280090332
v -304.79998779296875 165.76132202148438 -7.419585704803467
v -304.79998779296875 166.334228515625 -6.912026405334473
v -304.79998779296875 167.011962890625 -6.556323528289795
v -304.79998779296875 167.75514221191406 -6.373149394989014
v -304.79998779296875 168.52053833007812 -6.373149394989014
v -304.79998779296875 169.2637176513672 -6.556323528289795
v -304.79998779296875 169.9414520263672 -6.912026405334473
v -304.79998779296875 170.5143585205078 -7.419585704803467
v -304.79998779296875 170.94915771484375 -8.049504280090332
v -304.79998779296875 171.2205810546875 -8.765172958374023
v -304.79998779296875 171.31283569335938 -9.524999618530273
v -304.79998779296875 171.2205810546875 -10.28482723236084
v -304.79998779296875 170.94915771484375 -11.000495910644531
v -304.79998779296875 170.5143585205078 -11.630414009094238
v -304.79998779296875 169.9414520263672 -12.13797378540039
v -304.79998779296875 169.2637176513672 -12.49367618560791
v -304.79998779296875 168.52053833007812 -12.676850318908691
v -304.79998779296875 167.75514221191406 -12.676850318908691
v -304.79998779296875 167.011962890625 -12.49367618560791
v -304.79998779296875 166.334228515625 -12.13797378540039
v -304.79998779296875 165.76132202148438 -11.630414009094238
v -304.79998779296875 165.32652282714844 -11.000495910644531
v -304.79998779296875 165.0550994873047 -10.28482723236084
v -304.79998779296875 212.5878448486328 -19.049999237060547
v -304.79998779296875 212.5878448486328 12.974320411682129
v -304.6462707519531 212.5878448486328 14.332420349121094
v -304.1928405761719 212.5878448486328 15.621792793273926
v -303.4626770019531 212.5878448486328 16.77718734741211
v -302.49273681640625 212.5878448486328 17.740131378173828
v -301.3320617675781 212.5878448486328 18.461896896362305
v -300.0394592285156 212.5878448486328 18.90595817565918
v -300.0394592285156 212.5878448486328 15.71273422241211
v -300.6163330078125 212.5878448486328 15.351025581359863
v -301.0981750488281 212.5878448486328 14.869913101196289
v -301.46075439453125 212.5878448486328 14.29356575012207
v -301.68585205078125 212.5878448486328 13.650938987731934
v -301.76214599609375 212.5878448486328 12.974320411682129
v -301.76214599609375 212.5878448486328 -19.049999237060547
v -286.679931640625 224.63221740722656 19.049999237060547
v -297.79437255859375 213.5177764892578 19.049999237060547
v -286.679931640625 224.63221740722656 16.01215934753418
v -297.79437255859375 213.5177764892578 16.01215934753418
v -285.75 226.87728881835938 15.71273422241211
v -285.75 226.87728881835938 18.90595817565918
v -285.75 228.16990661621094 18.461896896362305
v -285.75 229.33056640625 17.740131378173828
v -285.75 230.30052185058594 16.77718734741211
v -285.75 231.0306854248047 15.621792793273926
v -285.75 231.48410034179688 14.332420349121094
v -285.75 231.63783264160156 12.974320411682129
v -285.75 231.63783264160156 -19.049999237060547
v -285.75 228.60000610351562 -19.049999237060547
v -285.75 228.60000610351562 12.974320411682129
v -285.75 228.52369689941406 13.650938987731934
v -285.75 228.29859924316406 14.29356575012207
v -285.75 227.93601989746094 14.869913101196289
v -285.75 227.4541778564453 15.351025581359863
v 304.79998779296875 231.63783264160156 -12.699999809265137
v 304.79998779296875 231.63783264160156 12.974320411682129
v 304.6407775878906 231.63783264160156 -14.113007545471191
v 304.171142578125 231.63783264160156 -15.455162048339844
v 303.4146423339844 231.63783264160156 -16.659160614013672
v 302.4091491699219 231.63783264160156 -17.664628982543945
v 301.2051696777344 231.63783264160156 -18.421152114868164
v 299.8630065917969 231.63783264160156 -18.890792846679688
v 298.45001220703125 231.63783264160156 -19.049999237060547
v -285.75 231.63783264160156 -19.049999237060547
v -285.75 231.63783264160156 12.974320411682129
v 273.04998779296875 231.63783264160156 6.349999904632568
v 273.809814453125 231.63783264160156 6.257740497589111
v 274.5254821777344 231.63783264160156 5.98632287979126
v 275.1554260253906 231.63783264160156 5.5515217781066895
v 275.6629638671875 231.63783264160156 4.9786057472229
v 276.0186767578125 231.63783264160156 4.300870418548584
v 276.20184326171875 231.63783264160156 3.557703971862793
v 276.20184326171875 231.63783264160156 2.7922959327697754
v 276.0186767578125 231.63783264160156 2.0491294860839844
v 275.6629638671875 231.63783264160156 1.371394395828247
v 275.1554260253906 231.63783264160156 0.798478364944458
v 274.5254821777344 231.63783264160156 0.36367711424827576
v 273.809814453125 231.63783264160156 0.0922597274184227
v 273.04998779296875 231.63783264160156 2.7321894746634712e-14
v 272.2901611328125 231.63783264160156 0.0922597274184227
v 271.5744934082031 231.63783264160156 0.36367711424827576
v 270.944580078125 231.63783264160156 0.798478364944458
v 270.43701171875 231.63783264160156 1.371394395828247
v 270.0813293457031 231.63783264160156 2.0491294860839844
v 269.8981628417969 231.63783264160156 2.7922959327697754
v 269.8981628417969 231.63783264160156 3.557703971862793
v 270.0813293457031 231.63783264160156 4.300870418548584
v 270.43701171875 231.63783264160156 4.9786057472229
v 270.944580078125 231.63783264160156 5.5515217781066895
v 271.5744934082031 231.63783264160156 5.98632287979126
v 272.2901611328125 231.63783264160156 6.257740497589111
v -19.049999237060547 231.63783264160156 6.349999904632568
v -18.290172576904297 231.63783264160156 6.257740497589111
v -17.574504852294922 231.63783264160156 5.98632287979126
v -16.9445858001709 231.63783264160156 5.5515217781066895
v -16.437026977539062 231.63783264160156 4.9786057472229
v -16.081323623657227 231.63783264160156 4.300870418548584
v -15.898149490356445 231.63783264160156 3.557703971862793
v -15.898149490356445 231.63783264160156 2.7922959327697754
v -16.081323623657227 231.63783264160156 2.0491294860839844
v -16.437026977539062 231.63783264160156 1.371394395828247
v -16.9445858001709 231.63783264160156 0.798478364944458
v -17.574504852294922 231.63783264160156 0.36367711424827576
v -18.290172576904297 231.63783264160156 0.0922597274184227
v -19.049999237060547 231.63783264160156 -4.3368086899420177e-16
v -19.80982780456543 231.63783264160156 0.0922597274184227
v -20.525495529174805 231.63783264160156 0.36367711424827576
v -21.155414581298828 231.63783264160156 0.798478364944458
v -21.662973403930664 231.63783264160156 1.371394395828247
v -22.0186767578125 231.63783264160156 2.0491294860839844
v -22.20185089111328 231.63783264160156 2.7922959327697754
v -22.20185089111328 231.63783264160156 3.557703971862793
v -22.0186767578125 231.63783264160156 4.300870418548584
v -21.662973403930664 231.63783264160156 4.9786057472229
v -21.155414581298828 231.63783264160156 5.5515217781066895
v -20.525495529174805 231.63783264160156 5.98632287979126
v -19.80982780456543 231.63783264160156 6.257740497589111
v 250.697998046875 231.63783264160156 -6.349999904632568
v 251.45782470703125 231.63783264160156 -6.442259788513184
v 252.17349243164062 231.63783264160156 -6.713676929473877
v 252.8034210205078 231.63783264160156 -7.1484785079956055
v 253.31097412109375 231.63783264160156 -7.7213945388793945
v 253.6666717529297 231.63783264160156 -8.399129867553711
v 253.849853515625 231.63783264160156 -9.142295837402344
v 253.849853515625 231.63783264160156 -9.90770435333252
v 253.6666717529297 231.63783264160156 -10.650870323181152
v 253.31097412109375 231.63783264160156 -11.328605651855469
v 252.8034210205078 231.63783264160156 -11.901521682739258
v 252.17349243164062 231.63783264160156 -12.336322784423828
v 251.45782470703125 231.63783264160156 -12.60774040222168
v 250.697998046875 231.63783264160156 -12.699999809265137
v 249.93817138671875 231.63783264160156 -12.60774040222168
v 249.22250366210938 231.63783264160156 -12.336322784423828
v 248.59259033203125 231.63783264160156 -11.901521682739258
v 248.08502197265625 231.63783264160156 -11.328605651855469
v 247.7293243408203 231.63783264160156 -10.650870323181152
v 247.546142578125 231.63783264160156 -9.90770435333252
v 247.546142578125 231.63783264160156 -9.142295837402344
v 247.7293243408203 231.63783264160156 -8.399129867553711
v 248.08502197265625 231.63783264160156 -7.7213945388793945
v 248.59259033203125 231.63783264160156 -7.1484785079956055
v 249.22250366210938 231.63783264160156 -6.713676929473877
v 249.93817138671875 231.63783264160156 -6.442259788513184
v 155.70199584960938 231.63783264160156 -6.349999904632568
v 156.46182250976562 231.63783264160156 -6.442259788513184
v 157.177490234375 231.63783264160156 -6.713676929473877
v 157.8074188232422 231.63783264160156 -7.1484785079956055
v 158.31497192382812 231.63783264160156 -7.7213945388793945
v 158.67066955566406 231.63783264160156 -8.399129867553711
v 158.85385131835938 231.63783264160156 -9.142295837402344
v 158.85385131835938 231.63783264160156 -9.90770435333252
v 158.67066955566406 231.63783264160156 -10.650870323181152
v 158.31497192382812 231.63783264160156 -11.328605651855469
v 157.8074188232422 231.63783264160156 -11.901521682739258
v 157.177490234375 231.63783264160156 -12.336322784423828
v 156.46182250976562 231.63783264160156 -12.60774040222168
v 155.70199584960938 231.63783264160156 -12.699999809265137
v 154.94216918945312 231.63783264160156 -12.60774040222168
v 154.22650146484375 231.63783264160156 -12.336322784423828
v 153.59658813476562 231.63783264160156 -11.901521682739258
v 153.08901977539062 231.63783264160156 -11.328605651855469
v 152.7333221435547 231.63783264160156 -10.650870323181152
v 152.55015563964844 231.63783264160156 -9.90770435333252
v 152.55015563964844 231.63783264160156 -9.142295837402344
v 152.7333221435547 231.63783264160156 -8.399129867553711
v 153.08901977539062 231.63783264160156 -7.7213945388793945
v 153.59658813476562 231.63783264160156 -7.1484785079956055
v 154.22650146484375 231.63783264160156 -6.713676929473877
v 154.94216918945312 231.63783264160156 -6.442259788513184
v 133.35000610351562 231.63783264160156 6.349999904632568
v 134.10983276367188 231.63783264160156 6.257740497589111
v 134.82550048828125 231.63783264160156 5.98632287979126
v 135.45541381835938 231.63783264160156 5.5515217781066895
v 135.9629669189453 231.63783264160156 4.9786057472229
v 136.3186798095703 231.63783264160156 4.300870418548584
v 136.50184631347656 231.63783264160156 3.557703971862793
v 136.50184631347656 231.63783264160156 2.7922959327697754
v 136.3186798095703 231.63783264160156 2.0491294860839844
v 135.9629669189453 231.63783264160156 1.371394395828247
v 135.45541381835938 231.63783264160156 0.798478364944458
v 134.82550048828125 231.63783264160156 0.36367711424827576
v 134.10983276367188 231.63783264160156 0.0922597274184227
v 133.35000610351562 231.63783264160156 -1.734723475976807e-15
v 132.59017944335938 231.63783264160156 0.0922597274184227
v 131.87449645996094 231.63783264160156 0.36367711424827576
v 131.2445831298828 231.63783264160156 0.798478364944458
v 130.73703002929688 231.63783264160156 1.371394395828247
v 130.38131713867188 231.63783264160156 2.0491294860839844
v 130.19815063476562 231.63783264160156 2.7922959327697754
v 130.19815063476562 231.63783264160156 3.557703971862793
v 130.38131713867188 231.63783264160156 4.300870418548584
v 130.73703002929688 231.63783264160156 4.9786057472229
v 131.2445831298828 231.63783264160156 5.5515217781066895
v 131.87449645996094 231.63783264160156 5.98632287979126
v 132.59017944335938 231.63783264160156 6.257740497589111
v -263.6520080566406 231.63783264160156 -6.349999904632568
v -262.8921813964844 231.63783264160156 -6.442259788513184
v -262.176513671875 231.63783264160156 -6.713676929473877
v -261.5466003417969 231.63783264160156 -7.1484785079956055
v -261.0390319824219 231.63783264160156 -7.7213945388793945
v -260.6833190917969 231.63783264160156 -8.399129867553711
v -260.5001525878906 231.63783264160156 -9.142295837402344
v -260.5001525878906 231.63783264160156 -9.90770435333252
v -260.6833190917969 231.63783264160156 -10.650870323181152
v -261.0390319824219 231.63783264160156 -11.328605651855469
v -261.5466003417969 231.63783264160156 -11.901521682739258
v -262.176513671875 231.63783264160156 -12.336322784423828
v -262.8921813964844 231.63783264160156 -12.60774040222168
v -263.6520080566406 231.63783264160156 -12.699999809265137
v -264.4118347167969 231.63783264160156 -12.60774040222168
v -265.12750244140625 231.63783264160156 -12.336322784423828
v -265.7574157714844 231.63783264160156 -11.901521682739258
v -266.2649841308594 231.63783264160156 -11.328605651855469
v -266.62066650390625 231.63783264160156 -10.650870323181152
v -266.8038635253906 231.63783264160156 -9.90770435333252
v -266.8038635253906 231.63783264160156 -9.142295837402344
v -266.62066650390625 231.63783264160156 -8.399129867553711
v -266.2649841308594 231.63783264160156 -7.7213945388793945
v -265.7574157714844 231.63783264160156 -7.1484785079956055
v -265.12750244140625 231.63783264160156 -6.713676929473877
v -264.4118347167969 231.63783264160156 -6.442259788513184
v -241.80799865722656 231.63783264160156 6.349999904632568
v -241.0481719970703 231.63783264160156 6.257740497589111
v -240.33250427246094 231.63783264160156 5.98632287979126
v -239.7025909423828 231.63783264160156 5.5515217781066895
v -239.1950225830078 231.63783264160156 4.9786057472229
v -238.83932495117188 231.63783264160156 4.300870418548584
v -238.65614318847656 231.63783264160156 3.557703971862793
v -238.65614318847656 231.63783264160156 2.7922959327697754
v -238.83932495117188 231.63783264160156 2.0491294860839844
v -239.1950225830078 231.63783264160156 1.371394395828247
v -239.7025909423828 231.63783264160156 0.798478364944458
v -240.33250427246094 231.63783264160156 0.36367711424827576
v -241.0481719970703 231.63783264160156 0.0922597274184227
v -241.80799865722656 231.63783264160156 2.7321894746634712e-14
v -242.5678253173828 231.63783264160156 0.0922597274184227
v -243.2834930419922 231.63783264160156 0.36367711424827576
v -243.91342163085938 231.63783264160156 0.798478364944458
v -244.4209747314453 231.63783264160156 1.371394395828247
v -244.77667236328125 231.63783264160156 2.0491294860839844
v -244.95985412597656 231.63783264160156 2.7922959327697754
v -244.95985412597656 231.63783264160156 3.557703971862793
v -244.77667236328125 231.63783264160156 4.300870418548584
v -244.4209747314453 231.63783264160156 4.9786057472229
v -243.91342163085938 231.63783264160156 5.5515217781066895
v -243.2834930419922 231.63783264160156 5.98632287979126
v -242.5678253173828 231.63783264160156 6.257740497589111
v -212.8520050048828 231.63783264160156 -6.349999904632568
v -212.09217834472656 231.63783264160156 -6.442259788513184
v -211.3765106201172 231.63783264160156 -6.713676929473877
v -210.74658203125 231.63783264160156 -7.1484785079956055
v -210.23902893066406 231.63783264160156 -7.7213945388793945
v -209.88331604003906 231.63783264160156 -8.399129867553711
v -209.7001495361328 231.63783264160156 -9.142295837402344
v -209.7001495361328 231.63783264160156 -9.90770435333252
v -209.88331604003906 231.63783264160156 -10.650870323181152
v -210.23902893066406 231.63783264160156 -11.328605651855469
v -210.74658203125 231.63783264160156 -11.901521682739258
v -211.3765106201172 231.63783264160156 -12.336322784423828
v -212.09217834472656 231.63783264160156 -12.60774040222168
v -212.8520050048828 231.63783264160156 -12.699999809265137
v -213.61183166503906 231.63783264160156 -12.60774040222168
v -214.32749938964844 231.63783264160156 -12.336322784423828
v -214.95741271972656 231.63783264160156 -11.901521682739258
v -215.46498107910156 231.63783264160156 -11.328605651855469
v -215.8206787109375 231.63783264160156 -10.650870323181152
v -216.00384521484375 231.63783264160156 -9.90770435333252
v -216.00384521484375 231.63783264160156 -9.142295837402344
v -215.8206787109375 231.63783264160156 -8.399129867553711
v -215.46498107910156 231.63783264160156 -7.7213945388793945
v -214.95741271972656 231.63783264160156 -7.1484785079956055
v -214.32749938964844 231.63783264160156 -6.713676929473877
v -213.61183166503906 231.63783264160156 -6.442259788513184
v -191.00799560546875 231.63783264160156 6.349999904632568
v -190.2481689453125 231.63783264160156 6.257740497589111
v -189.53250122070312 231.63783264160156 5.98632287979126
v -188.902587890625 231.63783264160156 5.5515217781066895
v -188.39501953125 231.63783264160156 4.9786057472229
v -188.03932189941406 231.63783264160156 4.300870418548584
v -187.8561553955078 231.63783264160156 3.557703971862793
v -187.8561553955078 231.63783264160156 2.7922959327697754
v -188.03932189941406 231.63783264160156 2.0491294860839844
v -188.39501953125 231.63783264160156 1.371394395828247
v -188.902587890625 231.63783264160156 0.798478364944458
v -189.53250122070312 231.63783264160156 0.36367711424827576
v -190.2481689453125 231.63783264160156 0.0922597274184227
v -191.00799560546875 231.63783264160156 -1.734723475976807e-15
v -191.767822265625 231.63783264160156 0.0922597274184227
v -192.48348999023438 231.63783264160156 0.36367711424827576
v -193.11341857910156 231.63783264160156 0.798478364944458
v -193.6209716796875 231.63783264160156 1.371394395828247
v -193.97666931152344 231.63783264160156 2.0491294860839844
v -194.15985107421875 231.63783264160156 2.7922959327697754
v -194.15985107421875 231.63783264160156 3.557703971862793
v -193.97666931152344 231.63783264160156 4.300870418548584
v -193.6209716796875 231.63783264160156 4.9786057472229
v -193.11341857910156 231.63783264160156 5.5515217781066895
v -192.48348999023438 231.63783264160156 5.98632287979126
v -191.767822265625 231.63783264160156 6.257740497589111
v -44.45000076293945 231.63783264160156 -6.349999904632568
v -43.6901741027832 231.63783264160156 -6.442259788513184
v -42.97450256347656 231.63783264160156 -6.713676929473877
v -42.34458541870117 231.63783264160156 -7.1484785079956055
v -41.8370246887207 231.63783264160156 -7.7213945388793945
v -41.4813232421875 231.63783264160156 -8.399129867553711
v -41.29814910888672 231.63783264160156 -9.142295837402344
v -41.29814910888672 231.63783264160156 -9.90770435333252
v -41.4813232421875 231.63783264160156 -10.650870323181152
v -41.8370246887207 231.63783264160156 -11.328605651855469
v -42.34458541870117 231.63783264160156 -11.901521682739258
v -42.97450256347656 231.63783264160156 -12.336322784423828
v -43.6901741027832 231.63783264160156 -12.60774040222168
v -44.45000076293945 231.63783264160156 -12.699999809265137
v -45.2098274230957 231.63783264160156 -12.60774040222168
v -45.92549514770508 231.63783264160156 -12.336322784423828
v -46.555416107177734 231.63783264160156 -11.901521682739258
v -47.06297302246094 231.63783264160156 -11.328605651855469
v -47.418678283691406 231.63783264160156 -10.650870323181152
v -47.60185241699219 231.63783264160156 -9.90770435333252
v -47.60185241699219 231.63783264160156 -9.142295837402344
v -47.418678283691406 231.63783264160156 -8.399129867553711
v -47.06297302246094 231.63783264160156 -7.7213945388793945
v -46.555416107177734 231.63783264160156 -7.1484785079956055
v -45.92549514770508 231.63783264160156 -6.713676929473877
v -45.2098274230957 231.63783264160156 -6.442259788513184
v 304.79998779296875 228.60000610351562 -12.699999809265137
v 304.79998779296875 228.60000610351562 12.974320411682129
v 304.79998779296875 231.63783264160156 -12.699999809265137
v 304.79998779296875 231.63783264160156 12.974320411682129
v 304.79998779296875 231.48550415039062 14.326286315917969
v 304.79998779296875 231.03616333007812 15.610458374023438
v 304.79998779296875 230.31231689453125 16.7624454498291
v 304.79998779296875 229.35028076171875 17.724477767944336
v 304.79998779296875 228.19830322265625 18.448318481445312
v 304.79998779296875 226.91412353515625 18.89767074584961
v 304.79998779296875 225.56216430664062 19.049999237060547
v 304.79998779296875 225.56216430664062 16.01215934753418
v 304.79998779296875 226.23814392089844 15.935995101928711
v 304.79998779296875 226.88023376464844 15.711318969726562
v 304.79998779296875 227.4562225341797 15.349398612976074
v 304.79998779296875 227.93724060058594 14.868382453918457
v 304.79998779296875 228.29916381835938 14.292388916015625
v 304.79998779296875 228.52383422851562 13.65030288696289
v -297.79437255859375 213.5177764892578 19.049999237060547
v -298.077880859375 213.26625061035156 19.049999237060547
v -298.38934326171875 213.05030822753906 19.049999237060547
v -298.7243347167969 212.87301635742188 19.049999237060547
v -298.7243347167969 -225.56216430664062 19.049999237060547
v -295.5333557128906 -225.22207641601562 19.049999237060547
v -292.4857177734375 -224.21713256835938 19.049999237060547
v -289.7183532714844 -222.59243774414062 19.049999237060547
v -287.3555603027344 -220.42100524902344 19.049999237060547
v -285.50347900390625 -217.8003692626953 19.049999237060547
v -284.24530029296875 -214.84825134277344 19.049999237060547
v -193.8620147705078 80.78215789794922 19.049999237060547
v -189.7455291748047 91.94789123535156 19.049999237060547
v -184.39614868164062 102.57818603515625 19.049999237060547
v -177.88211059570312 112.53741455078125 19.049999237060547
v -170.28651428222656 121.69853973388672 19.049999237060547
v -161.70628356933594 129.94467163085938 19.049999237060547
v -152.25088500976562 137.1706085205078 19.049999237060547
v -142.04090881347656 143.2841796875 19.049999237060547
v -131.20664978027344 148.20736694335938 19.049999237060547
v -119.88631439208984 151.87738037109375 19.049999237060547
v -108.22431945800781 154.2473907470703 19.049999237060547
v 293.4891662597656 212.49307250976562 19.049999237060547
v 296.5144958496094 213.30723571777344 19.049999237060547
v 299.26287841796875 214.8111572265625 19.049999237060547
v 301.5796203613281 216.920166015625 19.049999237060547
v 303.3343811035156 219.51559448242188 19.049999237060547
v 304.4283752441406 222.45132446289062 19.049999237060547
v 304.79998779296875 225.56216430664062 19.049999237060547
v -286.0351867675781 225.56216430664062 19.049999237060547
v -286.21246337890625 225.22718811035156 19.049999237060547
v -286.42840576171875 224.9157257080078 19.049999237060547
v -286.679931640625 224.63221740722656 19.049999237060547
v -285.75 228.60000610351562 -19.049999237060547
v -285.75 228.60000610351562 12.974320411682129
v 304.79998779296875 228.60000610351562 12.974320411682129
v 304.79998779296875 228.60000610351562 -12.699999809265137
v 298.45001220703125 228.60000610351562 -19.049999237060547
v 299.8630065917969 228.60000610351562 -18.890792846679688
v 301.2051696777344 228.60000610351562 -18.421152114868164
v 302.4091491699219 228.60000610351562 -17.664628982543945
v 303.4146423339844 228.60000610351562 -16.659160614013672
v 304.171142578125 228.60000610351562 -15.455162048339844
v 304.6407775878906 228.60000610351562 -14.113007545471191
v 273.04998779296875 228.60000610351562 2.7321894746634712e-14
v 273.809814453125 228.60000610351562 0.0922597274184227
v 274.5254821777344 228.60000610351562 0.36367711424827576
v 275.1554260253906 228.60000610351562 0.798478364944458
v 275.6629638671875 228.60000610351562 1.371394395828247
v 276.0186767578125 228.60000610351562 2.0491294860839844
v 276.20184326171875 228.60000610351562 2.7922959327697754
v 276.20184326171875 228.60000610351562 3.557703971862793
v 276.0186767578125 228.60000610351562 4.300870418548584
v 275.6629638671875 228.60000610351562 4.9786057472229
v 275.1554260253906 228.60000610351562 5.5515217781066895
v 274.5254821777344 228.60000610351562 5.98632287979126
v 273.809814453125 228.60000610351562 6.257740497589111
v 273.04998779296875 228.60000610351562 6.349999904632568
v 272.2901611328125 228.60000610351562 6.257740497589111
v 271.5744934082031 228.60000610351562 5.98632287979126
v 270.944580078125 228.60000610351562 5.5515217781066895
v 270.43701171875 228.60000610351562 4.9786057472229
v 270.0813293457031 228.60000610351562 4.300870418548584
v 269.8981628417969 228.60000610351562 3.557703971862793
v 269.8981628417969 228.60000610351562 2.7922959327697754
v 270.0813293457031 228.60000610351562 2.0491294860839844
v 270.43701171875 228.60000610351562 1.371394395828247
v 270.944580078125 228.60000610351562 0.798478364944458
v 271.5744934082031 228.60000610351562 0.36367711424827576
v 272.2901611328125 228.60000610351562 0.0922597274184227
v -19.049999237060547 228.60000610351562 -4.3368086899420177e-16
v -18.290172576904297 228.60000610351562 0.0922597274184227
v -17.574504852294922 228.60000610351562 0.36367711424827576
v -16.9445858001709 228.60000610351562 0.798478364944458
v -16.437026977539062 228.60000610351562 1.371394395828247
v -16.081323623657227 228.60000610351562 2.0491294860839844
v -15.898149490356445 228.60000610351562 2.7922959327697754
v -15.898149490356445 228.60000610351562 3.557703971862793
v -16.081323623657227 228.60000610351562 4.300870418548584
v -16.437026977539062 228.60000610351562 4.9786057472229
v -16.9445858001709 228.60000610351562 5.5515217781066895
v -17.574504852294922 228.60000610351562 5.98632287979126
v -18.290172576904297 228.60000610351562 6.257740497589111
v -19.049999237060547 228.60000610351562 6.349999904632568
v -19.80982780456543 228.60000610351562 6.257740497589111
v -20.525495529174805 228.60000610351562 5.98632287979126
v -21.155414581298828 228.60000610351562 5.5515217781066895
v -21.662973403930664 228.60000610351562 4.9786057472229
v -22.0186767578125 228.60000610351562 4.300870418548584
v -22.20185089111328 228.60000610351562 3.557703971862793
v -22.20185089111328 228.60000610351562 2.7922959327697754
v -22.0186767578125 228.60000610351562 2.0491294860839844
v -21.662973403930664 228.60000610351562 1.371394395828247
v -21.155414581298828 228.60000610351562 0.798478364944458
v -20.525495529174805 228.60000610351562 0.36367711424827576
v -19.80982780456543 228.60000610351562 0.0922597274184227
v 250.697998046875 228.60000610351562 -12.699999809265137
v 251.45782470703125 228.60000610351562 -12.60774040222168
v 252.17349243164062 228.60000610351562 -12.336322784423828
v 252.8034210205078 228.60000610351562 -11.901521682739258
v 253.31097412109375 228.60000610351562 -11.328605651855469
v 253.6666717529297 228.60000610351562 -10.650870323181152
v 253.849853515625 228.60000610351562 -9.90770435333252
v 253.849853515625 228.60000610351562 -9.142295837402344
v 253.6666717529297 228.60000610351562 -8.399129867553711
v 253.31097412109375 228.60000610351562 -7.7213945388793945
v 252.8034210205078 228.60000610351562 -7.1484785079956055
v 252.17349243164062 228.60000610351562 -6.713676929473877
v 251.45782470703125 228.60000610351562 -6.442259788513184
v 250.697998046875 228.60000610351562 -6.349999904632568
v 249.93817138671875 228.60000610351562 -6.442259788513184
v 249.22250366210938 228.60000610351562 -6.713676929473877
v 248.59259033203125 228.60000610351562 -7.1484785079956055
v 248.08502197265625 228.60000610351562 -7.7213945388793945
v 247.7293243408203 228.60000610351562 -8.399129867553711
v 247.546142578125 228.60000610351562 -9.142295837402344
v 247.546142578125 228.60000610351562 -9.90770435333252
v 247.7293243408203 228.60000610351562 -10.650870323181152
v 248.08502197265625 228.60000610351562 -11.328605651855469
v 248.59259033203125 228.60000610351562 -11.901521682739258
v 249.22250366210938 228.60000610351562 -12.336322784423828
v 249.93817138671875 228.60000610351562 -12.60774040222168
v 155.70199584960938 228.60000610351562 -12.699999809265137
v 156.46182250976562 228.60000610351562 -12.60774040222168
v 157.177490234375 228.60000610351562 -12.336322784423828
v 157.8074188232422 228.60000610351562 -11.901521682739258
v 158.31497192382812 228.60000610351562 -11.328605651855469
v 158.67066955566406 228.60000610351562 -10.650870323181152
v 158.85385131835938 228.60000610351562 -9.90770435333252
v 158.85385131835938 228.60000610351562 -9.142295837402344
v 158.67066955566406 228.60000610351562 -8.399129867553711
v 158.31497192382812 228.60000610351562 -7.7213945388793945
v 157.8074188232422 228.60000610351562 -7.1484785079956055
v 157.177490234375 228.60000610351562 -6.713676929473877
v 156.46182250976562 228.60000610351562 -6.442259788513184
v 155.70199584960938 228.60000610351562 -6.349999904632568
v 154.94216918945312 228.60000610351562 -6.442259788513184
v 154.22650146484375 228.60000610351562 -6.713676929473877
v 153.59658813476562 228.60000610351562 -7.1484785079956055
v 153.08901977539062 228.60000610351562 -7.7213945388793945
v 152.7333221435547 228.60000610351562 -8.399129867553711
v 152.55015563964844 228.60000610351562 -9.142295837402344
v 152.55015563964844 228.60000610351562 -9.90770435333252
v 152.7333221435547 228.60000610351562 -10.650870323181152
v 153.08901977539062 228.60000610351562 -11.328605651855469
v 153.59658813476562 228.60000610351562 -11.901521682739258
v 154.22650146484375 228.60000610351562 -12.336322784423828
v 154.94216918945312 228.60000610351562 -12.60774040222168
v 133.35000610351562 228.60000610351562 -1.734723475976807e-15
v 134.10983276367188 228.60000610351562 0.0922597274184227
v 134.82550048828125 228.60000610351562 0.36367711424827576
v 135.45541381835938 228.60000610351562 0.798478364944458
v 135.9629669189453 228.60000610351562 1.371394395828247
v 136.3186798095703 228.60000610351562 2.0491294860839844
v 136.50184631347656 228.60000610351562 2.7922959327697754
v 136.50184631347656 228.60000610351562 3.557703971862793
v 136.3186798095703 228.60000610351562 4.300870418548584
v 135.9629669189453 228.60000610351562 4.9786057472229
v 135.45541381835938 228.60000610351562 5.5515217781066895
v 134.82550048828125 228.60000610351562 5.98632287979126
v 134.10983276367188 228.60000610351562 6.257740497589111
v 133.35000610351562 228.60000610351562 6.349999904632568
v 132.59017944335938 228.60000610351562 6.257740497589111
v 131.87449645996094 228.60000610351562 5.98632287979126
v 131.2445831298828 228.60000610351562 5.5515217781066895
v 130.73703002929688 228.60000610351562 4.9786057472229
v 130.38131713867188 228.60000610351562 4.300870418548584
v 130.19815063476562 228.60000610351562 3.557703971862793
v 130.19815063476562 228.60000610351562 2.7922959327697754
v 130.38131713867188 228.60000610351562 2.0491294860839844
v 130.73703002929688 228.60000610351562 1.371394395828247
v 131.2445831298828 228.60000610351562 0.798478364944458
v 131.87449645996094 228.60000610351562 0.36367711424827576
v 132.59017944335938 228.60000610351562 0.0922597274184227
v -263.6520080566406 228.60000610351562 -12.699999809265137
v -262.8921813964844 228.60000610351562 -12.60774040222168
v -262.176513671875 228.60000610351562 -12.336322784423828
v -261.5466003417969 228.60000610351562 -11.901521682739258
v -261.0390319824219 228.60000610351562 -11.328605651855469
v -260.6833190917969 228.60000610351562 -10.650870323181152
v -260.5001525878906 228.60000610351562 -9.90770435333252
v -260.5001525878906 228.60000610351562 -9.142295837402344
v -260.6833190917969 228.60000610351562 -8.399129867553711
v -261.0390319824219 228.60000610351562 -7.7213945388793945
v -261.5466003417969 228.60000610351562 -7.1484785079956055
v -262.176513671875 228.60000610351562 -6.713676929473877
v -262.8921813964844 228.60000610351562 -6.442259788513184
v -263.6520080566406 228.60000610351562 -6.349999904632568
v -264.4118347167969 228.60000610351562 -6.442259788513184
v -265.12750244140625 228.60000610351562 -6.713676929473877
v -265.7574157714844 228.60000610351562 -7.1484785079956055
v -266.2649841308594 228.60000610351562 -7.7213945388793945
v -266.62066650390625 228.60000610351562 -8.399129867553711
v -266.8038635253906 228.60000610351562 -9.142295837402344
v -266.8038635253906 228.60000610351562 -9.90770435333252
v -266.62066650390625 228.60000610351562 -10.650870323181152
v -266.2649841308594 228.60000610351562 -11.328605651855469
v -265.7574157714844 228.60000610351562 -11.901521682739258
v -265.12750244140625 228.60000610351562 -12.336322784423828
v -264.4118347167969 228.60000610351562 -12.60774040222168
v -241.80799865722656 228.60000610351562 2.7321894746634712e-14
v -241.0481719970703 228.60000610351562 0.0922597274184227
v -240.33250427246094 228.60000610351562 0.36367711424827576
v -239.7025909423828 228.60000610351562 0.798478364944458
v -239.1950225830078 228.60000610351562 1.371394395828247
v -238.83932495117188 228.60000610351562 2.0491294860839844
v -238.65614318847656 228.60000610351562 2.7922959327697754
v -238.65614318847656 228.60000610351562 3.557703971862793
v -238.83932495117188 228.60000610351562 4.300870418548584
v -239.1950225830078 228.60000610351562 4.9786057472229
v -239.7025909423828 228.60000610351562 5.5515217781066895
v -240.33250427246094 228.60000610351562 5.98632287979126
v -241.0481719970703 228.60000610351562 6.257740497589111
v -241.80799865722656 228.60000610351562 6.349999904632568
v -242.5678253173828 228.60000610351562 6.257740497589111
v -243.2834930419922 228.60000610351562 5.98632287979126
v -243.91342163085938 228.60000610351562 5.5515217781066895
v -244.4209747314453 228.60000610351562 4.9786057472229
v -244.77667236328125 228.60000610351562 4.300870418548584
v -244.95985412597656 228.60000610351562 3.557703971862793
v -244.95985412597656 228.60000610351562 2.7922959327697754
v -244.77667236328125 228.60000610351562 2.0491294860839844
v -244.4209747314453 228.60000610351562 1.371394395828247
v -243.91342163085938 228.60000610351562 0.798478364944458
v -243.2834930419922 228.60000610351562 0.36367711424827576
v -242.5678253173828 228.60000610351562 0.0922597274184227
v -212.8520050048828 228.60000610351562 -12.699999809265137
v -212.09217834472656 228.60000610351562 -12.60774040222168
v -211.3765106201172 228.60000610351562 -12.336322784423828
v -210.74658203125 228.60000610351562 -11.901521682739258
v -210.23902893066406 228.60000610351562 -11.328605651855469
v -209.88331604003906 228.60000610351562 -10.650870323181152
v -209.7001495361328 228.60000610351562 -9.90770435333252
v -209.7001495361328 228.60000610351562 -9.142295837402344
v -209.88331604003906 228.60000610351562 -8.399129867553711
v -210.23902893066406 228.60000610351562 -7.7213945388793945
v -210.74658203125 228.60000610351562 -7.1484785079956055
v -211.3765106201172 228.60000610351562 -6.713676929473877
v -212.09217834472656 228.60000610351562 -6.442259788513184
v -212.8520050048828 228.60000610351562 -6.349999904632568
v -213.61183166503906 228.60000610351562 -6.442259788513184
v -214.32749938964844 228.60000610351562 -6.713676929473877
v -214.95741271972656 228.60000610351562 -7.1484785079956055
v -215.46498107910156 228.60000610351562 -7.7213945388793945
v -215.8206787109375 228.60000610351562 -8.399129867553711
v -216.00384521484375 228.60000610351562 -9.142295837402344
v -216.00384521484375 228.60000610351562 -9.90770435333252
v -215.8206787109375 228.60000610351562 -10.650870323181152
v -215.46498107910156 228.60000610351562 -11.328605651855469
v -214.95741271972656 228.60000610351562 -11.901521682739258
v -214.32749938964844 228.60000610351562 -12.336322784423828
v -213.61183166503906 228.60000610351562 -12.60774040222168
v -191.00799560546875 228.60000610351562 -1.734723475976807e-15
v -190.2481689453125 228.60000610351562 0.0922597274184227
v -189.53250122070312 228.60000610351562 0.36367711424827576
v -188.902587890625 228.60000610351562 0.798478364944458
v -188.39501953125 228.60000610351562 1.371394395828247
v -188.03932189941406 228.60000610351562 2.0491294860839844
v -187.8561553955078 228.60000610351562 2.7922959327697754
v -187.8561553955078 228.60000610351562 3.557703971862793
v -188.03932189941406 228.60000610351562 4.300870418548584
v -188.39501953125 228.60000610351562 4.9786057472229
v -188.902587890625 228.60000610351562 5.5515217781066895
v -189.53250122070312 228.60000610351562 5.98632287979126
v -190.2481689453125 228.60000610351562 6.257740497589111
v -191.00799560546875 228.60000610351562 6.349999904632568
v -191.767822265625 228.60000610351562 6.257740497589111
v -192.48348999023438 228.60000610351562 5.98632287979126
v -193.11341857910156 228.60000610351562 5.5515217781066895
v -193.6209716796875 228.60000610351562 4.9786057472229
v -193.97666931152344 228.60000610351562 4.300870418548584
v -194.15985107421875 228.60000610351562 3.557703971862793
v -194.15985107421875 228.60000610351562 2.7922959327697754
v -193.97666931152344 228.60000610351562 2.0491294860839844
v -193.6209716796875 228.60000610351562 1.371394395828247
v -193.11341857910156 228.60000610351562 0.798478364944458
v -192.48348999023438 228.60000610351562 0.36367711424827576
v -191.767822265625 228.60000610351562 0.0922597274184227
v -44.45000076293945 228.60000610351562 -12.699999809265137
v -43.6901741027832 228.60000610351562 -12.60774040222168
v -42.97450256347656 228.60000610351562 -12.336322784423828
v -42.34458541870117 228.60000610351562 -11.901521682739258
v -41.8370246887207 228.60000610351562 -11.328605651855469
v -41.4813232421875 228.60000610351562 -10.650870323181152
v -41.29814910888672 228.60000610351562 -9.90770435333252
v -41.29814910888672 228.60000610351562 -9.142295837402344
v -41.4813232421875 228.60000610351562 -8.399129867553711
v -41.8370246887207 228.60000610351562 -7.7213945388793945
v -42.34458541870117 228.60000610351562 -7.1484785079956055
v -42.97450256347656 228.60000610351562 -6.713676929473877
v -43.6901741027832 228.60000610351562 -6.442259788513184
v -44.45000076293945 228.60000610351562 -6.349999904632568
v -45.2098274230957 228.60000610351562 -6.442259788513184
v -45.92549514770508 228.60000610351562 -6.713676929473877
v -46.555416107177734 228.60000610351562 -7.1484785079956055
v -47.06297302246094 228.60000610351562 -7.7213945388793945
v -47.418678283691406 228.60000610351562 -8.399129867553711
v -47.60185241699219 228.60000610351562 -9.142295837402344
v -47.60185241699219 228.60000610351562 -9.90770435333252
v -47.418678283691406 228.60000610351562 -10.650870323181152
v -47.06297302246094 228.60000610351562 -11.328605651855469
v -46.555416107177734 228.60000610351562 -11.901521682739258
v -45.92549514770508 228.60000610351562 -12.336322784423828
v -45.2098274230957 228.60000610351562 -12.60774040222168
v -285.75 231.63783264160156 -19.049999237060547
v -285.75 228.60000610351562 -19.049999237060547
v 298.45001220703125 228.60000610351562 -19.049999237060547
v 298.45001220703125 231.63783264160156 -19.049999237060547
v -301.76214599609375 212.5878448486328 12.974320411682129
v -301.76214599609375 -225.56216430664062 12.974320411682129
v -301.76214599609375 212.5878448486328 -19.049999237060547
v -301.76214599609375 -219.212158203125 -19.049999237060547
v -301.76214599609375 -225.56216430664062 -12.699999809265137
v -301.76214599609375 -225.4029541015625 -14.113007545471191
v -301.76214599609375 -224.93331909179688 -15.455162048339844
v -301.76214599609375 -224.17678833007812 -16.659160614013672
v -301.76214599609375 -223.17132568359375 -17.664628982543945
v -301.76214599609375 -221.96731567382812 -18.421152114868164
v -301.76214599609375 -220.6251678466797 -18.890792846679688
v -301.76214599609375 142.35684204101562 3.174999952316284
v -301.76214599609375 142.26458740234375 3.9348273277282715
v -301.76214599609375 141.9931640625 4.650496006011963
v -301.76214599609375 141.55836486816406 5.280414581298828
v -301.76214599609375 140.98544311523438 5.787973880767822
v -301.76214599609375 140.30770874023438 6.1436767578125
v -301.76214599609375 139.56454467773438 6.326850891113281
v -301.76214599609375 138.79913330078125 6.326850891113281
v -301.76214599609375 138.05596923828125 6.1436767578125
v -301.76214599609375 137.37823486328125 5.787973880767822
v -301.76214599609375 136.80531311035156 5.280414581298828
v -301.76214599609375 136.37051391601562 4.650496006011963
v -301.76214599609375 136.09910583496094 3.9348273277282715
v -301.76214599609375 136.0068359375 3.174999952316284
v -301.76214599609375 136.09910583496094 2.415172815322876
v -301.76214599609375 136.37051391601562 1.6995038986206055
v -301.76214599609375 136.80531311035156 1.0695855617523193
v -301.76214599609375 137.37823486328125 0.5620262026786804
v -301.76214599609375 138.05596923828125 0.20632342994213104
v -301.76214599609375 138.79913330078125 0.02314932458102703
v -301.76214599609375 139.56454467773438 0.02314932458102703
v -301.76214599609375 140.30770874023438 0.20632342994213104
v -301.76214599609375 140.98544311523438 0.5620262026786804
v -301.76214599609375 141.55836486816406 1.0695855617523193
v -301.76214599609375 141.9931640625 1.6995038986206055
v -301.76214599609375 142.26458740234375 2.415172815322876
v -301.76214599609375 -190.6371612548828 -9.524999618530273
v -301.76214599609375 -190.7294158935547 -8.765172958374023
v -301.76214599609375 -191.00083923339844 -8.049504280090332
v -301.76214599609375 -191.43563842773438 -7.419585704803467
v -301.76214599609375 -192.00856018066406 -6.912026405334473
v -301.76214599609375 -192.68629455566406 -6.556323528289795
v -301.76214599609375 -193.42945861816406 -6.373149394989014
v -301.76214599609375 -194.1948699951172 -6.373149394989014
v -301.76214599609375 -194.9380340576172 -6.556323528289795
v -301.76214599609375 -195.6157684326172 -6.912026405334473
v -301.76214599609375 -196.1886749267578 -7.419585704803467
v -301.76214599609375 -196.6234893798828 -8.049504280090332
v -301.76214599609375 -196.8948974609375 -8.765172958374023
v -301.76214599609375 -196.98716735839844 -9.524999618530273
v -301.76214599609375 -196.8948974609375 -10.28482723236084
v -301.76214599609375 -196.6234893798828 -11.000495910644531
v -301.76214599609375 -196.1886749267578 -11.630414009094238
v -301.76214599609375 -195.6157684326172 -12.13797378540039
v -301.76214599609375 -194.9380340576172 -12.49367618560791
v -301.76214599609375 -194.1948699951172 -12.676850318908691
v -301.76214599609375 -193.42945861816406 -12.676850318908691
v -301.76214599609375 -192.68629455566406 -12.49367618560791
v -301.76214599609375 -192.00856018066406 -12.13797378540039
v -301.76214599609375 -191.43563842773438 -11.630414009094238
v -301.76214599609375 -191.00083923339844 -11.000495910644531
v -301.76214599609375 -190.7294158935547 -10.28482723236084
v -301.76214599609375 -50.93716049194336 -9.524999618530273
v -301.76214599609375 -51.0294189453125 -8.765172958374023
v -301.76214599609375 -51.300838470458984 -8.049504280090332
v -301.76214599609375 -51.73563766479492 -7.419585704803467
v -301.76214599609375 -52.308555603027344 -6.912026405334473
v -301.76214599609375 -52.986289978027344 -6.556323528289795
v -301.76214599609375 -53.72945785522461 -6.373149394989014
v -301.76214599609375 -54.49486541748047 -6.373149394989014
v -301.76214599609375 -55.23802947998047 -6.556323528289795
v -301.76214599609375 -55.91576385498047 -6.912026405334473
v -301.76214599609375 -56.48868179321289 -7.419585704803467
v -301.76214599609375 -56.92348098754883 -8.049504280090332
v -301.76214599609375 -57.19490051269531 -8.765172958374023
v -301.76214599609375 -57.28715896606445 -9.524999618530273
v -301.76214599609375 -57.19490051269531 -10.28482723236084
v -301.76214599609375 -56.92348098754883 -11.000495910644531
v -301.76214599609375 -56.48868179321289 -11.630414009094238
v -301.76214599609375 -55.91576385498047 -12.13797378540039
v -301.76214599609375 -55.23802947998047 -12.49367618560791
v -301.76214599609375 -54.49486541748047 -12.676850318908691
v -301.76214599609375 -53.72945785522461 -12.676850318908691
v -301.76214599609375 -52.986289978027344 -12.49367618560791
v -301.76214599609375 -52.308555603027344 -12.13797378540039
v -301.76214599609375 -51.73563766479492 -11.630414009094238
v -301.76214599609375 -51.300838470458984 -11.000495910644531
v -301.76214599609375 -51.0294189453125 -10.28482723236084
v -301.76214599609375 120.5128402709961 -9.524999618530273
v -301.76214599609375 120.42057800292969 -8.765172958374023
v -301.76214599609375 120.14916229248047 -8.049504280090332
v -301.76214599609375 119.71436309814453 -7.419585704803467
v -301.76214599609375 119.14144897460938 -6.912026405334473
v -301.76214599609375 118.46370697021484 -6.556323528289795
v -301.76214599609375 117.72054290771484 -6.373149394989014
v -301.76214599609375 116.95513916015625 -6.373149394989014
v -301.76214599609375 116.21196746826172 -6.556323528289795
v -301.76214599609375 115.53423309326172 -6.912026405334473
v -301.76214599609375 114.96131896972656 -7.419585704803467
v -301.76214599609375 114.52651977539062 -8.049504280090332
v -301.76214599609375 114.25509643554688 -8.765172958374023
v -301.76214599609375 114.162841796875 -9.524999618530273
v -301.76214599609375 114.25509643554688 -10.28482723236084
v -301.76214599609375 114.52651977539062 -11.000495910644531
v -301.76214599609375 114.96131896972656 -11.630414009094238
v -301.76214599609375 115.53423309326172 -12.13797378540039
v -301.76214599609375 116.21196746826172 -12.49367618560791
v -301.76214599609375 116.95513916015625 -12.676850318908691
v -301.76214599609375 117.72054290771484 -12.676850318908691
v -301.76214599609375 118.46370697021484 -12.49367618560791
v -301.76214599609375 119.14144897460938 -12.13797378540039
v -301.76214599609375 119.71436309814453 -11.630414009094238
v -301.76214599609375 120.14916229248047 -11.000495910644531
v -301.76214599609375 120.42057800292969 -10.28482723236084
v -301.76214599609375 -168.28515625 3.174999952316284
v -301.76214599609375 -168.37742614746094 3.9348273277282715
v -301.76214599609375 -168.64883422851562 4.650496006011963
v -301.76214599609375 -169.08363342285156 5.280414581298828
v -301.76214599609375 -169.65655517578125 5.787973880767822
v -301.76214599609375 -170.33428955078125 6.1436767578125
v -301.76214599609375 -171.07745361328125 6.326850891113281
v -301.76214599609375 -171.84286499023438 6.326850891113281
v -301.76214599609375 -172.58602905273438 6.1436767578125
v -301.76214599609375 -173.26376342773438 5.787973880767822
v -301.76214599609375 -173.83668518066406 5.280414581298828
v -301.76214599609375 -174.271484375 4.650496006011963
v -301.76214599609375 -174.54290771484375 3.9348273277282715
v -301.76214599609375 -174.63516235351562 3.174999952316284
v -301.76214599609375 -174.54290771484375 2.415172815322876
v -301.76214599609375 -174.271484375 1.6995038986206055
v -301.76214599609375 -173.83668518066406 1.0695855617523193
v -301.76214599609375 -173.26376342773438 0.5620262026786804
v -301.76214599609375 -172.58602905273438 0.20632342994213104
v -301.76214599609375 -171.84286499023438 0.02314932458102703
v -301.76214599609375 -171.07745361328125 0.02314932458102703
v -301.76214599609375 -170.33428955078125 0.20632342994213104
v -301.76214599609375 -169.65655517578125 0.5620262026786804
v -301.76214599609375 -169.08363342285156 1.0695855617523193
v -301.76214599609375 -168.64883422851562 1.6995038986206055
v -301.76214599609375 -168.37742614746094 2.415172815322876
v -301.76214599609375 -73.03515625 3.174999952316284
v -301.76214599609375 -73.1274185180664 3.9348273277282715
v -301.76214599609375 -73.39883422851562 4.650496006011963
v -301.76214599609375 -73.8336410522461 5.280414581298828
v -301.76214599609375 -74.40655517578125 5.787973880767822
v -301.76214599609375 -75.08428955078125 6.1436767578125
v -301.76214599609375 -75.82745361328125 6.326850891113281
v -301.76214599609375 -76.59286499023438 6.326850891113281
v -301.76214599609375 -77.33602905273438 6.1436767578125
v -301.76214599609375 -78.01376342773438 5.787973880767822
v -301.76214599609375 -78.58668518066406 5.280414581298828
v -301.76214599609375 -79.021484375 4.650496006011963
v -301.76214599609375 -79.29290008544922 3.9348273277282715
v -301.76214599609375 -79.38516235351562 3.174999952316284
v -301.76214599609375 -79.29290008544922 2.415172815322876
v -301.76214599609375 -79.021484375 1.6995038986206055
v -301.76214599609375 -78.58668518066406 1.0695855617523193
v -301.76214599609375 -78.01376342773438 0.5620262026786804
v -301.76214599609375 -77.33602905273438 0.20632342994213104
v -301.76214599609375 -76.59286499023438 0.02314932458102703
v -301.76214599609375 -75.82745361328125 0.02314932458102703
v -301.76214599609375 -75.08428955078125 0.20632342994213104
v -301.76214599609375 -74.40655517578125 0.5620262026786804
v -301.76214599609375 -73.8336410522461 1.0695855617523193
v -301.76214599609375 -73.39883422851562 1.6995038986206055
v -301.76214599609375 -73.1274185180664 2.415172815322876
v -301.76214599609375 193.4108428955078 3.174999952316284
v -301.76214599609375 193.31857299804688 3.9348273277282715
v -301.76214599609375 193.0471649169922 4.650496006011963
v -301.76214599609375 192.61236572265625 5.280414581298828
v -301.76214599609375 192.03944396972656 5.787973880767822
v -301.76214599609375 191.36170959472656 6.1436767578125
v -301.76214599609375 190.61854553222656 6.326850891113281
v -301.76214599609375 189.85313415527344 6.326850891113281
v -301.76214599609375 189.10997009277344 6.1436767578125
v -301.76214599609375 188.43223571777344 5.787973880767822
v -301.76214599609375 187.85931396484375 5.280414581298828
v -301.76214599609375 187.4245147705078 4.650496006011963
v -301.76214599609375 187.15310668945312 3.9348273277282715
v -301.76214599609375 187.0608367919922 3.174999952316284
v -301.76214599609375 187.15310668945312 2.415172815322876
v -301.76214599609375 187.4245147705078 1.6995038986206055
v -301.76214599609375 187.85931396484375 1.0695855617523193
v -301.76214599609375 188.43223571777344 0.5620262026786804
v -301.76214599609375 189.10997009277344 0.20632342994213104
v -301.76214599609375 189.85313415527344 0.02314932458102703
v -301.76214599609375 190.61854553222656 0.02314932458102703
v -301.76214599609375 191.36170959472656 0.20632342994213104
v -301.76214599609375 192.03944396972656 0.5620262026786804
v -301.76214599609375 192.61236572265625 1.0695855617523193
v -301.76214599609375 193.0471649169922 1.6995038986206055
v -301.76214599609375 193.31857299804688 2.415172815322876
v -301.76214599609375 171.31283569335938 -9.524999618530273
v -301.76214599609375 171.2205810546875 -8.765172958374023
v -301.76214599609375 170.94915771484375 -8.049504280090332
v -301.76214599609375 170.5143585205078 -7.419585704803467
v -301.76214599609375 169.9414520263672 -6.912026405334473
v -301.76214599609375 169.2637176513672 -6.556323528289795
v -301.76214599609375 168.52053833007812 -6.373149394989014
v -301.76214599609375 167.75514221191406 -6.373149394989014
v -301.76214599609375 167.011962890625 -6.556323528289795
v -301.76214599609375 166.334228515625 -6.912026405334473
v -301.76214599609375 165.76132202148438 -7.419585704803467
v -301.76214599609375 165.32652282714844 -8.049504280090332
v -301.76214599609375 165.0550994873047 -8.765172958374023
v -301.76214599609375 164.9628448486328 -9.524999618530273
v -301.76214599609375 165.0550994873047 -10.28482723236084
v -301.76214599609375 165.32652282714844 -11.000495910644531
v -301.76214599609375 165.76132202148438 -11.630414009094238
v -301.76214599609375 166.334228515625 -12.13797378540039
v -301.76214599609375 167.011962890625 -12.49367618560791
v -301.76214599609375 167.75514221191406 -12.676850318908691
v -301.76214599609375 168.52053833007812 -12.676850318908691
v -301.76214599609375 169.2637176513672 -12.49367618560791
v -301.76214599609375 169.9414520263672 -12.13797378540039
v -301.76214599609375 170.5143585205078 -11.630414009094238
v -301.76214599609375 170.94915771484375 -11.000495910644531
v -301.76214599609375 171.2205810546875 -10.28482723236084
v -301.76214599609375 212.5878448486328 -19.049999237060547
v -304.79998779296875 212.5878448486328 -19.049999237060547
v -304.79998779296875 -219.212158203125 -19.049999237060547
v -301.76214599609375 -219.212158203125 -19.049999237060547
v -286.679931640625 224.63221740722656 19.049999237060547
v -286.679931640625 224.63221740722656 16.01215934753418
v -286.42840576171875 224.9157257080078 16.01215934753418
v -286.21246337890625 225.22718811035156 16.01215934753418
v -286.0351867675781 225.56216430664062 16.01215934753418
v -285.75 226.87728881835938 15.71273422241211
v -285.779541015625 226.44488525390625 15.881129264831543
v -285.8737487792969 225.99964904785156 15.98046588897705
v -285.75 226.87728881835938 18.90595817565918
v -286.0351867675781 225.56216430664062 19.049999237060547
v -285.8771667480469 225.98756408691406 19.035093307495117
v -285.781982421875 226.42822265625 18.9879093170166
v -286.21246337890625 225.22718811035156 19.049999237060547
v -286.42840576171875 224.9157257080078 19.049999237060547
v -298.7243347167969 212.87301635742188 16.01215934753418
v -299.1594543457031 212.71218872070312 15.980874061584473
v -299.6047058105469 212.61776733398438 15.88176441192627
v -300.0394592285156 212.5878448486328 15.71273422241211
v -298.38934326171875 213.05030822753906 16.01215934753418
v -298.077880859375 213.26625061035156 16.01215934753418
v -297.79437255859375 213.5177764892578 16.01215934753418
v -297.79437255859375 213.5177764892578 19.049999237060547
v -298.077880859375 213.26625061035156 19.049999237060547
v -298.38934326171875 213.05030822753906 19.049999237060547
v -298.7243347167969 212.87301635742188 19.049999237060547
v -300.0394592285156 212.5878448486328 18.90595817565918
v -299.5938720703125 212.6192169189453 18.987459182739258
v -299.1531677246094 212.714111328125 19.034801483154297
v -300.0394592285156 212.5878448486328 15.71273422241211
v -300.6163330078125 212.5878448486328 15.351025581359863
v -301.0981750488281 212.5878448486328 14.869913101196289
v -301.46075439453125 212.5878448486328 14.29356575012207
v -301.68585205078125 212.5878448486328 13.650938987731934
v -301.76214599609375 212.5878448486328 12.974320411682129
v -301.76214599609375 -225.56216430664062 12.974320411682129
v -301.6860046386719 -225.56216430664062 13.65030288696289
v -301.4613342285156 -225.56216430664062 14.292388916015625
v -301.0993957519531 -225.56216430664062 14.868382453918457
v -300.6183776855469 -225.56216430664062 15.349398612976074
v -300.0423889160156 -225.56216430664062 15.711318969726562
v -299.4002990722656 -225.56216430664062 15.935995101928711
v -298.7243347167969 -225.56216430664062 16.01215934753418
v -298.7243347167969 212.87301635742188 16.01215934753418
v -299.1594543457031 212.71218872070312 15.980874061584473
v -299.6047058105469 212.61776733398438 15.88176441192627
v 304.79998779296875 228.60000610351562 12.974320411682129
v -285.75 228.60000610351562 12.974320411682129
v -285.75 228.52369689941406 13.650938987731934
v -285.75 228.29859924316406 14.29356575012207
v -285.75 227.93601989746094 14.869913101196289
v -285.75 227.4541778564453 15.351025581359863
v -285.75 226.87728881835938 15.71273422241211
v -285.779541015625 226.44488525390625 15.881129264831543
v -285.8737487792969 225.99964904785156 15.98046588897705
v -286.0351867675781 225.56216430664062 16.01215934753418
v 304.79998779296875 225.56216430664062 16.01215934753418
v 304.79998779296875 226.23814392089844 15.935995101928711
v 304.79998779296875 226.88023376464844 15.711318969726562
v 304.79998779296875 227.4562225341797 15.349398612976074
v 304.79998779296875 227.93724060058594 14.868382453918457
v 304.79998779296875 228.29916381835938 14.292388916015625
v 304.79998779296875 228.52383422851562 13.65030288696289
v -304.79998779296875 212.5878448486328 12.974320411682129
v -304.6462707519531 212.5878448486328 14.332420349121094
v -304.1928405761719 212.5878448486328 15.621792793273926
v -303.4626770019531 212.5878448486328 16.77718734741211
v -302.49273681640625 212.5878448486328 17.740131378173828
v -301.3320617675781 212.5878448486328 18.461896896362305
v -300.0394592285156 212.5878448486328 18.90595817565918
v -304.79998779296875 -225.56216430664062 12.974320411682129
v -298.7243347167969 -225.56216430664062 19.049999237060547
v -300.0762939453125 -225.56216430664062 18.89767074584961
v -301.3604736328125 -225.56216430664062 18.448318481445312
v -302.512451171875 -225.56216430664062 17.724477767944336
v -303.4744873046875 -225.56216430664062 16.7624454498291
v -304.1983337402344 -225.56216430664062 15.610458374023438
v -304.6476745605469 -225.56216430664062 14.326286315917969
v -298.7243347167969 212.87301635742188 19.049999237060547
v -299.5938720703125 212.6192169189453 18.987459182739258
v -299.1531677246094 212.714111328125 19.034801483154297
v 304.79998779296875 231.63783264160156 12.974320411682129
v 304.79998779296875 231.48550415039062 14.326286315917969
v 304.79998779296875 231.03616333007812 15.610458374023438
v 304.79998779296875 230.31231689453125 16.7624454498291
v 304.79998779296875 229.35028076171875 17.724477767944336
v 304.79998779296875 228.19830322265625 18.448318481445312
v 304.79998779296875 226.91412353515625 18.89767074584961
v 304.79998779296875 225.56216430664062 19.049999237060547
v -285.75 231.63783264160156 12.974320411682129
v -285.75 226.87728881835938 18.90595817565918
v -285.75 228.16990661621094 18.461896896362305
v -285.75 229.33056640625 17.740131378173828
v -285.75 230.30052185058594 16.77718734741211
v -285.75 231.0306854248047 15.621792793273926
v -285.75 231.48410034179688 14.332420349121094
v -286.0351867675781 225.56216430664062 19.049999237060547
v -285.8771667480469 225.98756408691406 19.035093307495117
v -285.781982421875 226.42822265625 18.9879093170166
v -304.79998779296875 -219.212158203125 -19.049999237060547
v -304.79998779296875 -220.6251678466797 -18.890792846679688
v -304.79998779296875 -221.96731567382812 -18.421152114868164
v -304.79998779296875 -223.17132568359375 -17.664628982543945
v -304.79998779296875 -224.17678833007812 -16.659160614013672
v -304.79998779296875 -224.93331909179688 -15.455162048339844
v -304.79998779296875 -225.4029541015625 -14.113007545471191
v -304.79998779296875 -225.56216430664062 -12.699999809265137
v -301.76214599609375 -219.212158203125 -19.049999237060547
v -301.76214599609375 -225.56216430664062 -12.699999809265137
v -301.76214599609375 -225.4029541015625 -14.113007545471191
v -301.76214599609375 -224.93331909179688 -15.455162048339844
v -301.76214599609375 -224.17678833007812 -16.659160614013672
v -301.76214599609375 -223.17132568359375 -17.664628982543945
v -301.76214599609375 -221.96731567382812 -18.421152114868164
v -301.76214599609375 -220.6251678466797 -18.890792846679688
v 298.45001220703125 228.60000610351562 -19.049999237060547
v 299.8630065917969 228.60000610351562 -18.890792846679688
v 301.2051696777344 228.60000610351562 -18.421152114868164
v 302.4091491699219 228.60000610351562 -17.664628982543945
v 303.4146423339844 228.60000610351562 -16.659160614013672
v 304.171142578125 228.60000610351562 -15.455162048339844
v 304.6407775878906 228.60000610351562 -14.113007545471191
v 304.79998779296875 228.60000610351562 -12.699999809265137
v 298.45001220703125 231.63783264160156 -19.049999237060547
v 304.79998779296875 231.63783264160156 -12.699999809265137
v 304.6407775878906 231.63783264160156 -14.113007545471191
v 304.171142578125 231.63783264160156 -15.455162048339844
v 303.4146423339844 231.63783264160156 -16.659160614013672
v 302.4091491699219 231.63783264160156 -17.664628982543945
v 301.2051696777344 231.63783264160156 -18.421152114868164
v 299.8630065917969 231.63783264160156 -18.890792846679688
v -44.45000076293945 231.63783264160156 -6.349999904632568
v -43.6901741027832 231.63783264160156 -6.442259788513184
v -42.97450256347656 231.63783264160156 -6.713676929473877
v -42.34458541870117 231.63783264160156 -7.1484785079956055
v -41.8370246887207 231.63783264160156 -7.7213945388793945
v -41.4813232421875 231.63783264160156 -8.399129867553711
v -41.29814910888672 231.63783264160156 -9.142295837402344
v -41.29814910888672 231.63783264160156 -9.90770435333252
v -41.4813232421875 231.63783264160156 -10.650870323181152
v -41.8370246887207 231.63783264160156 -11.328605651855469
v -42.34458541870117 231.63783264160156 -11.901521682739258
v -42.97450256347656 231.63783264160156 -12.336322784423828
v -43.6901741027832 231.63783264160156 -12.60774040222168
v -44.45000076293945 231.63783264160156 -12.699999809265137
v -44.45000076293945 228.60000610351562 -6.349999904632568
v -44.45000076293945 228.60000610351562 -12.699999809265137
v -43.6901741027832 228.60000610351562 -12.60774040222168
v -42.97450256347656 228.60000610351562 -12.336322784423828
v -42.34458541870117 228.60000610351562 -11.901521682739258
v -41.8370246887207 228.60000610351562 -11.328605651855469
v -41.4813232421875 228.60000610351562 -10.650870323181152
v -41.29814910888672 228.60000610351562 -9.90770435333252
v -41.29814910888672 228.60000610351562 -9.142295837402344
v -41.4813232421875 228.60000610351562 -8.399129867553711
v -41.8370246887207 228.60000610351562 -7.7213945388793945
v -42.34458541870117 228.60000610351562 -7.1484785079956055
v -42.97450256347656 228.60000610351562 -6.713676929473877
v -43.6901741027832 228.60000610351562 -6.442259788513184
v -191.00799560546875 231.63783264160156 6.349999904632568
v -190.2481689453125 231.63783264160156 6.257740497589111
v -189.53250122070312 231.63783264160156 5.98632287979126
v -188.902587890625 231.63783264160156 5.5515217781066895
v -188.39501953125 231.63783264160156 4.9786057472229
v -188.03932189941406 231.63783264160156 4.300870418548584
v -187.8561553955078 231.63783264160156 3.557703971862793
v -187.8561553955078 231.63783264160156 2.7922959327697754
v -188.03932189941406 231.63783264160156 2.0491294860839844
v -188.39501953125 231.63783264160156 1.371394395828247
v -188.902587890625 231.63783264160156 0.798478364944458
v -189.53250122070312 231.63783264160156 0.36367711424827576
v -190.2481689453125 231.63783264160156 0.0922597274184227
v -191.00799560546875 231.63783264160156 -1.734723475976807e-15
v -191.00799560546875 228.60000610351562 6.349999904632568
v -191.00799560546875 228.60000610351562 -1.734723475976807e-15
v -190.2481689453125 228.60000610351562 0.0922597274184227
v -189.53250122070312 228.60000610351562 0.36367711424827576
v -188.902587890625 228.60000610351562 0.798478364944458
v -188.39501953125 228.60000610351562 1.371394395828247
v -188.03932189941406 228.60000610351562 2.0491294860839844
v -187.8561553955078 228.60000610351562 2.7922959327697754
v -187.8561553955078 228.60000610351562 3.557703971862793
v -188.03932189941406 228.60000610351562 4.300870418548584
v -188.39501953125 228.60000610351562 4.9786057472229
v -188.902587890625 228.60000610351562 5.5515217781066895
v -189.53250122070312 228.60000610351562 5.98632287979126
v -190.2481689453125 228.60000610351562 6.257740497589111
v -212.8520050048828 231.63783264160156 -6.349999904632568
v -212.09217834472656 231.63783264160156 -6.442259788513184
v -211.3765106201172 231.63783264160156 -6.713676929473877
v -210.74658203125 231.63783264160156 -7.1484785079956055
v -210.23902893066406 231.63783264160156 -7.7213945388793945
v -209.88331604003906 231.63783264160156 -8.399129867553711
v -209.7001495361328 231.63783264160156 -9.142295837402344
v -209.7001495361328 231.63783264160156 -9.90770435333252
v -209.88331604003906 231.63783264160156 -10.650870323181152
v -210.23902893066406 231.63783264160156 -11.328605651855469
v -210.74658203125 231.63783264160156 -11.901521682739258
v -211.3765106201172 231.63783264160156 -12.336322784423828
v -212.09217834472656 231.63783264160156 -12.60774040222168
v -212.8520050048828 231.63783264160156 -12.699999809265137
v -212.8520050048828 228.60000610351562 -6.349999904632568
v -212.8520050048828 228.60000610351562 -12.699999809265137
v -212.09217834472656 228.60000610351562 -12.60774040222168
v -211.3765106201172 228.60000610351562 -12.336322784423828
v -210.74658203125 228.60000610351562 -11.901521682739258
v -210.23902893066406 228.60000610351562 -11.328605651855469
v -209.88331604003906 228.60000610351562 -10.650870323181152
v -209.7001495361328 228.60000610351562 -9.90770435333252
v -209.7001495361328 228.60000610351562 -9.142295837402344
v -209.88331604003906 228.60000610351562 -8.399129867553711
v -210.23902893066406 228.60000610351562 -7.7213945388793945
v -210.74658203125 228.60000610351562 -7.1484785079956055
v -211.3765106201172 228.60000610351562 -6.713676929473877
v -212.09217834472656 228.60000610351562 -6.442259788513184
v -241.80799865722656 231.63783264160156 6.349999904632568
v -241.0481719970703 231.63783264160156 6.257740497589111
v -240.33250427246094 231.63783264160156 5.98632287979126
v -239.7025909423828 231.63783264160156 5.5515217781066895
v -239.1950225830078 231.63783264160156 4.9786057472229
v -238.83932495117188 231.63783264160156 4.300870418548584
v -238.65614318847656 231.63783264160156 3.557703971862793
v -238.65614318847656 231.63783264160156 2.7922959327697754
v -238.83932495117188 231.63783264160156 2.0491294860839844
v -239.1950225830078 231.63783264160156 1.371394395828247
v -239.7025909423828 231.63783264160156 0.798478364944458
v -240.33250427246094 231.63783264160156 0.36367711424827576
v -241.0481719970703 231.63783264160156 0.0922597274184227
v -241.80799865722656 231.63783264160156 2.7321894746634712e-14
v -241.80799865722656 228.60000610351562 6.349999904632568
v -241.80799865722656 228.60000610351562 2.7321894746634712e-14
v -241.0481719970703 228.60000610351562 0.0922597274184227
v -240.33250427246094 228.60000610351562 0.36367711424827576
v -239.7025909423828 228.60000610351562 0.798478364944458
v -239.1950225830078 228.60000610351562 1.371394395828247
v -238.83932495117188 228.60000610351562 2.0491294860839844
v -238.65614318847656 228.60000610351562 2.7922959327697754
v -238.65614318847656 228.60000610351562 3.557703971862793
v -238.83932495117188 228.60000610351562 4.300870418548584
v -239.1950225830078 228.60000610351562 4.9786057472229
v -239.7025909423828 228.60000610351562 5.5515217781066895
v -240.33250427246094 228.60000610351562 5.98632287979126
v -241.0481719970703 228.60000610351562 6.257740497589111
v -263.6520080566406 231.63783264160156 -6.349999904632568
v -262.8921813964844 231.63783264160156 -6.442259788513184
v -262.176513671875 231.63783264160156 -6.713676929473877
v -261.5466003417969 231.63783264160156 -7.1484785079956055
v -261.0390319824219 231.63783264160156 -7.7213945388793945
v -260.6833190917969 231.63783264160156 -8.399129867553711
v -260.5001525878906 231.63783264160156 -9.142295837402344
v -260.5001525878906 231.63783264160156 -9.90770435333252
v -260.6833190917969 231.63783264160156 -10.650870323181152
v -261.0390319824219 231.63783264160156 -11.328605651855469
v -261.5466003417969 231.63783264160156 -11.901521682739258
v -262.176513671875 231.63783264160156 -12.336322784423828
v -262.8921813964844 231.63783264160156 -12.60774040222168
v -263.6520080566406 231.63783264160156 -12.699999809265137
v -263.6520080566406 228.60000610351562 -6.349999904632568
v -263.6520080566406 228.60000610351562 -12.699999809265137
v -262.8921813964844 228.60000610351562 -12.60774040222168
v -262.176513671875 228.60000610351562 -12.336322784423828
v -261.5466003417969 228.60000610351562 -11.901521682739258
v -261.0390319824219 228.60000610351562 -11.328605651855469
v -260.6833190917969 228.60000610351562 -10.650870323181152
v -260.5001525878906 228.60000610351562 -9.90770435333252
v -260.5001525878906 228.60000610351562 -9.142295837402344
v -260.6833190917969 228.60000610351562 -8.399129867553711
v -261.0390319824219 228.60000610351562 -7.7213945388793945
v -261.5466003417969 228.60000610351562 -7.1484785079956055
v -262.176513671875 228.60000610351562 -6.713676929473877
v -262.8921813964844 228.60000610351562 -6.442259788513184
v 133.35000610351562 231.63783264160156 6.349999904632568
v 134.10983276367188 231.63783264160156 6.257740497589111
v 134.82550048828125 231.63783264160156 5.98632287979126
v 135.45541381835938 231.63783264160156 5.5515217781066895
v 135.9629669189453 231.63783264160156 4.9786057472229
v 136.3186798095703 231.63783264160156 4.300870418548584
v 136.50184631347656 231.63783264160156 3.557703971862793
v 136.50184631347656 231.63783264160156 2.7922959327697754
v 136.3186798095703 231.63783264160156 2.0491294860839844
v 135.9629669189453 231.63783264160156 1.371394395828247
v 135.45541381835938 231.63783264160156 0.798478364944458
v 134.82550048828125 231.63783264160156 0.36367711424827576
v 134.10983276367188 231.63783264160156 0.0922597274184227
v 133.35000610351562 231.63783264160156 -1.734723475976807e-15
v 133.35000610351562 228.60000610351562 6.349999904632568
v 133.35000610351562 228.60000610351562 -1.734723475976807e-15
v 134.10983276367188 228.60000610351562 0.0922597274184227
v 134.82550048828125 228.60000610351562 0.36367711424827576
v 135.45541381835938 228.60000610351562 0.798478364944458
v 135.9629669189453 228.60000610351562 1.371394395828247
v 136.3186798095703 228.60000610351562 2.0491294860839844
v 136.50184631347656 228.60000610351562 2.7922959327697754
v 136.50184631347656 228.60000610351562 3.557703971862793
v 136.3186798095703 228.60000610351562 4.300870418548584
v 135.9629669189453 228.60000610351562 4.9786057472229
v 135.45541381835938 228.60000610351562 5.5515217781066895
v 134.82550048828125 228.60000610351562 5.98632287979126
v 134.10983276367188 228.60000610351562 6.257740497589111
v 155.70199584960938 231.63783264160156 -6.349999904632568
v 156.46182250976562 231.63783264160156 -6.442259788513184
v 157.177490234375 231.63783264160156 -6.713676929473877
v 157.8074188232422 231.63783264160156 -7.1484785079956055
v 158.31497192382812 231.63783264160156 -7.7213945388793945
v 158.67066955566406 231.63783264160156 -8.399129867553711
v 158.85385131835938 231.63783264160156 -9.142295837402344
v 158.85385131835938 231.63783264160156 -9.90770435333252
v 158.67066955566406 231.63783264160156 -10.650870323181152
v 158.31497192382812 231.63783264160156 -11.328605651855469
v 157.8074188232422 231.63783264160156 -11.901521682739258
v 157.177490234375 231.63783264160156 -12.336322784423828
v 156.46182250976562 231.63783264160156 -12.60774040222168
v 155.70199584960938 231.63783264160156 -12.699999809265137
v 155.70199584960938 228.60000610351562 -6.349999904632568
v 155.70199584960938 228.60000610351562 -12.699999809265137
v 156.46182250976562 228.60000610351562 -12.60774040222168
v 157.177490234375 228.60000610351562 -12.336322784423828
v 157.8074188232422 228.60000610351562 -11.901521682739258
v 158.31497192382812 228.60000610351562 -11.328605651855469
v 158.67066955566406 228.60000610351562 -10.650870323181152
v 158.85385131835938 228.60000610351562 -9.90770435333252
v 158.85385131835938 228.60000610351562 -9.142295837402344
v 158.67066955566406 228.60000610351562 -8.399129867553711
v 158.31497192382812 228.60000610351562 -7.7213945388793945
v 157.8074188232422 228.60000610351562 -7.1484785079956055
v 157.177490234375 228.60000610351562 -6.713676929473877
v 156.46182250976562 228.60000610351562 -6.442259788513184
v 250.697998046875 231.63783264160156 -6.349999904632568
v 251.45782470703125 231.63783264160156 -6.442259788513184
v 252.17349243164062 231.63783264160156 -6.713676929473877
v 252.8034210205078 231.63783264160156 -7.1484785079956055
v 253.31097412109375 231.63783264160156 -7.7213945388793945
v 253.6666717529297 231.63783264160156 -8.399129867553711
v 253.849853515625 231.63783264160156 -9.142295837402344
v 253.849853515625 231.63783264160156 -9.90770435333252
v 253.6666717529297 231.63783264160156 -10.650870323181152
v 253.31097412109375 231.63783264160156 -11.328605651855469
v 252.8034210205078 231.63783264160156 -11.901521682739258
v 252.17349243164062 231.63783264160156 -12.336322784423828
v 251.45782470703125 231.63783264160156 -12.60774040222168
v 250.697998046875 231.63783264160156 -12.699999809265137
v 250.697998046875 228.60000610351562 -6.349999904632568
v 250.697998046875 228.60000610351562 -12.699999809265137
v 251.45782470703125 228.60000610351562 -12.60774040222168
v 252.17349243164062 228.60000610351562 -12.336322784423828
v 252.8034210205078 228.60000610351562 -11.901521682739258
v 253.31097412109375 228.60000610351562 -11.328605651855469
v 253.6666717529297 228.60000610351562 -10.650870323181152
v 253.849853515625 228.60000610351562 -9.90770435333252
v 253.849853515625 228.60000610351562 -9.142295837402344
v 253.6666717529297 228.60000610351562 -8.399129867553711
v 253.31097412109375 228.60000610351562 -7.7213945388793945
v 252.8034210205078 228.60000610351562 -7.1484785079956055
v 252.17349243164062 228.60000610351562 -6.713676929473877
v 251.45782470703125 228.60000610351562 -6.442259788513184
v -19.049999237060547 231.63783264160156 6.349999904632568
v -18.290172576904297 231.63783264160156 6.257740497589111
v -17.574504852294922 231.63783264160156 5.98632287979126
v -16.9445858001709 231.63783264160156 5.5515217781066895
v -16.437026977539062 231.63783264160156 4.9786057472229
v -16.081323623657227 231.63783264160156 4.300870418548584
v -15.898149490356445 231.63783264160156 3.557703971862793
v -15.898149490356445 231.63783264160156 2.7922959327697754
v -16.081323623657227 231.63783264160156 2.0491294860839844
v -16.437026977539062 231.63783264160156 1.371394395828247
v -16.9445858001709 231.63783264160156 0.798478364944458
v -17.574504852294922 231.63783264160156 0.36367711424827576
v -18.290172576904297 231.63783264160156 0.0922597274184227
v -19.049999237060547 231.63783264160156 -4.3368086899420177e-16
v -19.049999237060547 228.60000610351562 6.349999904632568
v -19.049999237060547 228.60000610351562 -4.3368086899420177e-16
v -18.290172576904297 228.60000610351562 0.0922597274184227
v -17.574504852294922 228.60000610351562 0.36367711424827576
v -16.9445858001709 228.60000610351562 0.798478364944458
v -16.437026977539062 228.60000610351562 1.371394395828247
v -16.081323623657227 228.60000610351562 2.0491294860839844
v -15.898149490356445 228.60000610351562 2.7922959327697754
v -15.898149490356445 228.60000610351562 3.557703971862793
v -16.081323623657227 228.60000610351562 4.300870418548584
v -16.437026977539062 228.60000610351562 4.9786057472229
v -16.9445858001709 228.60000610351562 5.5515217781066895
v -17.574504852294922 228.60000610351562 5.98632287979126
v -18.290172576904297 228.60000610351562 6.257740497589111
v 273.04998779296875 231.63783264160156 6.349999904632568
v 273.809814453125 231.63783264160156 6.257740497589111
v 274.5254821777344 231.63783264160156 5.98632287979126
v 275.1554260253906 231.63783264160156 5.5515217781066895
v 275.6629638671875 231.63783264160156 4.9786057472229
v 276.0186767578125 231.63783264160156 4.300870418548584
v 276.20184326171875 231.63783264160156 3.557703971862793
v 276.20184326171875 231.63783264160156 2.7922959327697754
v 276.0186767578125 231.63783264160156 2.0491294860839844
v 275.6629638671875 231.63783264160156 1.371394395828247
v 275.1554260253906 231.63783264160156 0.798478364944458
v 274.5254821777344 231.63783264160156 0.36367711424827576
v 273.809814453125 231.63783264160156 0.0922597274184227
v 273.04998779296875 231.63783264160156 2.7321894746634712e-14
v 273.04998779296875 228.60000610351562 6.349999904632568
v 273.04998779296875 228.60000610351562 2.7321894746634712e-14
v 273.809814453125 228.60000610351562 0.0922597274184227
v 274.5254821777344 228.60000610351562 0.36367711424827576
v 275.1554260253906 228.60000610351562 0.798478364944458
v 275.6629638671875 228.60000610351562 1.371394395828247
v 276.0186767578125 228.60000610351562 2.0491294860839844
v 276.20184326171875 228.60000610351562 2.7922959327697754
v 276.20184326171875 228.60000610351562 3.557703971862793
v 276.0186767578125 228.60000610351562 4.300870418548584
v 275.6629638671875 228.60000610351562 4.9786057472229
v 275.1554260253906 228.60000610351562 5.5515217781066895
v 274.5254821777344 228.60000610351562 5.98632287979126
v 273.809814453125 228.60000610351562 6.257740497589111
v -304.79998779296875 164.9628448486328 -9.524999618530273
v -304.79998779296875 165.0550994873047 -8.765172958374023
v -304.79998779296875 165.32652282714844 -8.049504280090332
v -304.79998779296875 165.76132202148438 -7.419585704803467
v -304.79998779296875 166.334228515625 -6.912026405334473
v -304.79998779296875 167.011962890625 -6.556323528289795
v -304.79998779296875 167.75514221191406 -6.373149394989014
v -304.79998779296875 168.52053833007812 -6.373149394989014
v -304.79998779296875 169.2637176513672 -6.556323528289795
v -304.79998779296875 169.9414520263672 -6.912026405334473
v -304.79998779296875 170.5143585205078 -7.419585704803467
v -304.79998779296875 170.94915771484375 -8.049504280090332
v -304.79998779296875 171.2205810546875 -8.765172958374023
v -304.79998779296875 171.31283569335938 -9.524999618530273
v -301.76214599609375 164.9628448486328 -9.524999618530273
v -301.76214599609375 171.31283569335938 -9.524999618530273
v -301.76214599609375 171.2205810546875 -8.765172958374023
v -301.76214599609375 170.94915771484375 -8.049504280090332
v -301.76214599609375 170.5143585205078 -7.419585704803467
v -301.76214599609375 169.9414520263672 -6.912026405334473
v -301.76214599609375 169.2637176513672 -6.556323528289795
v -301.76214599609375 168.52053833007812 -6.373149394989014
v -301.76214599609375 167.75514221191406 -6.373149394989014
v -301.76214599609375 167.011962890625 -6.556323528289795
v -301.76214599609375 166.334228515625 -6.912026405334473
v -301.76214599609375 165.76132202148438 -7.419585704803467
v -301.76214599609375 165.32652282714844 -8.049504280090332
v -301.76214599609375 165.0550994873047 -8.765172958374023
v -304.79998779296875 187.0608367919922 3.174999952316284
v -304.79998779296875 187.15310668945312 3.9348273277282715
v -304.79998779296875 187.4245147705078 4.650496006011963
v -304.79998779296875 187.85931396484375 5.280414581298828
v -304.79998779296875 188.43223571777344 5.787973880767822
v -304.79998779296875 189.10997009277344 6.1436767578125
v -304.79998779296875 189.85313415527344 6.326850891113281
v -304.79998779296875 190.61854553222656 6.326850891113281
v -304.79998779296875 191.36170959472656 6.1436767578125
v -304.79998779296875 192.03944396972656 5.787973880767822
v -304.79998779296875 192.61236572265625 5.280414581298828
v -304.79998779296875 193.0471649169922 4.650496006011963
v -304.79998779296875 193.31857299804688 3.9348273277282715
v -304.79998779296875 193.4108428955078 3.174999952316284
v -301.76214599609375 187.0608367919922 3.174999952316284
v -301.76214599609375 193.4108428955078 3.174999952316284
v -301.76214599609375 193.31857299804688 3.9348273277282715
v -301.76214599609375 193.0471649169922 4.650496006011963
v -301.76214599609375 192.61236572265625 5.280414581298828
v -301.76214599609375 192.03944396972656 5.787973880767822
v -301.76214599609375 191.36170959472656 6.1436767578125
v -301.76214599609375 190.61854553222656 6.326850891113281
v -301.76214599609375 189.85313415527344 6.326850891113281
v -301.76214599609375 189.10997009277344 6.1436767578125
v -301.76214599609375 188.43223571777344 5.787973880767822
v -301.76214599609375 187.85931396484375 5.280414581298828
v -301.76214599609375 187.4245147705078 4.650496006011963
v -301.76214599609375 187.15310668945312 3.9348273277282715
v -304.79998779296875 -79.38516235351562 3.174999952316284
v -304.79998779296875 -79.29290008544922 3.9348273277282715
v -304.79998779296875 -79.021484375 4.650496006011963
v -304.79998779296875 -78.58668518066406 5.280414581298828
v -304.79998779296875 -78.01376342773438 5.787973880767822
v -304.79998779296875 -77.33602905273438 6.1436767578125
v -304.79998779296875 -76.59286499023438 6.326850891113281
v -304.79998779296875 -75.82745361328125 6.326850891113281
v -304.79998779296875 -75.08428955078125 6.1436767578125
v -304.79998779296875 -74.40655517578125 5.787973880767822
v -304.79998779296875 -73.8336410522461 5.280414581298828
v -304.79998779296875 -73.39883422851562 4.650496006011963
v -304.79998779296875 -73.1274185180664 3.9348273277282715
v -304.79998779296875 -73.03515625 3.174999952316284
v -301.76214599609375 -79.38516235351562 3.174999952316284
v -301.76214599609375 -73.03515625 3.174999952316284
v -301.76214599609375 -73.1274185180664 3.9348273277282715
v -301.76214599609375 -73.39883422851562 4.650496006011963
v -301.76214599609375 -73.8336410522461 5.280414581298828
v -301.76214599609375 -74.40655517578125 5.787973880767822
v -301.76214599609375 -75.08428955078125 6.1436767578125
v -301.76214599609375 -75.82745361328125 6.326850891113281
v -301.76214599609375 -76.59286499023438 6.326850891113281
v -301.76214599609375 -77.33602905273438 6.1436767578125
v -301.76214599609375 -78.01376342773438 5.787973880767822
v -301.76214599609375 -78.58668518066406 5.280414581298828
v -301.76214599609375 -79.021484375 4.650496006011963
v -301.76214599609375 -79.29290008544922 3.9348273277282715
v -304.79998779296875 -174.63516235351562 3.174999952316284
v -304.79998779296875 -174.54290771484375 3.9348273277282715
v -304.79998779296875 -174.271484375 4.650496006011963
v -304.79998779296875 -173.83668518066406 5.280414581298828
v -304.79998779296875 -173.26376342773438 5.787973880767822
v -304.79998779296875 -172.58602905273438 6.1436767578125
v -304.79998779296875 -171.84286499023438 6.326850891113281
v -304.79998779296875 -171.07745361328125 6.326850891113281
v -304.79998779296875 -170.33428955078125 6.1436767578125
v -304.79998779296875 -169.65655517578125 5.787973880767822
v -304.79998779296875 -169.08363342285156 5.280414581298828
v -304.79998779296875 -168.64883422851562 4.650496006011963
v -304.79998779296875 -168.37742614746094 3.9348273277282715
v -304.79998779296875 -168.28515625 3.174999952316284
v -301.76214599609375 -174.63516235351562 3.174999952316284
v -301.76214599609375 -168.28515625 3.174999952316284
v -301.76214599609375 -168.37742614746094 3.9348273277282715
v -301.76214599609375 -168.64883422851562 4.650496006011963
v -301.76214599609375 -169.08363342285156 5.280414581298828
v -301.76214599609375 -169.65655517578125 5.787973880767822
v -301.76214599609375 -170.33428955078125 6.1436767578125
v -301.76214599609375 -171.07745361328125 6.326850891113281
v -301.76214599609375 -171.84286499023438 6.326850891113281
v -301.76214599609375 -172.58602905273438 6.1436767578125
v -301.76214599609375 -173.26376342773438 5.787973880767822
v -301.76214599609375 -173.83668518066406 5.280414581298828
v -301.76214599609375 -174.271484375 4.650496006011963
v -301.76214599609375 -174.54290771484375 3.9348273277282715
v -304.79998779296875 114.162841796875 -9.524999618530273
v -304.79998779296875 114.25509643554688 -8.765172958374023
v -304.79998779296875 114.52651977539062 -8.049504280090332
v -304.79998779296875 114.96131896972656 -7.419585704803467
v -304.79998779296875 115.53423309326172 -6.912026405334473
v -304.79998779296875 116.21196746826172 -6.556323528289795
v -304.79998779296875 116.95513916015625 -6.373149394989014
v -304.79998779296875 117.72054290771484 -6.373149394989014
v -304.79998779296875 118.46370697021484 -6.556323528289795
v -304.79998779296875 119.14144897460938 -6.912026405334473
v -304.79998779296875 119.71436309814453 -7.419585704803467
v -304.79998779296875 120.14916229248047 -8.049504280090332
v -304.79998779296875 120.42057800292969 -8.765172958374023
v -304.79998779296875 120.5128402709961 -9.524999618530273
v -301.76214599609375 114.162841796875 -9.524999618530273
v -301.76214599609375 120.5128402709961 -9.524999618530273
v -301.76214599609375 120.42057800292969 -8.765172958374023
v -301.76214599609375 120.14916229248047 -8.049504280090332
v -301.76214599609375 119.71436309814453 -7.419585704803467
v -301.76214599609375 119.14144897460938 -6.912026405334473
v -301.76214599609375 118.46370697021484 -6.556323528289795
v -301.76214599609375 117.72054290771484 -6.373149394989014
v -301.76214599609375 116.95513916015625 -6.373149394989014
v -301.76214599609375 116.21196746826172 -6.556323528289795
v -301.76214599609375 115.53423309326172 -6.912026405334473
v -301.76214599609375 114.96131896972656 -7.419585704803467
v -301.76214599609375 114.52651977539062 -8.049504280090332
v -301.76214599609375 114.25509643554688 -8.765172958374023
v -304.79998779296875 -57.28715896606445 -9.524999618530273
v -304.79998779296875 -57.19490051269531 -8.765172958374023
v -304.79998779296875 -56.92348098754883 -8.049504280090332
v -304.79998779296875 -56.48868179321289 -7.419585704803467
v -304.79998779296875 -55.91576385498047 -6.912026405334473
v -304.79998779296875 -55.23802947998047 -6.556323528289795
v -304.79998779296875 -54.49486541748047 -6.373149394989014
v -304.79998779296875 -53.72945785522461 -6.373149394989014
v -304.79998779296875 -52.986289978027344 -6.556323528289795
v -304.79998779296875 -52.308555603027344 -6.912026405334473
v -304.79998779296875 -51.73563766479492 -7.419585704803467
v -304.79998779296875 -51.300838470458984 -8.049504280090332
v -304.79998779296875 -51.0294189453125 -8.765172958374023
v -304.79998779296875 -50.93716049194336 -9.524999618530273
v -301.76214599609375 -57.28715896606445 -9.524999618530273
v -301.76214599609375 -50.93716049194336 -9.524999618530273
v -301.76214599609375 -51.0294189453125 -8.765172958374023
v -301.76214599609375 -51.300838470458984 -8.049504280090332
v -301.76214599609375 -51.73563766479492 -7.419585704803467
v -301.76214599609375 -52.308555603027344 -6.912026405334473
v -301.76214599609375 -52.986289978027344 -6.556323528289795
v -301.76214599609375 -53.72945785522461 -6.373149394989014
v -301.76214599609375 -54.49486541748047 -6.373149394989014
v -301.76214599609375 -55.23802947998047 -6.556323528289795
v -301.76214599609375 -55.91576385498047 -6.912026405334473
v -301.76214599609375 -56.48868179321289 -7.419585704803467
v -301.76214599609375 -56.92348098754883 -8.049504280090332
v -301.76214599609375 -57.19490051269531 -8.765172958374023
v -304.79998779296875 -196.98716735839844 -9.524999618530273
v -304.79998779296875 -196.8948974609375 -8.765172958374023
v -304.79998779296875 -196.6234893798828 -8.049504280090332
v -304.79998779296875 -196.1886749267578 -7.419585704803467
v -304.79998779296875 -195.6157684326172 -6.912026405334473
v -304.79998779296875 -194.9380340576172 -6.556323528289795
v -304.79998779296875 -194.1948699951172 -6.373149394989014
v -304.79998779296875 -193.42945861816406 -6.373149394989014
v -304.79998779296875 -192.68629455566406 -6.556323528289795
v -304.79998779296875 -192.00856018066406 -6.912026405334473
v -304.79998779296875 -191.43563842773438 -7.419585704803467
v -304.79998779296875 -191.00083923339844 -8.049504280090332
v -304.79998779296875 -190.7294158935547 -8.765172958374023
v -304.79998779296875 -190.6371612548828 -9.524999618530273
v -301.76214599609375 -196.98716735839844 -9.524999618530273
v -301.76214599609375 -190.6371612548828 -9.524999618530273
v -301.76214599609375 -190.7294158935547 -8.765172958374023
v -301.76214599609375 -191.00083923339844 -8.049504280090332
v -301.76214599609375 -191.43563842773438 -7.419585704803467
v -301.76214599609375 -192.00856018066406 -6.912026405334473
v -301.76214599609375 -192.68629455566406 -6.556323528289795
v -301.76214599609375 -193.42945861816406 -6.373149394989014
v -301.76214599609375 -194.1948699951172 -6.373149394989014
v -301.76214599609375 -194.9380340576172 -6.556323528289795
v -301.76214599609375 -195.6157684326172 -6.912026405334473
v -301.76214599609375 -196.1886749267578 -7.419585704803467
v -301.76214599609375 -196.6234893798828 -8.049504280090332
v -301.76214599609375 -196.8948974609375 -8.765172958374023
v -304.79998779296875 136.0068359375 3.174999952316284
v -304.79998779296875 136.09910583496094 3.9348273277282715
v -304.79998779296875 136.37051391601562 4.650496006011963
v -304.79998779296875 136.80531311035156 5.280414581298828
v -304.79998779296875 137.37823486328125 5.787973880767822
v -304.79998779296875 138.05596923828125 6.1436767578125
v -304.79998779296875 138.79913330078125 6.326850891113281
v -304.79998779296875 139.56454467773438 6.326850891113281
v -304.79998779296875 140.30770874023438 6.1436767578125
v -304.79998779296875 140.98544311523438 5.787973880767822
v -304.79998779296875 141.55836486816406 5.280414581298828
v -304.79998779296875 141.9931640625 4.650496006011963
v -304.79998779296875 142.26458740234375 3.9348273277282715
v -304.79998779296875 142.35684204101562 3.174999952316284
v -301.76214599609375 136.0068359375 3.174999952316284
v -301.76214599609375 142.35684204101562 3.174999952316284
v -301.76214599609375 142.26458740234375 3.9348273277282715
v -301.76214599609375 141.9931640625 4.650496006011963
v -301.76214599609375 141.55836486816406 5.280414581298828
v -301.76214599609375 140.98544311523438 5.787973880767822
v -301.76214599609375 140.30770874023438 6.1436767578125
v -301.76214599609375 139.56454467773438 6.326850891113281
v -301.76214599609375 138.79913330078125 6.326850891113281
v -301.76214599609375 138.05596923828125 6.1436767578125
v -301.76214599609375 137.37823486328125 5.787973880767822
v -301.76214599609375 136.80531311035156 5.280414581298828
v -301.76214599609375 136.37051391601562 4.650496006011963
v -301.76214599609375 136.09910583496094 3.9348273277282715
vn 0 0.992708872461726 0.12053669373169622
vn -1.6711692883568657e-16 0.992708872461726 0.12053669373169622
vn 0 -0.992708872461726 0.12053669373169622
vn 1.8746726138450137e-16 -0.9798256608752107 0.19985413253284684
vn 4.541528612016605e-16 -0.9035254716190987 0.42853438850981995
vn 5.836806754183434e-16 -0.7747156783870729 0.6323097481940773
vn -2.9152108464169213e-15 -0.6008822318232951 0.7993375654121704
vn -9.670628164862408e-16 -0.39212769539593023 0.9199107948619129
vn -5.103592152923561e-16 -0.1605840923081226 0.9870221625159064
vn -1.4516443828204987e-16 0.08029205239015198 0.9967713811717194
vn 1.658504989317879e-15 0.3165019103318308 0.9485918725965882
vn 4.063574966323222e-15 0.5343178572366243 0.8452836372709828
vn 9.852107286934976e-16 0.7210811568361508 0.6928506081803194
vn -1.0505269053749364e-15 0.8659378372730461 0.5001516389844977
vn -7.189266849178495e-16 0.9604693737475579 0.27838567149365573
vn 7.048302842925168e-17 -0.992708872461726 0.12053669373169622
vn -4.42587251061371e-16 0.9798256521212751 0.1998541754507972
vn -1.0525729033643732e-15 0.9035254716190987 0.42853438850981995
vn -1.21472817540274e-15 0.7747156783870729 0.6323097481940773
vn 2.381509150962356e-15 0.6008822318232951 0.7993375654121704
vn 2.8225182123288044e-15 0.39212764495633967 0.9199108163626487
vn 3.1888736289961324e-16 0.16058412134192485 0.9870221577922361
vn -7.526291559219553e-16 -0.08029205239015198 0.9967713811717194
vn -4.2912043666025986e-16 -0.3165019103318308 0.9485918725965882
vn -3.009201258658135e-15 -0.5343178572366243 0.8452836372709828
vn -1.5065168523092624e-15 -0.7210811568361508 0.6928506081803194
vn 4.811497116761105e-16 -0.8659378372730461 0.5001516389844977
vn 3.0921178892268784e-16 -0.9604693737475579 0.27838567149365573
vn 0 0.992708872461726 0.12053669373169622
vn -1.4025885051441945e-16 0.992708872461726 0.12053669373169622
vn 0 -0.992708872461726 0.12053669373169622
vn 1.8746726138450137e-16 -0.9798256608752107 0.19985413253284684
vn 5.035842746315909e-16 -0.9035254716190987 0.42853438850981995
vn 4.798985966358272e-16 -0.7747156783870729 0.6323097481940773
vn -2.7570164321851927e-15 -0.6008822318232951 0.7993375654121704
vn -7.514228379507704e-16 -0.39212769539593023 0.9199107948619129
vn -1.763026554357337e-16 -0.1605840923081226 0.9870221625159064
vn 1.9618542743685794e-16 0.08029205239015198 0.9967713811717194
vn 1.8422934540844105e-15 0.3165019103318308 0.9485918725965882
vn 3.861201005195364e-15 0.5343178572366243 0.8452836372709828
vn 6.14088315180766e-16 0.7210811568361508 0.6928506081803194
vn -1.1666695231108485e-15 0.8659378372730461 0.5001516389844977
vn -6.527331770776966e-16 0.9604693737475579 0.27838567149365573
vn 7.048302842925168e-17 -0.992708872461726 0.12053669373169622
vn -3.723888678361241e-16 0.9798256521212751 0.1998541754507972
vn -1.0044016102620661e-15 0.9035254716190987 0.42853438850981995
vn -1.473712739667759e-15 0.7747156783870729 0.6323097481940773
vn 1.9922394901791486e-15 0.6008822318232951 0.7993375654121704
vn 2.779903559946907e-15 0.39212764495633967 0.9199108163626487
vn 5.607193977218659e-16 0.16058412134192485 0.9870221577922361
vn -3.6453388507776164e-16 -0.08029205239015198 0.9967713811717194
vn -1.9877450229902923e-16 -0.3165019103318308 0.9485918725965882
vn -2.7274802147305494e-15 -0.5343178572366243 0.8452836372709828
vn -1.5322031271179406e-15 -0.7210811568361508 0.6928506081803194
vn 4.748581097026022e-16 -0.8659378372730461 0.5001516389844977
vn 3.266038901151091e-16 -0.9604693737475579 0.27838567149365573
vn 0 0.992708872461726 0.12053669373169622
vn -1.760696171978123e-16 0.992708872461726 0.12053669373169622
vn 0 -0.992708872461726 0.12053669373169622
vn 1.8746726138450137e-16 -0.9798256608752107 0.19985413253284684
vn 3.2187823740472556e-16 -0.9035254716190987 0.42853438850981995
vn 6.313938305880297e-16 -0.7747156783870729 0.6323097481940773
vn 6.15422481243834e-16 -0.6008822318232951 0.7993375654121704
vn 1.7221154023991929e-16 -0.39212769539593023 0.9199107948619129
vn -1.8780096888805715e-16 -0.1605840923081226 0.9870221625159064
vn 0 0.08029205239015198 0.9967713811717194
vn -1.7714860007026025e-16 0.3165019103318308 0.9485918725965882
vn 2.5755569658918354e-16 0.5343178572366243 0.8452836372709828
vn 6.164984945567237e-16 0.7210811568361508 0.6928506081803194
vn -2.302101370801661e-16 0.8659378372730461 0.5001516389844977
vn -6.742424672356881e-16 0.9604693737475579 0.27838567149365573
vn 7.048302842925168e-17 -0.992708872461726 0.12053669373169622
vn -4.65986694489934e-16 0.9798256521212751 0.1998541754507972
vn -8.904353389208544e-16 0.9035254716190987 0.42853438850981995
vn 5.788496229015062e-17 0.7747156783870729 0.6323097481940773
vn 3.213752849511275e-16 0.6008822318232951 0.7993375654121704
vn -1.5988808801235808e-16 0.39212764495633967 0.9199108163626487
vn -1.9316831135349401e-16 0.16058412134192485 0.9870221577922361
vn -1.8780097928228728e-16 -0.08029205239015198 0.9967713811717194
vn -1.8780096565184547e-16 -0.3165019103318308 0.9485918725965882
vn 3.1905841549238606e-16 -0.5343178572366243 0.8452836372709828
vn 6.661029687287791e-16 -0.7210811568361508 0.6928506081803194
vn 4.0459804954701473e-16 -0.8659378372730461 0.5001516389844977
vn 2.570356176943233e-16 -0.9604693737475579 0.27838567149365573
vn 0 0.992708872461726 0.12053669373169622
vn 2.1456619568379882e-15 0.992708872461726 0.12053669373169622
vn 0 -0.992708872461726 0.12053669373169622
vn 1.8746726138450137e-16 -0.9798256608752107 0.19985413253284684
vn 3.2187823740472556e-16 -0.9035254716190987 0.42853438850981995
vn 6.313938305880297e-16 -0.7747156783870729 0.6323097481940773
vn -1.1542327382792977e-15 -0.6008822318232951 0.7993375654121704
vn -5.566838210490005e-16 -0.39212769539593023 0.9199107948619129
vn 0 -0.1605840923081226 0.9870221625159064
vn 3.7646246461753007e-16 0.08029205239015198 0.9967713811717194
vn 7.515624751756209e-16 0.3165019103318308 0.9485918725965882
vn -2.6332377926835544e-16 0.5343178572366243 0.8452836372709828
vn -1.0653080721403878e-15 0.7210811568361508 0.6928506081803194
vn 1.8904676537694406e-15 0.8659378372730461 0.5001516389844977
vn 3.820969471035096e-15 0.9604693737475579 0.27838567149365573
vn 7.048302842925168e-17 -0.992708872461726 0.12053669373169622
vn 2.5594194681019346e-15 0.9798256521212751 0.1998541754507972
vn 3.3385217043191615e-15 0.9035254716190987 0.42853438850981995
vn 1.883772727171619e-16 0.7747156783870729 0.6323097481940773
vn -1.084331873745292e-15 0.6008822318232951 0.7993375654121704
vn 2.7672941109519516e-17 0.39212764495633967 0.9199108163626487
vn 3.7109519132043693e-16 0.16058412134192485 0.9870221577922361
vn 0 -0.08029205239015198 0.9967713811717194
vn 0 -0.3165019103318308 0.9485918725965882
vn -1.4505968784829589e-15 -0.5343178572366243 0.8452836372709828
vn -3.746570026862964e-16 -0.7210811568361508 0.6928506081803194
vn 4.0459804954701473e-16 -0.8659378372730461 0.5001516389844977
vn 2.570356176943233e-16 -0.9604693737475579 0.27838567149365573
vn 0 0.992708872461726 0.12053669373169622
vn -1.6711692883568657e-16 0.992708872461726 0.12053669373169622
vn 0 -0.992708872461726 0.12053669373169622
vn 1.8746726138450137e-16 -0.9798256608752107 0.19985413253284684
vn 4.541528612016605e-16 -0.9035254716190987 0.42853438850981995
vn 5.836806754183434e-16 -0.7747156783870729 0.6323097481940773
vn -2.9152108464169213e-15 -0.6008822318232951 0.7993375654121704
vn -9.670628164862408e-16 -0.39212769539593023 0.9199107948619129
vn -5.103592152923561e-16 -0.1605840923081226 0.9870221625159064
vn -1.4516443828204987e-16 0.08029205239015198 0.9967713811717194
vn 1.658504989317879e-15 0.3165019103318308 0.9485918725965882
vn 4.063574966323222e-15 0.5343178572366243 0.8452836372709828
vn 9.852107286934976e-16 0.7210811568361508 0.6928506081803194
vn -1.0505269053749364e-15 0.8659378372730461 0.5001516389844977
vn -7.189266849178495e-16 0.9604693737475579 0.27838567149365573
vn 7.048302842925168e-17 -0.992708872461726 0.12053669373169622
vn -4.42587251061371e-16 0.9798256521212751 0.1998541754507972
vn -1.0525729033643732e-15 0.9035254716190987 0.42853438850981995
vn -1.21472817540274e-15 0.7747156783870729 0.6323097481940773
vn 2.381509150962356e-15 0.6008822318232951 0.7993375654121704
vn 2.8225182123288044e-15 0.39212764495633967 0.9199108163626487
vn 3.1888736289961324e-16 0.16058412134192485 0.9870221577922361
vn -7.526291559219553e-16 -0.08029205239015198 0.9967713811717194
vn -4.2912043666025986e-16 -0.3165019103318308 0.9485918725965882
vn -3.009201258658135e-15 -0.5343178572366243 0.8452836372709828
vn -1.5065168523092624e-15 -0.7210811568361508 0.6928506081803194
vn 4.811497116761105e-16 -0.8659378372730461 0.5001516389844977
vn 3.0921178892268784e-16 -0.9604693737475579 0.27838567149365573
vn 0 0.992708872461726 0.12053669373169622
vn 2.1635673865017997e-15 0.992708872461726 0.12053669373169622
vn 0 -0.992708872461726 0.12053669373169622
vn 1.8346234408582124e-16 -0.9798256608752107 0.19985413253284684
vn 4.748636108538526e-16 -0.9035254716190987 0.42853438850981995
vn 6.676110014148923e-16 -0.7747156783870729 0.6323097481940773
vn -1.1055064268643352e-15 -0.6008822318232951 0.7993375654121704
vn -2.421723593483775e-16 -0.39212769539593023 0.9199107948619129
vn 2.3683967672282925e-16 -0.1605840923081226 0.9870221625159064
vn 2.3129801310059057e-16 0.08029205239015198 0.9967713811717194
vn 9.30470230299956e-16 0.3165019103318308 0.9485918725965882
vn -2.1463906452018035e-16 0.5343178572366243 0.8452836372709828
vn -1.1133671346590736e-15 0.7210811568361508 0.6928506081803194
vn 1.7208637040249532e-15 0.8659378372730461 0.5001516389844977
vn 3.803689575239415e-15 0.9604693737475579 0.27838567149365573
vn 7.048302842925168e-17 -0.992708872461726 0.12053669373169622
vn 2.606218672596408e-15 0.9798256521212751 0.1998541754507972
vn 3.211712190037058e-15 0.9035254716190987 0.42853438850981995
vn 8.28522317029058e-17 0.7747156783870729 0.6323097481940773
vn -1.1678095117452146e-15 0.6008822318232951 0.7993375654121704
vn 2.592703608408221e-16 0.39212764495633967 0.9199108163626487
vn 3.1974786896146645e-16 0.16058412134192485 0.9870221577922361
vn -1.4251974337760865e-18 -0.08029205239015198 0.9967713811717194
vn 3.180785218884307e-16 -0.3165019103318308 0.9485918725965882
vn -1.2395458058641105e-15 -0.5343178572366243 0.8452836372709828
vn -3.978461448907127e-16 -0.7210811568361508 0.6928506081803194
vn 5.337269000980009e-16 -0.8659378372730461 0.5001516389844977
vn 3.139029221245173e-16 -0.9604693737475579 0.27838567149365573
vn 0 0.992708872461726 0.12053669373169622
vn -1.7010115828972846e-16 0.992708872461726 0.12053669373169622
vn 0 -0.992708872461726 0.12053669373169622
vn 1.8746726138450137e-16 -0.9798256608752107 0.19985413253284684
vn 4.541528612016605e-16 -0.9035254716190987 0.42853438850981995
vn 5.836806754183434e-16 -0.7747156783870729 0.6323097481940773
vn -2.9152108464169213e-15 -0.6008822318232951 0.7993375654121704
vn -9.670628164862408e-16 -0.39212769539593023 0.9199107948619129
vn -5.103592152923561e-16 -0.1605840923081226 0.9870221625159064
vn -1.4516443828204987e-16 0.08029205239015198 0.9967713811717194
vn 1.658504989317879e-15 0.3165019103318308 0.9485918725965882
vn 4.063574966323222e-15 0.5343178572366243 0.8452836372709828
vn 9.852107286934976e-16 0.7210811568361508 0.6928506081803194
vn -1.0505269053749364e-15 0.8659378372730461 0.5001516389844977
vn -7.209291767022649e-16 0.9604693737475579 0.27838567149365573
vn 7.048302842925168e-17 -0.992708872461726 0.12053669373169622
vn -4.445896898404865e-16 0.9798256521212751 0.1998541754507972
vn -1.0525729033643732e-15 0.9035254716190987 0.42853438850981995
vn -1.21472817540274e-15 0.7747156783870729 0.6323097481940773
vn 2.381509150962356e-15 0.6008822318232951 0.7993375654121704
vn 2.8225182123288044e-15 0.39212764495633967 0.9199108163626487
vn 3.1888736289961324e-16 0.16058412134192485 0.9870221577922361
vn -7.526291559219553e-16 -0.08029205239015198 0.9967713811717194
vn -4.2912043666025986e-16 -0.3165019103318308 0.9485918725965882
vn -3.009201258658135e-15 -0.5343178572366243 0.8452836372709828
vn -1.5065168523092624e-15 -0.7210811568361508 0.6928506081803194
vn 4.811497116761105e-16 -0.8659378372730461 0.5001516389844977
vn 3.0921178892268784e-16 -0.9604693737475579 0.27838567149365573
vn 0 0.992708872461726 0.12053669373169622
vn -1.760696171978123e-16 0.992708872461726 0.12053669373169622
vn 0 -0.992708872461726 0.12053669373169622
vn 1.8746726138450137e-16 -0.9798256608752107 0.19985413253284684
vn 4.955744134456038e-16 -0.9035254716190987 0.42853438850981995
vn 7.35521710578576e-16 -0.7747156783870729 0.6323097481940773
vn -2.9238880636815478e-15 -0.6008822318232951 0.7993375654121704
vn -9.19629500509413e-16 -0.39212769539593023 0.9199107948619129
vn -5.589677362685916e-16 -0.1605840923081226 0.9870221625159064
vn 0 0.08029205239015198 0.9967713811717194
vn 1.8462984375524395e-15 0.3165019103318308 0.9485918725965882
vn 4.183096398758661e-15 0.5343178572366243 0.8452836372709828
vn 1.2762347399681266e-15 0.7210811568361508 0.6928506081803194
vn -9.423940430228588e-16 0.8659378372730461 0.5001516389844977
vn -7.463310068043292e-16 0.9604693737475579 0.27838567149365573
vn 7.048302842925168e-17 -0.992708872461726 0.12053669373169622
vn -4.65986694489934e-16 0.9798256521212751 0.1998541754507972
vn -1.0739700144015853e-15 0.9035254716190987 0.42853438850981995
vn -9.557435052586002e-16 0.7747156783870729 0.6323097481940773
vn 2.6038237475039552e-15 0.6008822318232951 0.7993375654121704
vn 2.9576218773267758e-15 0.39212764495633967 0.9199108163626487
vn 5.607193977218659e-16 0.16058412134192485 0.9870221577922361
vn -7.512039171291491e-16 -0.08029205239015198 0.9967713811717194
vn -3.852541892187734e-16 -0.3165019103318308 0.9485918725965882
vn -3.046538683162495e-15 -0.5343178572366243 0.8452836372709828
vn -1.4154169741013718e-15 -0.7210811568361508 0.6928506081803194
vn 5.782942801964974e-16 -0.8659378372730461 0.5001516389844977
vn 3.266038901151091e-16 -0.9604693737475579 0.27838567149365573
vn 0.12053669373169622 0 -0.992708872461726
vn 0.12053669373169622 -4.356977120483578e-16 -0.992708872461726
vn 0.12053669373169622 0 0.992708872461726
vn 0.19985413253284684 1.8949065101174932e-16 0.9798256608752107
vn 0.42853438850981995 -5.35481777829414e-15 0.9035254716190987
vn 0.6323097481940773 -2.969759197528109e-15 0.7747156783870729
vn 0.7993375654121704 5.5182248304237945e-16 0.6008822318232951
vn 0.9199107948619129 4.962593489125619e-16 0.39212769539593023
vn 0.9870221625159064 2.609983269532058e-16 0.1605840923081226
vn 0.9967713811717194 -1.561918674228567e-16 -0.08029205239015198
vn 0.9485918725965882 -5.69377126114938e-16 -0.3165019103318308
vn 0.8452836372709828 -9.383323101336279e-16 -0.5343178572366243
vn 0.6928506081803194 -1.2633574036076325e-15 -0.7210811568361508
vn 0.5001516389844977 -1.1719577616092092e-15 -0.8659378372730461
vn 0.27838567149365573 -9.359666505631965e-16 -0.9604693737475579
vn 0.12053669373169622 1.45119999120564e-16 0.992708872461726
vn 0.1998541754507972 -5.675139669508095e-16 -0.9798256521212751
vn 0.42853438850981995 -9.665222968637138e-16 -0.9035254716190987
vn 0.6323097481940773 -1.1937901557785045e-15 -0.7747156783870729
vn 0.7993375654121704 -1.056282907109637e-15 -0.6008822318232951
vn 0.9199108163626487 -6.867010131164543e-16 -0.39212764495633967
vn 0.9870221577922361 -2.97042674439201e-16 -0.16058412134192485
vn 0.9967713811717194 1.408507510053275e-16 0.08029205239015198
vn 0.9485918725965882 4.889280556692753e-16 0.3165019103318308
vn 0.8452836372709828 5.875161938622327e-16 0.5343178572366243
vn 0.6928506081803194 6.45826640558546e-16 0.7210811568361508
vn 0.5001516389844977 -5.204744342371547e-15 0.8659378372730461
vn 0.27838567149365573 -1.8532587655705293e-15 0.9604693737475579
vn 0.12053669373169622 0 -0.992708872461726
vn 0.12053669373169622 -2.2381731493226273e-16 -0.992708872461726
vn 0.12053669373169622 0 0.992708872461726
vn 0.19985413253284684 9.877117378246269e-17 0.9798256608752107
vn 0.42853438850981995 -1.9778776836627432e-17 0.9035254716190987
vn 0.6323097481940773 2.979398750309086e-16 0.7747156783870729
vn 0.7993375654121704 -1.5061524283365105e-16 0.6008822318232951
vn 0.9199107948619129 1.318117079727717e-16 0.39212769539593023
vn 0.9870221625159064 2.4525582256532846e-16 0.1605840923081226
vn 0.9967713811717194 -1.4017219821479213e-16 -0.08029205239015198
vn 0.9485918725965882 1.0450564617379724e-16 -0.3165019103318308
vn 0.8452836372709828 -1.1184674474443007e-16 -0.5343178572366243
vn 0.6928506081803194 -1.1153227220280608e-17 -0.7210811568361508
vn 0.5001516389844977 -5.2882107878099775e-18 -0.8659378372730461
vn 0.27838567149365573 -9.603769491822541e-17 -0.9604693737475579
vn 0.12053669373169622 1.4719696363414933e-16 0.992708872461726
vn 0.1998541754507972 -7.929464005038718e-18 -0.9798256521212751
vn 0.42853438850981995 1.7701598932849278e-16 -0.9035254716190987
vn 0.6323097481940773 2.7992261035903455e-16 -0.7747156783870729
vn 0.7993375654121704 5.722141659603996e-17 -0.6008822318232951
vn 0.9199108163626487 2.730032534905061e-16 -0.39212764495633967
vn 0.9870221577922361 7.647121945307445e-17 -0.16058412134192485
vn 0.9967713811717194 1.291131773924755e-16 0.08029205239015198
vn 0.9485918725965882 4.731855780224541e-16 0.3165019103318308
vn 0.8452836372709828 -8.288225425525485e-17 0.5343178572366243
vn 0.6928506081803194 2.6346727591042675e-16 0.7210811568361508
vn 0.5001516389844977 1.8204299927041869e-16 0.8659378372730461
vn 0.27838567149365573 1.4307111879602946e-16 0.9604693737475579
vn 0.12053669373169622 0 -0.992708872461726
vn 0.12053669373169622 1.283219326982518e-16 -0.992708872461726
vn 0.12053669373169622 0 0.992708872461726
vn 0.19985413253284684 -1.4917282300088715e-15 0.9798256608752107
vn 0.42853438850981995 -1.1133676343577763e-15 0.9035254716190987
vn 0.6323097481940773 2.896148380025326e-16 0.7747156783870729
vn 0.7993375654121704 3.5036556988840475e-16 0.6008822318232951
vn 0.9199107948619129 3.7057501114791416e-16 0.39212769539593023
vn 0.9870221625159064 2.3696879630786137e-16 0.1605840923081226
vn 0.9967713811717194 -1.4017219821479213e-16 -0.08029205239015198
vn 0.9485918725965882 -5.533574569406145e-16 -0.3165019103318308
vn 0.8452836372709828 4.1879676852945714e-15 -0.5343178572366243
vn 0.6928506081803194 1.0755155605801251e-15 -0.7210811568361508
vn 0.5001516389844977 -1.179967622872163e-15 -0.8659378372730461
vn 0.27838567149365573 5.555912555887981e-16 -0.9604693737475579
vn 0.12053669373169622 -5.638642274340134e-16 0.992708872461726
vn 0.1998541754507972 9.240438902332443e-16 -0.9798256521212751
vn 0.42853438850981995 1.4657066059115652e-16 -0.9035254716190987
vn 0.6323097481940773 -1.2018000171344976e-15 -0.7747156783870729
vn 0.7993375654121704 4.070017026001161e-15 -0.6008822318232951
vn 0.9199108163626487 2.0927158734479747e-15 -0.39212764495633967
vn 0.9870221577922361 -2.8102297859571156e-16 -0.16058412134192485
vn 0.9967713811717194 1.408507510053275e-16 0.08029205239015198
vn 0.9485918725965882 4.1931261585297624e-16 0.3165019103318308
vn 0.8452836372709828 4.0455196647506145e-16 0.5343178572366243
vn 0.6928506081803194 4.1970989225566063e-16 0.7210811568361508
vn 0.5001516389844977 1.614574250081471e-16 0.8659378372730461
vn 0.27838567149365573 -1.4917282656550413e-15 0.9604693737475579
vn 0.12053669373169622 0 -0.992708872461726
vn 0.12053669373169622 -4.356977120483578e-16 -0.992708872461726
vn 0.12053669373169622 0 0.992708872461726
vn 0.19985413253284684 0 0.9798256608752107
vn 0.42853438850981995 -2.5556536204608507e-15 0.9035254716190987
vn 0.6323097481940773 -1.03875781804288e-15 0.7747156783870729
vn 0.7993375654121704 7.047360174281076e-16 0.6008822318232951
vn 0.9199107948619129 4.586832201085122e-16 0.39212769539593023
vn 0.9870221625159064 2.3696879630786137e-16 0.1605840923081226
vn 0.9967713811717194 -1.4417711551680828e-16 -0.08029205239015198
vn 0.9485918725965882 -5.573623874690849e-16 -0.3165019103318308
vn 0.8452836372709828 -1.0399871705271992e-15 -0.5343178572366243
vn 0.6928506081803194 2.8083083769208116e-15 -0.7210811568361508
vn 0.5001516389844977 3.502730086218019e-15 -0.8659378372730461
vn 0.27838567149365573 1.774010865239368e-16 -0.9604693737475579
vn 0.12053669373169622 0 0.992708872461726
vn 0.1998541754507972 -5.675139669508095e-16 -0.9798256521212751
vn 0.42853438850981995 1.9299815108321504e-15 -0.9035254716190987
vn 0.6323097481940773 4.717080419725396e-15 -0.7747156783870729
vn 0.7993375654121704 1.1916126198562242e-15 -0.6008822318232951
vn 0.9199108163626487 -7.322869512880801e-16 -0.39212764495633967
vn 0.9870221577922361 -2.850279091740288e-16 -0.16058412134192485
vn 0.9967713811717194 1.408507510053275e-16 0.08029205239015198
vn 0.9485918725965882 4.1931261585297624e-16 0.3165019103318308
vn 0.8452836372709828 6.227552000946574e-16 0.5343178572366243
vn 0.6928506081803194 8.474295929713952e-16 0.7210811568361508
vn 0.5001516389844977 -2.2327386361831256e-15 0.8659378372730461
vn 0.27838567149365573 -9.296564668077062e-16 0.9604693737475579
vn 0.12053669373169622 0 -0.992708872461726
vn 0.12053669373169622 -4.356977120483578e-16 -0.992708872461726
vn 0.12053669373169622 0 0.992708872461726
vn 0.19985413253284684 1.8949065101174932e-16 0.9798256608752107
vn 0.42853438850981995 -2.463540481519795e-15 0.9035254716190987
vn 0.6323097481940773 -1.2639788012833273e-15 0.7747156783870729
vn 0.7993375654121704 5.197831971341985e-16 0.6008822318232951
vn 0.9199107948619129 4.614516414365316e-16 0.39212769539593023
vn 0.9870221625159064 2.489835616305336e-16 0.1605840923081226
vn 0.9967713811717194 -1.561918674228567e-16 -0.08029205239015198
vn 0.9485918725965882 -6.409112808141681e-16 -0.3165019103318308
vn 0.8452836372709828 -1.0880462323225941e-15 -0.5343178572366243
vn 0.6928506081803194 2.8083083769208116e-15 -0.7210811568361508
vn 0.5001516389844977 3.502730086218019e-15 -0.8659378372730461
vn 0.27838567149365573 1.774010865239368e-16 -0.9604693737475579
vn 0.12053669373169622 1.45119999120564e-16 0.992708872461726
vn 0.1998541754507972 -5.675139669508095e-16 -0.9798256521212751
vn 0.42853438850981995 1.9299815108321504e-15 -0.9035254716190987
vn 0.6323097481940773 4.717080419725396e-15 -0.7747156783870729
vn 0.7993375654121704 1.1916126198562242e-15 -0.6008822318232951
vn 0.9199108163626487 -8.038211093090441e-16 -0.39212764495633967
vn 0.9870221577922361 -3.205177689680819e-16 -0.16058412134192485
vn 0.9967713811717194 1.408507510053275e-16 0.08029205239015198
vn 0.9485918725965882 4.541203489960154e-16 0.3165019103318308
vn 0.8452836372709828 5.647231722631275e-16 0.5343178572366243
vn 0.6928506081803194 5.73422950515758e-16 0.7210811568361508
vn 0.5001516389844977 -2.3538317380264604e-15 0.8659378372730461
vn 0.27838567149365573 -7.401657186236801e-16 0.9604693737475579
vn 0.12053669373169622 0 -0.992708872461726
vn 0.12053669373169622 -4.356977120483578e-16 -0.992708872461726
vn 0.12053669373169622 0 0.992708872461726
vn 0.19985413253284684 0 0.9798256608752107
vn 0.42853438850981995 -5.790564137097321e-15 0.9035254716190987
vn 0.6323097481940773 -3.2747634863072022e-15 0.7747156783870729
vn 0.7993375654121704 3.5036556988840475e-16 0.6008822318232951
vn 0.9199107948619129 3.7057501114791416e-16 0.39212769539593023
vn 0.9870221625159064 2.3696879630786137e-16 0.1605840923081226
vn 0.9967713811717194 -1.4017219821479213e-16 -0.08029205239015198
vn 0.9485918725965882 -5.533574569406145e-16 -0.3165019103318308
vn 0.8452836372709828 -9.383323101336279e-16 -0.5343178572366243
vn 0.6928506081803194 -1.2633574036076325e-15 -0.7210811568361508
vn 0.5001516389844977 -1.1719577616092092e-15 -0.8659378372730461
vn 0.27838567149365573 -9.359666505631965e-16 -0.9604693737475579
vn 0.12053669373169622 0 0.992708872461726
vn 0.1998541754507972 -5.675139669508095e-16 -0.9798256521212751
vn 0.42853438850981995 -9.665222968637138e-16 -0.9035254716190987
vn 0.6323097481940773 -1.1937901557785045e-15 -0.7747156783870729
vn 0.7993375654121704 -1.056282907109637e-15 -0.6008822318232951
vn 0.9199108163626487 -6.867010131164543e-16 -0.39212764495633967
vn 0.9870221577922361 -2.8102297859571156e-16 -0.16058412134192485
vn 0.9967713811717194 1.408507510053275e-16 0.08029205239015198
vn 0.9485918725965882 4.1931261585297624e-16 0.3165019103318308
vn 0.8452836372709828 4.0455196647506145e-16 0.5343178572366243
vn 0.6928506081803194 4.1970989225566063e-16 0.7210811568361508
vn 0.5001516389844977 -5.629106582442183e-15 0.8659378372730461
vn 0.27838567149365573 -2.2261857762563402e-15 0.9604693737475579
vn 0.12053669373169622 0 -0.992708872461726
vn 0.12053669373169622 1.283219326982518e-16 -0.992708872461726
vn 0.12053669373169622 0 0.992708872461726
vn 0.19985413253284684 -1.3022375392924534e-15 0.9798256608752107
vn 0.42853438850981995 -6.6961125554993e-16 0.9035254716190987
vn 0.6323097481940773 6.026289087282778e-16 0.7747156783870729
vn 0.7993375654121704 5.5182248304237945e-16 0.6008822318232951
vn 0.9199107948619129 4.962593489125619e-16 0.39212769539593023
vn 0.9870221625159064 2.609983269532058e-16 0.1605840923081226
vn 0.9967713811717194 -1.561918674228567e-16 -0.08029205239015198
vn 0.9485918725965882 -5.69377126114938e-16 -0.3165019103318308
vn 0.8452836372709828 4.1879676852945714e-15 -0.5343178572366243
vn 0.6928506081803194 1.0755155605801251e-15 -0.7210811568361508
vn 0.5001516389844977 -1.179967622872163e-15 -0.8659378372730461
vn 0.27838567149365573 5.555912555887981e-16 -0.9604693737475579
vn 0.12053669373169622 -4.1874424154833936e-16 0.992708872461726
vn 0.1998541754507972 9.240438902332443e-16 -0.9798256521212751
vn 0.42853438850981995 1.4657066059115652e-16 -0.9035254716190987
vn 0.6323097481940773 -1.2018000171344976e-15 -0.7747156783870729
vn 0.7993375654121704 4.070017026001161e-15 -0.6008822318232951
vn 0.9199108163626487 2.0927158734479747e-15 -0.39212764495633967
vn 0.9870221577922361 -2.97042674439201e-16 -0.16058412134192485
vn 0.9967713811717194 1.408507510053275e-16 0.08029205239015198
vn 0.9485918725965882 4.889280556692753e-16 0.3165019103318308
vn 0.8452836372709828 5.875161938622327e-16 0.5343178572366243
vn 0.6928506081803194 6.45826640558546e-16 0.7210811568361508
vn 0.5001516389844977 5.938292881137176e-16 0.8659378372730461
vn 0.27838567149365573 -1.1188010432109916e-15 0.9604693737475579
vn 0.12053669373169622 0 -0.992708872461726
vn 0.12053669373169622 -4.356977120483578e-16 -0.992708872461726
vn 0.12053669373169622 0 0.992708872461726
vn 0.19985413253284684 0 0.9798256608752107
vn 0.42853438850981995 -2.5556536204608507e-15 0.9035254716190987
vn 0.6323097481940773 -1.03875781804288e-15 0.7747156783870729
vn 0.7993375654121704 7.047360174281076e-16 0.6008822318232951
vn 0.9199107948619129 4.586832201085122e-16 0.39212769539593023
vn 0.9870221625159064 2.3696879630786137e-16 0.1605840923081226
vn 0.9967713811717194 -1.4417711551680828e-16 -0.08029205239015198
vn 0.9485918725965882 -5.573623874690849e-16 -0.3165019103318308
vn 0.8452836372709828 -1.0399871705271992e-15 -0.5343178572366243
vn 0.6928506081803194 2.8083083769208116e-15 -0.7210811568361508
vn 0.5001516389844977 3.502730086218019e-15 -0.8659378372730461
vn 0.27838567149365573 1.774010865239368e-16 -0.9604693737475579
vn 0.12053669373169622 0 0.992708872461726
vn 0.1998541754507972 -5.675139669508095e-16 -0.9798256521212751
vn 0.42853438850981995 1.9299815108321504e-15 -0.9035254716190987
vn 0.6323097481940773 4.717080419725396e-15 -0.7747156783870729
vn 0.7993375654121704 1.1916126198562242e-15 -0.6008822318232951
vn 0.9199108163626487 -7.322869512880801e-16 -0.39212764495633967
vn 0.9870221577922361 -2.850279091740288e-16 -0.16058412134192485
vn 0.9967713811717194 1.408507510053275e-16 0.08029205239015198
vn 0.9485918725965882 4.1931261585297624e-16 0.3165019103318308
vn 0.8452836372709828 6.227552000946574e-16 0.5343178572366243
vn 0.6928506081803194 8.474295929713952e-16 0.7210811568361508
vn 0.5001516389844977 -2.2327386361831256e-15 0.8659378372730461
vn 0.27838567149365573 -9.296564668077062e-16 0.9604693737475579
vn 0.12053669373169622 0 -0.992708872461726
vn 0.12053669373169622 -4.356977120483578e-16 -0.992708872461726
vn 0.12053669373169622 0 0.992708872461726
vn 0.19985413253284684 1.8949065101174932e-16 0.9798256608752107
vn 0.42853438850981995 -2.463540481519795e-15 0.9035254716190987
vn 0.6323097481940773 -1.2639788012833273e-15 0.7747156783870729
vn 0.7993375654121704 5.197831971341985e-16 0.6008822318232951
vn 0.9199107948619129 4.614516414365316e-16 0.39212769539593023
vn 0.9870221625159064 2.489835616305336e-16 0.1605840923081226
vn 0.9967713811717194 -1.561918674228567e-16 -0.08029205239015198
vn 0.9485918725965882 -6.409112808141681e-16 -0.3165019103318308
vn 0.8452836372709828 -1.0880462323225941e-15 -0.5343178572366243
vn 0.6928506081803194 2.8083083769208116e-15 -0.7210811568361508
vn 0.5001516389844977 3.502730086218019e-15 -0.8659378372730461
vn 0.27838567149365573 1.774010865239368e-16 -0.9604693737475579
vn 0.12053669373169622 1.45119999120564e-16 0.992708872461726
vn 0.1998541754507972 -5.675139669508095e-16 -0.9798256521212751
vn 0.42853438850981995 1.9299815108321504e-15 -0.9035254716190987
vn 0.6323097481940773 4.717080419725396e-15 -0.7747156783870729
vn 0.7993375654121704 1.1916126198562242e-15 -0.6008822318232951
vn 0.9199108163626487 -8.038211093090441e-16 -0.39212764495633967
vn 0.9870221577922361 -3.205177689680819e-16 -0.16058412134192485
vn 0.9967713811717194 1.408507510053275e-16 0.08029205239015198
vn 0.9485918725965882 4.541203489960154e-16 0.3165019103318308
vn 0.8452836372709828 5.647231722631275e-16 0.5343178572366243
vn 0.6928506081803194 5.73422950515758e-16 0.7210811568361508
vn 0.5001516389844977 -2.3538317380264604e-15 0.8659378372730461
vn 0.27838567149365573 -7.401657186236801e-16 0.9604693737475579
vn 0.12053669373169622 0 -0.992708872461726
vn 0.12053669373169622 -2.924546188450065e-16 -0.992708872461726
vn 0.12053669373169622 0 0.992708872461726
vn 0.19985413253284684 3.7898130202349864e-16 0.9798256608752107
vn 0.42853438850981995 5.27859656562915e-16 0.9035254716190987
vn 0.6323097481940773 -5.806907019908598e-16 0.7747156783870729
vn 0.7993375654121704 -1.2144525952585104e-17 0.6008822318232951
vn 0.9199107948619129 -9.97105698903404e-16 0.39212769539593023
vn 0.9870221625159064 -2.0746509288901292e-15 0.1605840923081226
vn 0.9967713811717194 -9.72972968525976e-16 -0.08029205239015198
vn 0.9485918725965882 -7.40479896273133e-16 -0.3165019103318308
vn 0.8452836372709828 1.474721303541624e-16 -0.5343178572366243
vn 0.6928506081803194 -7.427178949390872e-16 -0.7210811568361508
vn 0.5001516389844977 -4.538391986743401e-16 -0.8659378372730461
vn 0.27838567149365573 -2.8123090229174493e-16 -0.9604693737475579
vn 0.12053669373169622 2.90239998241128e-16 0.992708872461726
vn 0.1998541754507972 -1.9312267357045943e-16 -0.9798256521212751
vn 0.42853438850981995 3.787938288152379e-17 -0.9035254716190987
vn 0.6323097481940773 -7.560159378686234e-16 -0.7747156783870729
vn 0.7993375654121704 1.216348311241593e-16 -0.6008822318232951
vn 0.9199108163626487 -1.7649610173956887e-16 -0.39212764495633967
vn 0.9870221577922361 -3.7603225518394166e-16 -0.16058412134192485
vn 0.9967713811717194 -1.4058294566095603e-15 0.08029205239015198
vn 0.9485918725965882 -1.8024195904960664e-15 0.3165019103318308
vn 0.8452836372709828 -6.809411099916786e-17 0.5343178572366243
vn 0.6928506081803194 -4.806974572201716e-16 0.7210811568361508
vn 0.5001516389844977 5.930669319841412e-17 0.8659378372730461
vn 0.27838567149365573 5.624178647489563e-16 0.9604693737475579
vn 0 0 -1
vn 0 0 -1
vn 0 0 -1
vn 0 0 -1
vn 0 0 -1
vn 0 0 -1
vn 0 0 -1
vn 0 0 -1
vn 0 0 -1
vn 0 0 -1
vn 0 0 -1
vn 0 0 -1
vn 0 0 -1
vn 0 0 -1
vn 0 0 -1
vn 0 0 -1
vn 0 0 -1
vn 0 0 -1
vn 0 0 -1
vn 0 0 -1
vn 0 0 -1
vn 0 0 -1
vn 0 0 -1
vn 0 0 -1
vn 0 0 -1
vn 0 0 -1
vn 0 0 -1
vn 0 0 -1
vn 0 0 -1
vn 0 0 -1
vn 0 0 -1
vn 0 0 -1
vn 0 0 -1
vn 0.2598725264228444 -0.9656429309069725 0
vn 0.33536293665175 -0.942089008915991 0
vn 0.5478495807933829 -0.8365768564958721 0
vn 0.7295014050382684 -0.6839793125871515 0
vn 0.889017136034807 -0.45787392570058966 0
vn 0.9718583098621493 -0.23556618083223813 0
vn 0.9929396518506469 -0.11862060437679502 0
vn 0.2598725264228444 -0.9656429309069725 0
vn 0.40921274375067773 -0.9124390008937814 0
vn 0.6126366070602915 -0.7903647181457771 0
vn 0.781579180812466 -0.6238060468771641 0
vn 0.889017136034807 -0.45787392570058966 0
vn 0.9718583098621493 -0.23556618083223813 0
vn 0.9929396518506469 -0.11862060437679502 0
vn 0.14349261021332044 -0.9896513885273783 0
vn 0.14349261021332044 -0.9896513885273783 0
vn 0.14349261021332044 -0.9896513885273783 0
vn 0.14349261021332044 -0.9896513885273783 0
vn 0.1991541504158465 -0.9799681751833282 0
vn 0.1991541504158465 -0.9799681751833282 0
vn 0.9382668136947376 -0.34591239688557635 0
vn 0.9245805418898079 -0.3809866422313902 0
vn 0.8757190202749745 -0.48282108231583976 0
vn 0.8046348007219591 -0.5937700206874148 0
vn 0.732542888185243 -0.6807208803681745 0
vn 0.6652979859473651 -0.7465779195063161 0
vn 0.5768627633795854 -0.8168410813775644 0
vn 0.46445567870925275 -0.885596365459303 0
vn 0.3616245388554566 -0.9323238133275253 0
vn 0.27236736581660836 -0.9621933371407859 0
vn 0.9382668136947376 -0.34591239688557635 0
vn 0.9095614055529588 -0.415569548365284 0
vn 0.8568957839292999 -0.5154896851385006 0
vn 0.8046348007219591 -0.5937700206874148 0
vn 0.732542888185243 -0.6807208803681745 0
vn 0.6366815057756122 -0.771126876851857 0
vn 0.5456605053086343 -0.8380063322829523 0
vn 0.46445567870925275 -0.885596365459303 0
vn 0.3616245388554566 -0.9323238133275253 0
vn 0.23590222304325836 -0.9717767959584386 0
vn 0.9563047493642974 -0.2923717263062354 0
vn 0.9563047493642974 -0.2923717263062354 0
vn 0.9563047493642974 -0.2923717263062354 0
vn 0.9563047493642974 -0.2923717263062354 0
vn 0.10597481815709688 -0.9943688138294413 0
vn 0.17591808839263479 -0.9844048080826715 0
vn 0.4120444869886024 -0.9111637288337917 0
vn 0.5948228160559866 -0.8038568389329196 0
vn 0.7508800591805551 -0.6604385942122144 0
vn 0.8732057549376929 -0.4873517308307151 0
vn 0.9199355904049253 -0.3920695212667536 0
vn 0.10597481815709688 -0.9943688138294413 0
vn 0.24532843623168615 -0.9694400230938041 0
vn 0.4120444869886024 -0.9111637288337917 0
vn 0.594822777540309 -0.8038568674330225 0
vn 0.7508800591805551 -0.6604385942122144 0
vn 0.8732057549376929 -0.4873517308307151 0
vn 0.9199355904049253 -0.3920695212667536 0
vn 9.355894795600849e-15 -1 0
vn 9.829841916841626e-15 -1 9.714986155018074e-16
vn 9.355894795600849e-15 -1 0
vn 9.355894795600849e-15 -1 2.1301777480614223e-15
vn 2.303787992622916e-14 -1 1.6845525286648087e-14
vn 2.597418231832429e-14 -1 -1.0753468665384344e-14
vn 2.1944197760997985e-14 -1 -1.749991244851066e-14
vn 2.3229400851866935e-14 -1 -1.43834275138097e-14
vn 8.118742189763741e-15 -1 -1.6858742388757043e-14
vn -1.5303935487040628e-14 -1 -2.2686022439939724e-14
vn -2.662446306445857e-14 -1 -1.247452611179015e-14
vn 0 -1 0
vn -1.3486990522873846e-14 -1 -1.459411679504384e-14
vn 1.5267136987680112e-14 -1 -1.514696334125546e-14
vn 2.4568841156414473e-14 -1 -1.6306917364279812e-14
vn 2.194419945506388e-14 -1 -1.7499915836642448e-14
vn 2.5013680837455803e-14 -1 -1.2747968675954572e-14
vn 2.7223227266740847e-14 -1 -6.862283161959866e-15
vn -1 -6.478168861093973e-17 -2.7070577953601993e-15
vn -1 -2.381631654552478e-16 -5.9535362412015645e-15
vn -1 0 0
vn -1 0 0
vn -1 0 0
vn -1 0 0
vn -1 0 0
vn -1 0 0
vn -1 -1.877882208458151e-15 -3.4865196950989127e-16
vn -1 -3.966942753798363e-16 3.4761935693784947e-15
vn -1 -9.527466295385773e-17 1.046604179901899e-15
vn -1 0 0
vn -1 0 0
vn -1 0 0
vn -1 0 0
vn -1 0 0
vn -1 0 7.71722146771089e-15
vn -1 -1.3562948308297993e-16 1.1170092408403212e-15
vn -1 -1.1586752944415726e-16 1.2861608733740577e-15
vn -1 0 0
vn -1 0 0
vn -1 0 0
vn -1 0 0
vn -1 0 0
vn -1 0 0
vn -1 0 0
vn -1 0 0
vn -1 0 0
vn -1 0 0
vn -1 0 0
vn -1 0 0
vn -1 0 0
vn -1 0 0
vn -1 0 0
vn -1 0 0
vn -1 0 0
vn -1 0 0
vn -1 -2.557634195442726e-15 0
vn -1 -1.8344937927679966e-15 -1.4033451287696116e-15
vn -1 -1.9446762620633096e-15 5.0827949079280653e-17
vn -1 -1.1981943842193305e-15 1.0615075128506016e-15
vn -1 -9.67436563124131e-16 1.4015738769977844e-15
vn -1 -6.921808190569925e-16 1.8251309023272844e-15
vn -1 -8.45554715942664e-16 1.5073700920548595e-15
vn -1 0 0
vn -1 0 0
vn -1 0 0
vn -1 0 0
vn -1 0 0
vn -1 0 0
vn -1 0 0
vn -1 0 0
vn -1 0 0
vn -1 0 0
vn -1 0 0
vn -1 0 0
vn -1 -1.0731031504927823e-31 -8.43932383150876e-15
vn -1 -7.33417029907292e-16 -6.040232604451884e-15
vn -1 -1.3676864181187448e-15 -3.606292747879072e-15
vn -1 -1.691255439189611e-15 -2.4502064890501206e-15
vn -1 -1.920602950427632e-15 -1.701505596642572e-15
vn -1 -2.1199646482999036e-15 -1.1126432095136989e-15
vn -1 -2.3222551743455437e-15 -5.72384472870784e-16
vn -1 0 0
vn -1 0 0
vn -1 0 0
vn -1 0 0
vn -1 0 0
vn -1 0 0
vn -1 0 0
vn -1 0 0
vn -1 0 0
vn -1 0 0
vn -1 0 0
vn -1 0 0
vn -1 0 0
vn -1 0 0
vn -1 0 0
vn -1 0 0
vn -1 0 0
vn -1 0 0
vn -1 0 0
vn -1 -9.272705254631281e-17 -3.885958039590498e-15
vn -1 -2.2052107101228297e-31 -8.671341402354763e-15
vn -1 0 0
vn -1 0 0
vn -1 0 0
vn -1 0 0
vn -1 0 0
vn -1 0 0
vn -1 0 0
vn -1 0 0
vn -1 0 0
vn -1 0 0
vn -1 0 0
vn -1 0 0
vn -1 0 0
vn -1 0 0
vn -1 0 0
vn -1 0 0
vn -1 0 0
vn -1 0 0
vn -1 0 0
vn -1 0 0
vn -1 0 0
vn -1 0 0
vn -1 0 0
vn -1 0 0
vn -1 0 0
vn -1 0 0
vn -1 0 0
vn -1 0 0
vn -1 0 0
vn -1 0 0
vn -1 0 0
vn -1 0 0
vn -1 0 0
vn -1 0 0
vn -1 -8.664404837791461e-16 1.4912727602878835e-15
vn -1 -9.064546378447945e-16 1.3132262230167928e-15
vn -1 -8.007575256425482e-16 2.1114240150927385e-15
vn -1 -5.240660607298137e-16 4.316072476360285e-15
vn -1 1.2101531904992202e-30 8.111200208401389e-15
vn -1 0 0
vn -1 0 0
vn -1 0 0
vn -1 0 0
vn -1 0 0
vn -1 0 0
vn -1 0 0
vn -1 0 0
vn -1 0 0
vn -1 0 0
vn -1 0 0
vn -1 0 0
vn -1 0 0
vn -1 0 0
vn -1 0 0
vn -1 0 0
vn -1 0 0
vn -1 0 0
vn -1 0 0
vn -1 0 0
vn -1 0 0
vn -1 0 0
vn -1 0 0
vn -1 0 0
vn -1 1.2418449883951294e-30 8.323618283880875e-15
vn -1 7.238335767193262e-18 8.482095607213313e-15
vn -1 0 0
vn -1 0 0
vn -1 0 0
vn -1 0 0
vn -1 0 0
vn -1 0 0
vn -1 0 0
vn -1 0 0
vn -1 0 0
vn -1 0 0
vn -1 0 0
vn -1 0 0
vn -1 0 0
vn -1 0 0
vn -1 0 0
vn -1 0 0
vn -1 0 0
vn -1 0 0
vn -1 0 0
vn -1 0 0
vn -1 0 0
vn -1 0 0
vn -1 0 0
vn -1 0 0
vn -1 0 0
vn -1 0 0
vn -1 0 0
vn -1 0 0
vn -1 0 0
vn -1 0 0
vn -1 0 0
vn -1 0 0
vn -1 0 0
vn -1 0 0
vn -1 0 0
vn -1 0 0
vn -1 0 0
vn -1 0 0
vn -1 0 0
vn -1 0 0
vn -1 0 0
vn -1 0 0
vn -1 0 0
vn -1 0 0
vn -1 0 0
vn -1 0 0
vn -1 0 0
vn -1 0 0
vn -1 0 0
vn -1 0 0
vn -1 0 0
vn -1 0 0
vn -1 0 0
vn -1 0 0
vn -1 0 0
vn -1 0 0
vn -1 0 0
vn -1 0 0
vn -1 0 0
vn -1 0 0
vn -1 0 0
vn -1 0 0
vn -1 0 0
vn -1 0 0
vn -1 0 0
vn -1 0 0
vn -1 0 0
vn -1 0 0
vn -1 0 0
vn -1 0 0
vn 0 1 0
vn 0 1 0
vn 0 1 0
vn 0 1 0
vn 0 1 0
vn 0 1 0
vn 0 1 0
vn 0 1 0
vn 0 1 0
vn 0 1 0
vn 0 1 0
vn 0 1 0
vn 0 1 0
vn 0 1 0
vn 0 1 0
vn -0.7071067811865476 0.7071067811865476 0
vn -0.7071067811865476 0.7071067811865476 0
vn -0.7071067811865476 0.7071067811865476 0
vn -0.7071067811865476 0.7071067811865476 0
vn -1 0 0
vn -1 0 0
vn -1 0 0
vn -1 0 0
vn -1 0 0
vn -1 0 0
vn -1 0 0
vn -1 0 0
vn -1 0 0
vn -1 0 0
vn -1 0 0
vn -1 0 0
vn -1 0 0
vn -1 0 0
vn -1 0 0
vn 0 1 0
vn 0 1 0
vn 0 1 0
vn 0 1 0
vn 0 1 0
vn 0 1 0
vn 0 1 0
vn 0 1 0
vn 0 1 0
vn 0 1 0
vn 0 1 0
vn 0 1 0
vn 0 1 0
vn 0 1 0
vn 0 1 0
vn 0 1 0
vn 0 1 0
vn 0 1 0
vn 0 1 0
vn 0 1 0
vn 0 1 0
vn 0 1 0
vn 0 1 0
vn 0 1 0
vn 0 1 0
vn 0 1 0
vn 0 1 0
vn 0 1 0
vn 0 1 0
vn 0 1 0
vn 0 1 0
vn 0 1 0
vn 0 1 0
vn 0 1 0
vn 0 1 0
vn 0 1 0
vn 0 1 0
vn 0 1 0
vn 0 1 0
vn 0 1 0
vn 0 1 0
vn 0 1 0
vn 0 1 0
vn 0 1 0
vn 0 1 0
vn 0 1 0
vn 0 1 0
vn 0 1 0
vn 0 1 0
vn 0 1 0
vn 0 1 0
vn 0 1 0
vn 0 1 0
vn 0 1 0
vn 0 1 0
vn 0 1 0
vn 0 1 0
vn 0 1 0
vn 0 1 0
vn 0 1 0
vn 0 1 0
vn 0 1 0
vn 0 1 0
vn 0 1 0
vn 0 1 0
vn 0 1 0
vn 0 1 0
vn 0 1 0
vn 0 1 0
vn 0 1 0
vn 0 1 0
vn 0 1 0
vn 0 1 0
vn 0 1 0
vn 0 1 0
vn 0 1 0
vn 0 1 0
vn 0 1 0
vn 0 1 0
vn 0 1 0
vn 0 1 0
vn 0 1 0
vn 0 1 0
vn 0 1 0
vn 0 1 0
vn 0 1 0
vn 0 1 0
vn 0 1 0
vn 0 1 0
vn 0 1 0
vn 0 1 0
vn 0 1 0
vn 0 1 0
vn 0 1 0
vn 0 1 0
vn 0 1 0
vn 0 1 0
vn 0 1 0
vn 0 1 0
vn 0 1 0
vn 0 1 0
vn 0 1 0
vn 0 1 0
vn 0 1 0
vn 0 1 0
vn 0 1 0
vn 0 1 0
vn 0 1 0
vn 0 1 0
vn 0 1 0
vn 0 1 0
vn 0 1 0
vn 0 1 0
vn 0 1 0
vn 0 1 0
vn 0 1 0
vn 0 1 0
vn 0 1 0
vn 0 1 0
vn 0 1 0
vn 0 1 0
vn 0 1 0
vn 0 1 0
vn 0 1 0
vn 0 1 0
vn 0 1 0
vn 0 1 0
vn 0 1 0
vn 0 1 0
vn 0 1 0
vn 0 1 0
vn 0 1 0
vn 0 1 0
vn 0 1 0
vn 0 1 0
vn 0 1 0
vn 0 1 0
vn 0 1 0
vn 0 1 0
vn 0 1 0
vn 0 1 0
vn 0 1 0
vn 0 1 0
vn 0 1 0
vn 0 1 0
vn 0 1 0
vn 0 1 0
vn 0 1 0
vn 0 1 0
vn 0 1 0
vn 0 1 0
vn 0 1 0
vn 0 1 0
vn 0 1 0
vn 0 1 0
vn 0 1 0
vn 0 1 0
vn 0 1 0
vn 0 1 0
vn 0 1 0
vn 0 1 0
vn 0 1 0
vn 0 1 0
vn 0 1 0
vn 0 1 0
vn 0 1 0
vn 0 1 0
vn 0 1 0
vn 0 1 0
vn 0 1 0
vn 0 1 0
vn 0 1 0
vn 0 1 0
vn 0 1 0
vn 0 1 0
vn 0 1 0
vn 0 1 0
vn 0 1 0
vn 0 1 0
vn 0 1 0
vn 0 1 0
vn 0 1 0
vn 0 1 0
vn 0 1 0
vn 0 1 0
vn 0 1 0
vn 0 1 0
vn 0 1 0
vn 0 1 0
vn 0 1 0
vn 0 1 0
vn 0 1 0
vn 0 1 0
vn 0 1 0
vn 0 1 0
vn 0 1 0
vn 0 1 0
vn 0 1 0
vn 0 1 0
vn 0 1 0
vn 0 1 0
vn 0 1 0
vn 0 1 0
vn 0 1 0
vn 0 1 0
vn 0 1 0
vn 0 1 0
vn 0 1 0
vn 0 1 0
vn 0 1 0
vn 0 1 0
vn 0 1 0
vn 0 1 0
vn 0 1 0
vn 0 1 0
vn 0 1 0
vn 0 1 0
vn 0 1 0
vn 0 1 0
vn 0 1 0
vn 0 1 0
vn 0 1 0
vn 0 1 0
vn 0 1 0
vn 0 1 0
vn 0 1 0
vn 0 1 0
vn 0 1 0
vn 0 1 0
vn 0 1 0
vn 0 1 0
vn 0 1 0
vn 0 1 0
vn 0 1 0
vn 0 1 0
vn 0 1 0
vn 0 1 0
vn 0 1 0
vn 0 1 0
vn 0 1 0
vn 0 1 0
vn 0 1 0
vn 0 1 0
vn 0 1 0
vn 0 1 0
vn 0 1 0
vn 0 1 0
vn 0 1 0
vn 0 1 0
vn 0 1 0
vn 0 1 0
vn 0 1 0
vn 0 1 0
vn 0 1 0
vn 0 1 0
vn 0 1 0
vn 0 1 0
vn 0 1 0
vn 0 1 0
vn 0 1 0
vn 0 1 0
vn 0 1 0
vn 0 1 0
vn 0 1 0
vn 0 1 0
vn 0 1 0
vn 0 1 0
vn 0 1 0
vn 0 1 0
vn 0 1 0
vn 0 1 0
vn 1 0 0
vn 1 -4.739475447572503e-16 1.0115492978633061e-15
vn 1 0 0
vn 1 0 0
vn 1 -1.459411679504384e-14 1.3486990522873846e-14
vn 1 -1.6858739000625254e-14 -8.118741342730794e-15
vn 1 -2.773678334266113e-14 4.769446014345202e-15
vn 1 -2.7473322214747152e-14 9.942605719043696e-15
vn 1 -2.7059365354962714e-14 -7.737417274272275e-15
vn 1 -1.764018449270776e-14 1.8765743631178107e-16
vn 1 0 0
vn 1 0 0
vn 1 0 0
vn 1 -2.899694644554335e-14 3.5799335060769915e-15
vn 1 -3.2872112014836405e-14 2.621463464325905e-14
vn 1 -2.1148517033203924e-14 1.509919661226095e-15
vn 1 -1.6858742388757043e-14 -8.118742189763741e-15
vn 1 -2.2686022439939724e-14 1.5303935487040628e-14
vn 0 0 1
vn 0 0 1
vn 0 0 1
vn 0 0 1
vn 0 0 1
vn 0 0 1
vn 0 0 1
vn 0 0 1
vn 0 0 1
vn 0 0 1
vn 0 0 1
vn 0 0 1
vn 0 0 1
vn 0 0 1
vn 0 0 1
vn 0 0 1
vn 0 0 1
vn 0 0 1
vn 0 0 1
vn 0 0 1
vn 0 0 1
vn 0 0 1
vn 0 0 1
vn 0 0 1
vn 0 0 1
vn 0 0 1
vn 0 0 1
vn 0 0 1
vn 0 0 1
vn 0 0 1
vn 0 0 1
vn 0 0 1
vn 0 0 1
vn 0 -1 0
vn 0 -1 0
vn 0 -1 0
vn 0 -1 0
vn 0 -1 0
vn 0 -1 0
vn 0 -1 0
vn 0 -1 0
vn 0 -1 0
vn 0 -1 0
vn 0 -1 0
vn 0 -1 0
vn 0 -1 0
vn 0 -1 0
vn 0 -1 0
vn 0 -1 0
vn 0 -1 0
vn 0 -1 0
vn 0 -1 0
vn 0 -1 0
vn 0 -1 0
vn 0 -1 0
vn 0 -1 0
vn 0 -1 0
vn 0 -1 0
vn 0 -1 0
vn 0 -1 0
vn 0 -1 0
vn 0 -1 0
vn 0 -1 0
vn 0 -1 0
vn 0 -1 0
vn 0 -1 0
vn 0 -1 0
vn 0 -1 0
vn 0 -1 0
vn 0 -1 0
vn 0 -1 0
vn 0 -1 0
vn 0 -1 0
vn 0 -1 0
vn 0 -1 0
vn 0 -1 0
vn 0 -1 0
vn 0 -1 0
vn 0 -1 0
vn 0 -1 0
vn 0 -1 0
vn 0 -1 0
vn 0 -1 0
vn 0 -1 0
vn 0 -1 0
vn 0 -1 0
vn 0 -1 0
vn 0 -1 0
vn 0 -1 0
vn 0 -1 0
vn 0 -1 0
vn 0 -1 0
vn 0 -1 0
vn 0 -1 0
vn 0 -1 0
vn 0 -1 0
vn 0 -1 0
vn 0 -1 0
vn 0 -1 0
vn 0 -1 0
vn 0 -1 0
vn 0 -1 0
vn 0 -1 0
vn 0 -1 0
vn 0 -1 0
vn 0 -1 0
vn 0 -1 0
vn 0 -1 0
vn 0 -1 0
vn 0 -1 0
vn 0 -1 0
vn 0 -1 0
vn 0 -1 0
vn 0 -1 0
vn 0 -1 0
vn 0 -1 0
vn 0 -1 0
vn 0 -1 0
vn 0 -1 0
vn 0 -1 0
vn 0 -1 0
vn 0 -1 0
vn 0 -1 0
vn 0 -1 0
vn 0 -1 0
vn 0 -1 0
vn 0 -1 0
vn 0 -1 0
vn 0 -1 0
vn 0 -1 0
vn 0 -1 0
vn 0 -1 0
vn 0 -1 0
vn 0 -1 0
vn 0 -1 0
vn 0 -1 0
vn 0 -1 0
vn 0 -1 0
vn 0 -1 0
vn 0 -1 0
vn 0 -1 0
vn 0 -1 0
vn 0 -1 0
vn 0 -1 0
vn 0 -1 0
vn 0 -1 0
vn 0 -1 0
vn 0 -1 0
vn 0 -1 0
vn 0 -1 0
vn 0 -1 0
vn 0 -1 0
vn 0 -1 0
vn 0 -1 0
vn 0 -1 0
vn 0 -1 0
vn 0 -1 0
vn 0 -1 0
vn 0 -1 0
vn 0 -1 0
vn 0 -1 0
vn 0 -1 0
vn 0 -1 0
vn 0 -1 0
vn 0 -1 0
vn 0 -1 0
vn 0 -1 0
vn 0 -1 0
vn 0 -1 0
vn 0 -1 0
vn 0 -1 0
vn 0 -1 0
vn 0 -1 0
vn 0 -1 0
vn 0 -1 0
vn 0 -1 0
vn 0 -1 0
vn 0 -1 0
vn 0 -1 0
vn 0 -1 0
vn 0 -1 0
vn 0 -1 0
vn 0 -1 0
vn 0 -1 0
vn 0 -1 0
vn 0 -1 0
vn 0 -1 0
vn 0 -1 0
vn 0 -1 0
vn 0 -1 0
vn 0 -1 0
vn 0 -1 0
vn 0 -1 0
vn 0 -1 0
vn 0 -1 0
vn 0 -1 0
vn 0 -1 0
vn 0 -1 0
vn 0 -1 0
vn 0 -1 0
vn 0 -1 0
vn 0 -1 0
vn 0 -1 0
vn 0 -1 0
vn 0 -1 0
vn 0 -1 0
vn 0 -1 0
vn 0 -1 0
vn 0 -1 0
vn 0 -1 0
vn 0 -1 0
vn 0 -1 0
vn 0 -1 0
vn 0 -1 0
vn 0 -1 0
vn 0 -1 0
vn 0 -1 0
vn 0 -1 0
vn 0 -1 0
vn 0 -1 0
vn 0 -1 0
vn 0 -1 0
vn 0 -1 0
vn 0 -1 0
vn 0 -1 0
vn 0 -1 0
vn 0 -1 0
vn 0 -1 0
vn 0 -1 0
vn 0 -1 0
vn 0 -1 0
vn 0 -1 0
vn 0 -1 0
vn 0 -1 0
vn 0 -1 0
vn 0 -1 0
vn 0 -1 0
vn 0 -1 0
vn 0 -1 0
vn 0 -1 0
vn 0 -1 0
vn 0 -1 0
vn 0 -1 0
vn 0 -1 0
vn 0 -1 0
vn 0 -1 0
vn 0 -1 0
vn 0 -1 0
vn 0 -1 0
vn 0 -1 0
vn 0 -1 0
vn 0 -1 0
vn 0 -1 0
vn 0 -1 0
vn 0 -1 0
vn 0 -1 0
vn 0 -1 0
vn 0 -1 0
vn 0 -1 0
vn 0 -1 0
vn 0 -1 0
vn 0 -1 0
vn 0 -1 0
vn 0 -1 0
vn 0 -1 0
vn 0 -1 0
vn 0 -1 0
vn 0 -1 0
vn 0 -1 0
vn 0 -1 0
vn 0 -1 0
vn 0 -1 0
vn 0 -1 0
vn 0 -1 0
vn 0 -1 0
vn 0 -1 0
vn 0 -1 0
vn 0 -1 0
vn 0 -1 0
vn 0 -1 0
vn 0 -1 0
vn 0 -1 0
vn 0 -1 0
vn 0 -1 0
vn 0 -1 0
vn 0 -1 0
vn 0 -1 0
vn 0 -1 0
vn 0 -1 0
vn 0 -1 0
vn 0 -1 0
vn 0 -1 0
vn 0 -1 0
vn 0 -1 0
vn 0 -1 0
vn 0 -1 0
vn 0 -1 0
vn 0 -1 0
vn 0 -1 0
vn 0 -1 0
vn 0 -1 0
vn 0 -1 0
vn 0 -1 0
vn 0 -1 0
vn 0 0 -1
vn 0 0 -1
vn 0 0 -1
vn 0 0 -1
vn 1 -4.1977692904414084e-16 -8.096804883462802e-15
vn 1 7.369192464463925e-16 -1.0054087960396571e-14
vn 1 -4.1414574813167584e-16 9.607401747530227e-15
vn 1 3.837208011223342e-16 1.422588277375219e-14
vn 1 3.808116135254301e-15 7.070236950290848e-16
vn 1 0 0
vn 1 0 0
vn 1 0 0
vn 1 0 0
vn 1 0 0
vn 1 0 0
vn 1 0 0
vn 1 0 0
vn 1 0 0
vn 1 0 0
vn 1 0 0
vn 1 0 0
vn 1 1.1555080529633316e-16 -9.786319669945805e-15
vn 1 2.7125896616595987e-16 -2.2340184816806424e-15
vn 1 0 -1.543444293542178e-14
vn 1 0 0
vn 1 0 0
vn 1 0 0
vn 1 0 0
vn 1 0 0
vn 1 0 0
vn 1 0 0
vn 1 0 0
vn 1 0 0
vn 1 0 0
vn 1 0 0
vn 1 0 0
vn 1 0 0
vn 1 0 0
vn 1 0 0
vn 1 0 0
vn 1 0 0
vn 1 0 0
vn 1 0 0
vn 1 0 0
vn 1 0 0
vn 1 0 0
vn 1 0 0
vn 1 0 0
vn 1 1.691109431885328e-15 -3.014740184109719e-15
vn 1 1.384361638113985e-15 -3.650261804654569e-15
vn 1 1.934873126248262e-15 -2.803147753995569e-15
vn 1 2.396388768438661e-15 -2.123015025701203e-15
vn 1 3.889352524126619e-15 -1.0165589815856131e-16
vn 1 3.668987585535993e-15 2.806690257539223e-15
vn 1 5.115268390885452e-15 0
vn 1 4.6445103486910874e-15 1.144768945741568e-15
vn 1 4.239929296599807e-15 2.2252864190273978e-15
vn 1 3.841205900855264e-15 3.403011193285144e-15
vn 1 3.382510878379222e-15 4.900412978100241e-15
vn 1 2.7353728362374896e-15 7.212585495758143e-15
vn 1 1.466834059814584e-15 1.2080465208903768e-14
vn 1 2.1462063009855646e-31 1.687864766301752e-14
vn 1 0 0
vn 1 0 0
vn 1 0 0
vn 1 0 0
vn 1 0 0
vn 1 0 0
vn 1 0 0
vn 1 0 0
vn 1 0 0
vn 1 0 0
vn 1 0 0
vn 1 0 0
vn 1 0 0
vn 1 0 0
vn 1 0 0
vn 1 0 0
vn 1 0 0
vn 1 0 0
vn 1 0 0
vn 1 0 0
vn 1 0 0
vn 1 0 0
vn 1 0 0
vn 1 0 0
vn 1 2.2052107101228297e-31 1.7342682804709526e-14
vn 1 9.346852401251554e-17 1.2764287612716373e-14
vn 1 0 0
vn 1 0 0
vn 1 0 0
vn 1 0 0
vn 1 0 0
vn 1 0 0
vn 1 0 0
vn 1 0 0
vn 1 0 0
vn 1 0 0
vn 1 0 0
vn 1 0 0
vn 1 0 0
vn 1 0 0
vn 1 0 0
vn 1 0 0
vn 1 0 0
vn 1 0 0
vn 1 0 0
vn 1 0 0
vn 1 0 0
vn 1 0 0
vn 1 0 0
vn 1 0 0
vn 1 1.0491424378829092e-30 8.43840734185983e-15
vn 1 3.639573132179812e-30 8.673666507794976e-15
vn 1 0 0
vn 1 0 0
vn 1 0 0
vn 1 0 0
vn 1 0 0
vn 1 0 0
vn 1 0 0
vn 1 0 0
vn 1 0 0
vn 1 0 0
vn 1 0 0
vn 1 -2.269037185166264e-30 -1.6222400416802778e-14
vn 1 1.0481321214596273e-15 -8.63214495272057e-15
vn 1 1.6015150512850964e-15 -4.222848030185477e-15
vn 1 1.812909275689589e-15 -2.6264524460335855e-15
vn 1 1.7328809675582922e-15 -2.982545520575767e-15
vn 1 0 0
vn 1 0 0
vn 1 0 0
vn 1 0 0
vn 1 0 0
vn 1 0 0
vn 1 0 0
vn 1 0 0
vn 1 0 0
vn 1 0 0
vn 1 0 0
vn 1 0 0
vn 1 0 0
vn 1 0 0
vn 1 0 0
vn 1 0 0
vn 1 0 0
vn 1 0 0
vn 1 0 0
vn 1 0 0
vn 1 0 0
vn 1 -1.4476671534386524e-17 -1.6964191214426626e-14
vn 1 -2.328459270956263e-30 -1.664723656776175e-14
vn 1 0 0
vn 1 0 0
vn 1 0 0
vn 1 0 0
vn 1 0 0
vn 1 0 0
vn 1 0 0
vn 1 0 0
vn 1 0 0
vn 1 0 0
vn 1 0 0
vn 1 0 0
vn 1 0 0
vn 1 0 0
vn 1 0 0
vn 1 0 0
vn 1 0 0
vn 1 0 0
vn 1 -2.9641456356207987e-15 0
vn 1 -2.644212821113377e-15 -6.517399192046056e-16
vn 1 -2.3774548292104488e-15 -1.2477844575119255e-15
vn 1 -2.121681584083988e-15 -1.8796457310543344e-15
vn 1 -1.836050851083287e-15 -2.659978857118858e-15
vn 1 -1.4487176132595907e-15 -3.819954267725127e-15
vn 1 -7.409578465993418e-16 -6.102337060144569e-15
vn 1 0 -8.325172589339087e-15
vn 1 0 0
vn 1 0 0
vn 1 0 0
vn 1 0 0
vn 1 0 0
vn 1 0 0
vn 1 0 0
vn 1 0 0
vn 1 0 0
vn 1 0 0
vn 1 0 0
vn 1 0 0
vn 1 -9.892215093736828e-16 1.8018072148499268e-15
vn 1 -7.894821936256134e-16 2.0816933704023493e-15
vn 1 -1.1609862385496988e-15 1.6819788402304002e-15
vn 1 -1.5037992129074721e-15 1.3322497359791771e-15
vn 1 -1.867953288250436e-15 9.803774266131638e-16
vn 1 -2.9279459885539916e-15 3.1786056163685394e-17
vn 1 0 0
vn 1 0 0
vn 1 0 0
vn 1 0 0
vn 1 0 0
vn 1 0 0
vn 1 0 0
vn 1 0 0
vn 1 0 0
vn 1 0 0
vn 1 0 0
vn 1 0 0
vn 1 0 0
vn 1 0 0
vn 1 0 0
vn 1 0 0
vn 1 0 0
vn 1 0 0
vn 1 0 0
vn 1 3.544884335074183e-30 8.448007613284011e-15
vn 1 -5.887160092476757e-16 4.8485127283231285e-15
vn 1 -9.378286323319753e-16 2.4728508561037803e-15
vn 1 -1.079438141552791e-15 1.5638361670550281e-15
vn 1 -1.168495926780937e-15 1.0351969754429885e-15
vn 1 -9.945742282047379e-16 1.7157928190012655e-15
vn 1 0 0
vn 0 0 -1
vn 0 0 -1
vn 0 0 -1
vn 0 0 -1
vn -0.7480494951603708 0.6636429407371967 0
vn -0.7480494951603708 0.6636429407371967 -3.1038287700206082e-15
vn -0.7863251062528512 0.6178129387415274 -5.779533294853662e-15
vn -0.8438134271943929 0.5366366555561153 -5.0207154202546065e-15
vn -0.915438909713485 0.402456947686143 0.00008855359378512322
vn -0.9976736611052524 0.06817085841356242 0
vn -0.9932351752177001 0.1161201377859244 -0.0000176307331325159
vn -0.9666747626612372 0.25600758660457346 0.0001372397261947868
vn -0.9975768755389091 0.06957252951261474 -0.00020131379666429186
vn -0.9149870982309527 0.4034830976272748 3.046714867400701e-14
vn -0.9529769949802505 0.30304264809641307 0.000021751440574178928
vn -0.9865739485770747 0.163315134581495 -0.00010395031279081279
vn -0.8645255270643178 0.5025889105960889 6.340751207444187e-15
vn -0.7863250772968058 0.6178129755955052 -4.22484776865904e-15
vn -0.3828902484484503 0.9237938383099596 0.000044086689071602205
vn -0.2559439277154601 0.9666916265181064 0.00007131171976693114
vn -0.1162335902854989 0.9932219048156228 0.000016845441206271515
vn -0.06868948660449581 0.9976380879006229 0
vn -0.5197159158940622 0.8543391403689732 0
vn -0.633358935132082 0.7738581648392391 0
vn -0.6636429407371967 0.7480494951603708 0
vn -0.6636429407371967 0.7480494951603708 0
vn -0.6020216915246613 0.7984797323249886 0
vn -0.5197159158940622 0.8543391403689732 0
vn -0.42337826522314104 0.905953003492258 0
vn -0.06945282179857973 0.9975852311396981 -0.00011025502252293318
vn -0.1632461968032943 0.9865853624178501 -0.00004349827141892471
vn -0.302794311069141 0.953055929544118 -0.000018573138952629486
vn 0.46457904170027653 -2.5989765844784524e-7 -0.8855316561325096
vn 0.5932657613242603 -2.790135290969654e-7 -0.8050066685688189
vn 0.7576155783553334 -2.2340420359671608e-7 -0.6527010306666166
vn 0.8839271012663503 -1.6768754456625976e-7 -0.46762472095350055
vn 0.965858585266989 -1.1186350766461915e-7 -0.2590698617478267
vn 0.9937061912476823 -8.344191321595308e-8 -0.11201788016213078
vn 0.9937122092717466 1.2891933069314203e-16 -0.11196448161923646
vn 0.9825902575980091 -1.0659637056248195e-10 -0.1857858597242483
vn 0.9165846896285469 5.562918774881806e-8 -0.39984060166338453
vn 0.804588434117709 1.1125786828602587e-7 -0.5938328482696126
vn 0.6522210161585956 1.6677946999616739e-7 -0.7580288557047292
vn 0.44800547049529627 0.000010222562260698688 -0.8940308150739479
vn 0.22119214458875394 0.000024243815633091365 -0.975230246959386
vn 0.0962515920467294 0.000024511999073972166 -0.9953570366595256
vn 0.07171210612087837 -9.297523275202547e-18 -0.9974253725646385
vn 0.13155835562360646 0.000011780703698721356 -0.9913084277493194
vn 0.308034069176973 0.00001046060811275481 -0.9513753266281672
vn 0 -0.9937122092717466 -0.11196448161923646
vn 6.19085170704894e-8 -0.9937061895889927 -0.11201789487631261
vn 8.299549968043898e-8 -0.9658585927242731 -0.2590698339457528
vn 1.244133481269852e-7 -0.8839271135850314 -0.46762469766814047
vn 1.6575149088633484e-7 -0.7576155234883625 -0.6527010943528648
vn 2.070100074472671e-7 -0.5932657226983293 -0.8050066970349911
vn 1.9538014304461808e-7 -0.46498833132377504 -0.8853168086807642
vn -0.000007893860091341214 -0.30823418350540194 -0.9513105108514492
vn -0.000008619648782454406 -0.13176277368350725 -0.9912812776386581
vn 0 -0.07225570702805001 -0.9973861402695933
vn -0.00001800247951993892 -0.09641317809361172 -0.9953413980970551
vn -0.000018004997787270554 -0.22131382404249084 -0.9752026409744334
vn -0.000007671679887359765 -0.4481792875879209 -0.8939436929238492
vn -1.2373961387385112e-7 -0.6522209819093074 -0.7580288851734104
vn -8.254616619154485e-8 -0.8045883846203126 -0.5938329153339929
vn -4.1273268329768264e-8 -0.9165846896285474 -0.3998406016633848
vn 7.9087632015404e-11 -0.9825902548777816 -0.18578587411107522
vn -0.993683117715674 8.059134447864612e-7 0.11222237551490477
vn -0.9657398489485685 0.0000010797593889424689 0.25951212717641986
vn -0.8834565443871453 0.0000016145999393792997 0.4685131099306796
vn -0.7566010715183362 0.000002144427004351469 0.6538767609975957
vn -0.5915736026675289 0.0000026692405600215404 0.8062509985233108
vn -0.3967001213892707 0.000003189040912920012 0.9179482630734523
vn -0.2894192893341085 0.000006227615725692695 0.9572024210805968
vn -0.9937122092717466 -1.2891933069314203e-16 0.11196448161923646
vn -0.09626455570249645 -0.00006288412964767334 0.9953557812968122
vn -0.24953908052061666 -0.000024066105055158833 0.9683647281441781
vn -0.4661116967677017 -0.0000020885827637345923 0.8847258819159594
vn -0.6515588662931234 -0.0000015726287521282436 0.7585980778728264
vn -0.8042333731342665 -0.0000010517226213113454 0.5943136222029358
vn -0.9164558011630204 -5.258637519445276e-7 0.4001359325458908
vn -0.9825815615286706 4.947831506492588e-9 0.1858318458819132
vn -0.03541644963009575 4.591766754308955e-18 0.9993726407579901
vn -0.12463788843255807 -0.00006292300609928704 0.9922022942967671
vn -0.07172784177424806 -0.000035598182718174826 0.9974242404549721
vn 0 0.9937122092717466 0.11196448161923646
vn -3.670971558165045e-9 0.9825815642495473 0.18583183149534074
vn 3.90156911237478e-7 0.9164558011630773 0.4001359325459157
vn 7.803104828959795e-7 0.8042333235925405 0.5943136892438933
vn 0.0000011667890375966554 0.6515589300550954 0.7585980231084828
vn 0.0000015495936423699437 0.46611174342309025 0.8847258573369978
vn 0.00001787561300625577 0.24944675418005546 0.9683885152713745
vn 0.00004671437635166083 0.096216447619457 0.9953604337250197
vn -5.979358201226818e-7 0.9936831177158191 0.11222237551492116
vn -0.000004600207914591088 0.28911483815285305 0.9572944219719904
vn -0.000002366062487963831 0.3967000494605315 0.9179482941606316
vn -0.000001980404429345053 0.5915736414139181 0.8062509700957606
vn -0.0000015910263877479684 0.7566011010069574 0.6538767268778789
vn -0.0000011979288039162472 0.883456544387663 0.4685131099309542
vn -8.011117613865262e-7 0.9657398564179152 0.25951209938124853
vn 1.682982998760618e-18 0.03502042178032748 0.9993865968974809
vn 0.000026323020697940532 0.07150146946079368 0.9974404940506707
vn 0.000046606155085640755 0.12457749598254775 0.9922098796739452
vn 0 -0.11196448161923646 -0.9937122092717466
vn 2.280043896678113e-15 -0.1857739367745568 -0.9825925118864294
vn 5.321651631250807e-15 -0.3997636325576031 -0.9166182619195135
vn 9.527186281840578e-15 -0.5937074577682817 -0.8046809644761855
vn 1.1176493139825297e-14 -0.7578803386946781 -0.6523935868937095
vn 1.627684395801376e-14 -0.8840499331016134 -0.4673924644054853
vn 1.9022748740606383e-14 -0.9658895630406579 -0.2589543434838022
vn 1.4109960704581966e-14 -0.9937122092717466 -0.11196448161923646
vn 1.743199879956287e-15 -0.11196448161923646 -0.9937122092717466
vn 9.297066873466498e-15 -0.9937122092717466 -0.11196448161923646
vn 1.570350785413486e-14 -0.9825925118864294 -0.1857739367745568
vn 1.8824869657071262e-14 -0.9166182619195135 -0.3997636325576031
vn 1.3444763740011045e-14 -0.8046809644761855 -0.5937074577682817
vn 1.1140631802272169e-14 -0.6523935574230116 -0.7578803640634502
vn 7.87039830506344e-15 -0.46739248903402236 -0.8840499200806372
vn 4.5001665702620625e-15 -0.2589543434838022 -0.9658895630406579
vn 0.11196448161923646 -2.0946862678794756e-15 -0.9937122092717466
vn 0.1857739367745568 -3.4721135838123483e-15 -0.9825925118864294
vn 0.3997636325576031 -7.473441788278245e-15 -0.9166182619195135
vn 0.5937074577682817 -1.1099507324815518e-14 -0.8046809644761855
vn 0.7578803386946781 -1.4170547119307267e-14 -0.6523935868937095
vn 0.8840499331016134 -2.7593185256309945e-14 -0.4673924644054853
vn 0.9658895630406579 -2.3835844006676896e-14 -0.2589543434838022
vn 0.9937122092717466 -9.265453062061637e-15 -0.11196448161923646
vn 0.11196448161923646 -2.09487092106615e-15 -0.9937122092717466
vn 0.9937122092717466 0 -0.11196448161923646
vn 0.9825925118864294 -1.2067261521632278e-14 -0.1857739367745568
vn 0.9166182619195135 -2.8141715126117608e-14 -0.3997636325576031
vn 0.8046809644761855 -2.0259797040819026e-14 -0.5937074577682817
vn 0.6523935574230116 -1.2200554586517372e-14 -0.7578803640634502
vn 0.46739248903402236 -8.742825327367934e-15 -0.8840499200806372
vn 0.2589543434838022 -4.841573784010113e-15 -0.9658895630406579
vn -0.12053669373169622 0 -0.992708872461726
vn -0.19985413253284684 1.9353743026624524e-16 -0.9798256608752107
vn -0.42853438850981995 -4.3562474340081076e-17 -0.9035254716190987
vn -0.6323097481940773 7.486970436539665e-16 -0.7747156783870729
vn -0.7993375654121704 -1.1603542718551566e-16 -0.6008822318232951
vn -0.9199107948619129 1.7645640617960498e-16 -0.39212769539593023
vn -0.9870221625159064 3.7603220404398984e-16 -0.1605840923081226
vn -0.9967713811717194 1.4055043018415113e-15 0.08029205239015198
vn -0.9485918725965882 1.8014300442714536e-15 0.3165019103318308
vn -0.8452836372709828 7.397105064820876e-17 0.5343178572366243
vn -0.6928506081803194 4.893319524954606e-16 0.7210811568361508
vn -0.5001516389844977 -5.732953299221614e-17 0.8659378372730461
vn -0.27838567149365573 -5.639039311287037e-16 0.9604693737475579
vn -0.12053669373169622 -2.924546188450065e-16 0.992708872461726
vn -0.12053669373169622 2.9439392726829865e-16 -0.992708872461726
vn -0.12053669373169622 0 0.992708872461726
vn -0.1998541754507972 -3.7967766558276766e-16 0.9798256521212751
vn -0.42853438850981995 -5.291202533465711e-16 0.9035254716190987
vn -0.6323097481940773 5.841893187139269e-16 0.7747156783870729
vn -0.7993375654121704 1.86339125368867e-17 0.6008822318232951
vn -0.9199108163626487 9.983238615025056e-16 0.39212764495633967
vn -0.9870221577922361 2.073542576353971e-15 0.16058412134192485
vn -0.9967713811717194 9.725426757948296e-16 -0.08029205239015198
vn -0.9485918725965882 7.407198183515593e-16 -0.3165019103318308
vn -0.8452836372709828 -1.438299018738001e-16 -0.5343178572366243
vn -0.6928506081803194 7.447993196436478e-16 -0.7210811568361508
vn -0.5001516389844977 4.448147507495807e-16 -0.8659378372730461
vn -0.27838567149365573 2.821373069627878e-16 -0.9604693737475579
vn -0.12053669373169622 0 -0.992708872461726
vn -0.19985413253284684 5.684719662701375e-16 -0.9798256608752107
vn -0.42853438850981995 -1.9356809837755575e-15 -0.9035254716190987
vn -0.6323097481940773 -4.7269750353080094e-15 -0.7747156783870729
vn -0.7993375654121704 -1.186684476292981e-15 -0.6008822318232951
vn -0.9199107948619129 8.077018778752808e-16 -0.39212769539593023
vn -0.9870221625159064 3.207949090947288e-16 -0.1605840923081226
vn -0.9967713811717194 -1.4017219821479213e-16 0.08029205239015198
vn -0.9485918725965882 -4.540660330091519e-16 0.3165019103318308
vn -0.8452836372709828 -5.726758058780536e-16 0.5343178572366243
vn -0.6928506081803194 -5.791304174848396e-16 0.7210811568361508
vn -0.5001516389844977 2.350574261038502e-15 0.8659378372730461
vn -0.27838567149365573 7.413050308875305e-16 0.9604693737475579
vn -0.12053669373169622 -1.4324307996846134e-16 0.992708872461726
vn -0.12053669373169622 4.35359984126802e-16 -0.992708872461726
vn -0.12053669373169622 0 0.992708872461726
vn -0.1998541754507972 -1.878363807773788e-16 0.9798256521212751
vn -0.42853438850981995 2.4591020288765174e-15 0.9035254716190987
vn -0.6323097481940773 1.2588142295364551e-15 0.7747156783870729
vn -0.7993375654121704 -5.270387754768425e-16 0.6008822318232951
vn -0.9199108163626487 -4.620482281325797e-16 0.39212764495633967
vn -0.9870221577922361 -2.4581028386283126e-16 0.16058412134192485
vn -0.9967713811717194 1.5258829814840022e-16 -0.08029205239015198
vn -0.9485918725965882 6.398965882993409e-16 -0.3165019103318308
vn -0.8452836372709828 1.094827789934859e-15 -0.5343178572366243
vn -0.6928506081803194 -2.8058422404292877e-15 -0.7210811568361508
vn -0.5001516389844977 -3.5107838873155303e-15 -0.8659378372730461
vn -0.27838567149365573 -1.7774785387472374e-16 -0.9604693737475579
vn -0.12053669373169622 0 -0.992708872461726
vn -0.19985413253284684 5.684719662701375e-16 -0.9798256608752107
vn -0.42853438850981995 -1.9356809837755575e-15 -0.9035254716190987
vn -0.6323097481940773 -4.7269750353080094e-15 -0.7747156783870729
vn -0.7993375654121704 -1.186684476292981e-15 -0.6008822318232951
vn -0.9199107948619129 7.380864099836608e-16 -0.39212769539593023
vn -0.9870221625159064 2.8502785759855023e-16 -0.1605840923081226
vn -0.9967713811717194 -1.4017219821479213e-16 0.08029205239015198
vn -0.9485918725965882 -4.1429405160084553e-16 0.3165019103318308
vn -0.8452836372709828 -6.268898855953061e-16 0.5343178572366243
vn -0.6928506081803194 -8.449082405181533e-16 0.7210811568361508
vn -0.5001516389844977 2.2304268714897926e-15 0.8659378372730461
vn -0.27838567149365573 9.2914136489203e-16 0.9604693737475579
vn -0.12053669373169622 0 0.992708872461726
vn -0.12053669373169622 4.35359984126802e-16 -0.992708872461726
vn -0.12053669373169622 0 0.992708872461726
vn -0.1998541754507972 0 0.9798256521212751
vn -0.42853438850981995 2.5508202387059457e-15 0.9035254716190987
vn -0.6323097481940773 1.0410954172685032e-15 0.7747156783870729
vn -0.7993375654121704 -7.068585231739569e-16 0.6008822318232951
vn -0.9199108163626487 -4.564656985061555e-16 0.39212764495633967
vn -0.9870221577922361 -2.340727101286113e-16 0.16058412134192485
vn -0.9967713811717194 1.408507510053275e-16 -0.08029205239015198
vn -0.9485918725965882 5.585435748949119e-16 -0.3165019103318308
vn -0.8452836372709828 1.0492417467366484e-15 -0.5343178572366243
vn -0.6928506081803194 -2.8058422404292877e-15 -0.7210811568361508
vn -0.5001516389844977 -3.5107838873155303e-15 -0.8659378372730461
vn -0.27838567149365573 -1.7774785387472374e-16 -0.9604693737475579
vn -0.12053669373169622 0 -0.992708872461726
vn -0.19985413253284684 -9.23256263738734e-16 -0.9798256608752107
vn -0.42853438850981995 -1.4175166516146403e-16 -0.9035254716190987
vn -0.6323097481940773 1.2052578174565556e-15 -0.7747156783870729
vn -0.7993375654121704 -4.073862979095827e-15 -0.6008822318232951
vn -0.9199107948619129 -2.089386773271861e-15 -0.39212769539593023
vn -0.9870221625159064 2.9676537844938437e-16 -0.1605840923081226
vn -0.9967713811717194 -1.4417711551680828e-16 0.08029205239015198
vn -0.9485918725965882 -4.898331103587669e-16 0.3165019103318308
vn -0.8452836372709828 -5.846905448571223e-16 0.5343178572366243
vn -0.6928506081803194 -6.517033023633419e-16 0.7210811568361508
vn -0.5001516389844977 -5.939887420675584e-16 0.8659378372730461
vn -0.27838567149365573 1.1194951867175017e-15 0.9604693737475579
vn -0.12053669373169622 4.2077656477814824e-16 0.992708872461726
vn -0.12053669373169622 -1.2850425654210133e-16 -0.992708872461726
vn -0.12053669373169622 0 0.992708872461726
vn -0.1998541754507972 1.303721529346233e-15 0.9798256521212751
vn -0.42853438850981995 6.75690887467948e-16 0.9035254716190987
vn -0.6323097481940773 -6.049048863056849e-16 0.7747156783870729
vn -0.7993375654121704 -5.515525971697249e-16 0.6008822318232951
vn -0.9199108163626487 -4.938103764286198e-16 0.39212764495633967
vn -0.9870221577922361 -2.6155278817536844e-16 0.16058412134192485
vn -0.9967713811717194 1.5258829814840022e-16 -0.08029205239015198
vn -0.9485918725965882 5.702810690737043e-16 -0.3165019103318308
vn -0.8452836372709828 -4.192828807434998e-15 -0.5343178572366243
vn -0.6928506081803194 -1.0824109383497673e-15 -0.7210811568361508
vn -0.5001516389844977 1.1796487149644815e-15 -0.8659378372730461
vn -0.27838567149365573 -5.563831255224755e-16 -0.9604693737475579
vn -0.12053669373169622 0 -0.992708872461726
vn -0.19985413253284684 5.684719662701375e-16 -0.9798256608752107
vn -0.42853438850981995 9.636061741847742e-16 -0.9035254716190987
vn -0.6323097481940773 1.1972479561005628e-15 -0.7747156783870729
vn -0.7993375654121704 1.0551017196654102e-15 -0.6008822318232951
vn -0.9199107948619129 6.860224177919097e-16 -0.39212769539593023
vn -0.9870221625159064 2.810229270010663e-16 -0.1605840923081226
vn -0.9967713811717194 -1.4017219821479213e-16 0.08029205239015198
vn -0.9485918725965882 -4.18298982129316e-16 0.3165019103318308
vn -0.8452836372709828 -4.035556439593486e-16 0.5343178572366243
vn -0.6928506081803194 -4.1844921602903973e-16 0.7210811568361508
vn -0.5001516389844977 5.632810234039361e-15 0.8659378372730461
vn -0.27838567149365573 2.2267352888858078e-15 0.9604693737475579
vn -0.12053669373169622 0 0.992708872461726
vn -0.12053669373169622 4.35359984126802e-16 -0.992708872461726
vn -0.12053669373169622 0 0.992708872461726
vn -0.1998541754507972 0 0.9798256521212751
vn -0.42853438850981995 5.793007403633491e-15 0.9035254716190987
vn -0.6323097481940773 3.2759806726781488e-15 0.7747156783870729
vn -0.7993375654121704 -3.494243309961211e-16 0.6008822318232951
vn -0.9199108163626487 -3.6929869993778495e-16 0.39212764495633967
vn -0.9870221577922361 -2.340727101286113e-16 0.16058412134192485
vn -0.9967713811717194 1.408507510053275e-16 -0.08029205239015198
vn -0.9485918725965882 5.545386443664414e-16 -0.3165019103318308
vn -0.8452836372709828 9.361352125221977e-16 -0.5343178572366243
vn -0.6928506081803194 1.2671394058177149e-15 -0.7210811568361508
vn -0.5001516389844977 1.1716388537015277e-15 -0.8659378372730461
vn -0.27838567149365573 9.353451401325657e-16 -0.9604693737475579
vn -0.12053669373169622 0 -0.992708872461726
vn -0.19985413253284684 5.684719662701375e-16 -0.9798256608752107
vn -0.42853438850981995 -1.9356809837755575e-15 -0.9035254716190987
vn -0.6323097481940773 -4.7269750353080094e-15 -0.7747156783870729
vn -0.7993375654121704 -1.186684476292981e-15 -0.6008822318232951
vn -0.9199107948619129 8.077018778752808e-16 -0.39212769539593023
vn -0.9870221625159064 3.207949090947288e-16 -0.1605840923081226
vn -0.9967713811717194 -1.4017219821479213e-16 0.08029205239015198
vn -0.9485918725965882 -4.540660330091519e-16 0.3165019103318308
vn -0.8452836372709828 -5.726758058780536e-16 0.5343178572366243
vn -0.6928506081803194 -5.791304174848396e-16 0.7210811568361508
vn -0.5001516389844977 2.350574261038502e-15 0.8659378372730461
vn -0.27838567149365573 7.413050308875305e-16 0.9604693737475579
vn -0.12053669373169622 -1.4324307996846134e-16 0.992708872461726
vn -0.12053669373169622 4.35359984126802e-16 -0.992708872461726
vn -0.12053669373169622 0 0.992708872461726
vn -0.1998541754507972 -1.878363807773788e-16 0.9798256521212751
vn -0.42853438850981995 2.4591020288765174e-15 0.9035254716190987
vn -0.6323097481940773 1.2588142295364551e-15 0.7747156783870729
vn -0.7993375654121704 -5.270387754768425e-16 0.6008822318232951
vn -0.9199108163626487 -4.620482281325797e-16 0.39212764495633967
vn -0.9870221577922361 -2.4581028386283126e-16 0.16058412134192485
vn -0.9967713811717194 1.5258829814840022e-16 -0.08029205239015198
vn -0.9485918725965882 6.398965882993409e-16 -0.3165019103318308
vn -0.8452836372709828 1.094827789934859e-15 -0.5343178572366243
vn -0.6928506081803194 -2.8058422404292877e-15 -0.7210811568361508
vn -0.5001516389844977 -3.5107838873155303e-15 -0.8659378372730461
vn -0.27838567149365573 -1.7774785387472374e-16 -0.9604693737475579
vn -0.12053669373169622 0 -0.992708872461726
vn -0.19985413253284684 5.684719662701375e-16 -0.9798256608752107
vn -0.42853438850981995 -1.9356809837755575e-15 -0.9035254716190987
vn -0.6323097481940773 -4.7269750353080094e-15 -0.7747156783870729
vn -0.7993375654121704 -1.186684476292981e-15 -0.6008822318232951
vn -0.9199107948619129 7.380864099836608e-16 -0.39212769539593023
vn -0.9870221625159064 2.8502785759855023e-16 -0.1605840923081226
vn -0.9967713811717194 -1.4017219821479213e-16 0.08029205239015198
vn -0.9485918725965882 -4.1429405160084553e-16 0.3165019103318308
vn -0.8452836372709828 -6.268898855953061e-16 0.5343178572366243
vn -0.6928506081803194 -8.449082405181533e-16 0.7210811568361508
vn -0.5001516389844977 2.2304268714897926e-15 0.8659378372730461
vn -0.27838567149365573 9.2914136489203e-16 0.9604693737475579
vn -0.12053669373169622 0 0.992708872461726
vn -0.12053669373169622 4.35359984126802e-16 -0.992708872461726
vn -0.12053669373169622 0 0.992708872461726
vn -0.1998541754507972 0 0.9798256521212751
vn -0.42853438850981995 2.5508202387059457e-15 0.9035254716190987
vn -0.6323097481940773 1.0410954172685032e-15 0.7747156783870729
vn -0.7993375654121704 -7.068585231739569e-16 0.6008822318232951
vn -0.9199108163626487 -4.564656985061555e-16 0.39212764495633967
vn -0.9870221577922361 -2.340727101286113e-16 0.16058412134192485
vn -0.9967713811717194 1.408507510053275e-16 -0.08029205239015198
vn -0.9485918725965882 5.585435748949119e-16 -0.3165019103318308
vn -0.8452836372709828 1.0492417467366484e-15 -0.5343178572366243
vn -0.6928506081803194 -2.8058422404292877e-15 -0.7210811568361508
vn -0.5001516389844977 -3.5107838873155303e-15 -0.8659378372730461
vn -0.27838567149365573 -1.7774785387472374e-16 -0.9604693737475579
vn -0.12053669373169622 0 -0.992708872461726
vn -0.19985413253284684 -9.23256263738734e-16 -0.9798256608752107
vn -0.42853438850981995 -1.4175166516146403e-16 -0.9035254716190987
vn -0.6323097481940773 1.2052578174565556e-15 -0.7747156783870729
vn -0.7993375654121704 -4.073862979095827e-15 -0.6008822318232951
vn -0.9199107948619129 -2.0933917568322564e-15 -0.39212769539593023
vn -0.9870221625159064 2.810229270010663e-16 -0.1605840923081226
vn -0.9967713811717194 -1.4017219821479213e-16 0.08029205239015198
vn -0.9485918725965882 -4.18298982129316e-16 0.3165019103318308
vn -0.8452836372709828 -4.035556439593486e-16 0.5343178572366243
vn -0.6928506081803194 -4.1844921602903973e-16 0.7210811568361508
vn -0.5001516389844977 -1.6019676203792838e-16 0.8659378372730461
vn -0.27838567149365573 1.4915578002728752e-15 0.9604693737475579
vn -0.12053669373169622 5.640196579814996e-16 0.992708872461726
vn -0.12053669373169622 -1.2850425654210133e-16 -0.992708872461726
vn -0.12053669373169622 0 0.992708872461726
vn -0.1998541754507972 1.4915579630631697e-15 0.9798256521212751
vn -0.42853438850981995 1.1130928780455314e-15 0.9035254716190987
vn -0.6323097481940773 -2.90291776160383e-16 0.7747156783870729
vn -0.7993375654121704 -3.494243309961211e-16 0.6008822318232951
vn -0.9199108163626487 -3.6929869993778495e-16 0.39212764495633967
vn -0.9870221577922361 -2.340727101286113e-16 0.16058412134192485
vn -0.9967713811717194 1.408507510053275e-16 -0.08029205239015198
vn -0.9485918725965882 5.545386443664414e-16 -0.3165019103318308
vn -0.8452836372709828 -4.192828807434998e-15 -0.5343178572366243
vn -0.6928506081803194 -1.0824109383497673e-15 -0.7210811568361508
vn -0.5001516389844977 1.1796487149644815e-15 -0.8659378372730461
vn -0.27838567149365573 -5.563831255224755e-16 -0.9604693737475579
vn -0.12053669373169622 0 -0.992708872461726
vn -0.19985413253284684 1.0075089489146398e-17 -0.9798256608752107
vn -0.42853438850981995 -1.7171990259129532e-16 -0.9035254716190987
vn -0.6323097481940773 -2.7379549152636934e-16 -0.7747156783870729
vn -0.7993375654121704 -5.863188527103713e-17 -0.6008822318232951
vn -0.9199107948619129 -2.7262552335218817e-16 -0.39212769539593023
vn -0.9870221625159064 -7.541491679315894e-17 -0.1605840923081226
vn -0.9967713811717194 -1.2815743307385412e-16 0.08029205239015198
vn -0.9485918725965882 -4.738134411844435e-16 0.3165019103318308
vn -0.8452836372709828 7.85069121331334e-17 0.5343178572366243
vn -0.6928506081803194 -2.66746669932064e-16 0.7210811568361508
vn -0.5001516389844977 -1.828654682700436e-16 0.8659378372730461
vn -0.27838567149365573 -1.4061545114587247e-16 0.9604693737475579
vn -0.12053669373169622 -1.4622730942250326e-16 0.992708872461726
vn -0.12053669373169622 2.2391088560415702e-16 -0.992708872461726
vn -0.12053669373169622 0 0.992708872461726
vn -0.1998541754507972 -9.656133678522972e-17 0.9798256521212751
vn -0.42853438850981995 1.8939691440761894e-17 0.9035254716190987
vn -0.6323097481940773 -3.0143010083366454e-16 0.7747156783870729
vn -0.7993375654121704 1.4416858095514242e-16 0.6008822318232951
vn -0.9199108163626487 -1.3498677444771462e-16 0.39212764495633967
vn -0.9870221577922361 -2.45533092331879e-16 0.16058412134192485
vn -0.9967713811717194 1.408507510053275e-16 -0.08029205239015198
vn -0.9485918725965882 -1.0374035191834035e-16 -0.3165019103318308
vn -0.8452836372709828 1.0527883134324257e-16 -0.5343178572366243
vn -0.6928506081803194 7.990772552130896e-18 -0.7210811568361508
vn -0.5001516389844977 7.040508973376905e-18 -0.8659378372730461
vn -0.27838567149365573 9.86749518755261e-17 -0.9604693737475579
vn -0.12053669373169622 0 -0.992708872461726
vn -0.19985413253284684 5.684719662701375e-16 -0.9798256608752107
vn -0.42853438850981995 9.636061741847742e-16 -0.9035254716190987
vn -0.6323097481940773 1.1972479561005628e-15 -0.7747156783870729
vn -0.7993375654121704 1.0551017196654102e-15 -0.6008822318232951
vn -0.9199107948619129 6.900273484127459e-16 -0.39212769539593023
vn -0.9870221625159064 2.9676537844938437e-16 -0.1605840923081226
vn -0.9967713811717194 -1.4417711551680828e-16 0.08029205239015198
vn -0.9485918725965882 -4.898331103587669e-16 0.3165019103318308
vn -0.8452836372709828 -5.846905448571223e-16 0.5343178572366243
vn -0.6928506081803194 -6.43693493903268e-16 0.7210811568361508
vn -0.5001516389844977 5.2070283667355934e-15 0.8659378372730461
vn -0.27838567149365573 1.854672887088673e-15 0.9604693737475579
vn -0.12053669373169622 -1.4324307996846134e-16 0.992708872461726
vn -0.12053669373169622 4.35359984126802e-16 -0.992708872461726
vn -0.12053669373169622 0 0.992708872461726
vn -0.1998541754507972 -1.878363807773788e-16 0.9798256521212751
vn -0.42853438850981995 5.3556059424515e-15 0.9035254716190987
vn -0.6323097481940773 2.9693773974190595e-15 0.7747156783870729
vn -0.7993375654121704 -5.515525971697249e-16 0.6008822318232951
vn -0.9199108163626487 -4.938103764286198e-16 0.39212764495633967
vn -0.9870221577922361 -2.6155278817536844e-16 0.16058412134192485
vn -0.9967713811717194 1.5258829814840022e-16 -0.08029205239015198
vn -0.9485918725965882 5.702810690737043e-16 -0.3165019103318308
vn -0.8452836372709828 9.361352125221977e-16 -0.5343178572366243
vn -0.6928506081803194 1.2671394058177149e-15 -0.7210811568361508
vn -0.5001516389844977 1.1716388537015277e-15 -0.8659378372730461
vn -0.27838567149365573 9.353451401325657e-16 -0.9604693737475579
vn 0 0.992708872461726 -0.12053669373169622
vn 4.666657014293581e-16 0.9798256608752107 -0.19985413253284684
vn 1.0672423493394076e-15 0.9035254716190987 -0.42853438850981995
vn 1.215420307214403e-15 0.7747156783870729 -0.6323097481940773
vn -2.299121009090176e-15 0.6008822318232951 -0.7993375654121704
vn -2.87098516017607e-15 0.39212769539593023 -0.9199107948619129
vn -5.606887484005344e-16 0.1605840923081226 -0.9870221625159064
vn 5.587140943891269e-16 -0.08029205239015198 -0.9967713811717194
vn 2.9010570924439045e-16 -0.3165019103318308 -0.9485918725965882
vn 2.888256387338398e-15 -0.5343178572366243 -0.8452836372709828
vn 1.4858254250442748e-15 -0.7210811568361508 -0.6928506081803194
vn -5.232609609019499e-16 -0.8659378372730461 -0.5001516389844977
vn -3.27367834431056e-16 -0.9604693737475579 -0.27838567149365573
vn -7.162153998423067e-17 -0.992708872461726 -0.12053669373169622
vn 1.7620757769057418e-16 0.992708872461726 -0.12053669373169622
vn 0 -0.992708872461726 -0.12053669373169622
vn -1.8719566654250928e-16 -0.9798256521212751 -0.1998541754507972
vn -5.022008051310331e-16 -0.9035254716190987 -0.42853438850981995
vn -6.033592099629338e-16 -0.7747156783870729 -0.6323097481940773
vn 2.8442021686677e-15 -0.6008822318232951 -0.7993375654121704
vn 8.314791181536941e-16 -0.39212764495633967 -0.9199108163626487
vn 3.6822954652169533e-16 -0.16058412134192485 -0.9870221577922361
vn -9.809271371842897e-17 0.08029205239015198 -0.9967713811717194
vn -1.8457256315311302e-15 0.3165019103318308 -0.9485918725965882
vn -4.024699118210646e-15 0.5343178572366243 -0.8452836372709828
vn -9.395234643693263e-16 0.7210811568361508 -0.6928506081803194
vn 1.0531523898990995e-15 0.8659378372730461 -0.5001516389844977
vn 7.449389610825716e-16 0.9604693737475579 -0.27838567149365573
vn 0 0.992708872461726 -0.12053669373169622
vn 4.40729208864092e-16 0.9798256608752107 -0.19985413253284684
vn 1.047217749313999e-15 0.9035254716190987 -0.42853438850981995
vn 1.215420307214403e-15 0.7747156783870729 -0.6323097481940773
vn -2.299121009090176e-15 0.6008822318232951 -0.7993375654121704
vn -2.87098516017607e-15 0.39212769539593023 -0.9199107948619129
vn -5.606887484005344e-16 0.1605840923081226 -0.9870221625159064
vn 5.587140943891269e-16 -0.08029205239015198 -0.9967713811717194
vn 2.9010570924439045e-16 -0.3165019103318308 -0.9485918725965882
vn 2.888256387338398e-15 -0.5343178572366243 -0.8452836372709828
vn 1.4858254250442748e-15 -0.7210811568361508 -0.6928506081803194
vn -5.232609609019499e-16 -0.8659378372730461 -0.5001516389844977
vn -3.27367834431056e-16 -0.9604693737475579 -0.27838567149365573
vn -7.162153998423067e-17 -0.992708872461726 -0.12053669373169622
vn 1.673971908651115e-16 0.992708872461726 -0.12053669373169622
vn 0 -0.992708872461726 -0.12053669373169622
vn -1.8719566654250928e-16 -0.9798256521212751 -0.1998541754507972
vn -5.022008051310331e-16 -0.9035254716190987 -0.42853438850981995
vn -6.033592099629338e-16 -0.7747156783870729 -0.6323097481940773
vn 2.8442021686677e-15 -0.6008822318232951 -0.7993375654121704
vn 8.314791181536941e-16 -0.39212764495633967 -0.9199108163626487
vn 3.6822954652169533e-16 -0.16058412134192485 -0.9870221577922361
vn -9.809271371842897e-17 0.08029205239015198 -0.9967713811717194
vn -1.8457256315311302e-15 0.3165019103318308 -0.9485918725965882
vn -4.024699118210646e-15 0.5343178572366243 -0.8452836372709828
vn -9.395234643693263e-16 0.7210811568361508 -0.6928506081803194
vn 1.0531523898990995e-15 0.8659378372730461 -0.5001516389844977
vn 7.190024943673098e-16 0.9604693737475579 -0.27838567149365573
vn 0 0.992708872461726 -0.12053669373169622
vn -2.6090477858824652e-15 0.9798256608752107 -0.19985413253284684
vn -3.1956837855773748e-15 0.9035254716190987 -0.42853438850981995
vn -7.416373150568709e-17 0.7747156783870729 -0.6323097481940773
vn 1.0786581294306822e-15 0.6008822318232951 -0.7993375654121704
vn -2.124900879760979e-16 0.39212769539593023 -0.9199107948619129
vn -2.7037514050779396e-16 0.1605840923081226 -0.9870221625159064
vn 9.809271371842897e-17 -0.08029205239015198 -0.9967713811717194
vn -1.7934561821141884e-16 -0.3165019103318308 -0.9485918725965882
vn 1.360650554654488e-15 -0.5343178572366243 -0.8452836372709828
vn 3.711228899687771e-16 -0.7210811568361508 -0.6928506081803194
vn -5.873396921869012e-16 -0.8659378372730461 -0.5001516389844977
vn -3.253653691164204e-16 -0.9604693737475579 -0.27838567149365573
vn -6.863731053018876e-17 -0.992708872461726 -0.12053669373169622
vn -2.163333181889375e-15 0.992708872461726 -0.12053669373169622
vn 0 -0.992708872461726 -0.12053669373169622
vn -1.8519320129361479e-16 -0.9798256521212751 -0.1998541754507972
vn -5.022008051310331e-16 -0.9035254716190987 -0.42853438850981995
vn -7.40861300511876e-16 -0.7747156783870729 -0.6323097481940773
vn 1.1510600704981702e-15 -0.6008822318232951 -0.7993375654121704
vn 3.7631607695048135e-16 -0.39212764495633967 -0.9199108163626487
vn -9.524232976186161e-17 -0.16058412134192485 -0.9870221577922361
vn -1.8226694253888082e-16 0.08029205239015198 -0.9967713811717194
vn -8.372727848088747e-16 0.3165019103318308 -0.9485918725965882
vn 1.6931192223924386e-16 0.5343178572366243 -0.8452836372709828
vn 1.0685729607224175e-15 0.7210811568361508 -0.6928506081803194
vn -1.7039239978304384e-15 0.8659378372730461 -0.5001516389844977
vn -3.7982677172953365e-15 0.9604693737475579 -0.27838567149365573
vn 0 0.992708872461726 -0.12053669373169622
vn 4.40729208864092e-16 0.9798256608752107 -0.19985413253284684
vn 1.047217749313999e-15 0.9035254716190987 -0.42853438850981995
vn 1.215420307214403e-15 0.7747156783870729 -0.6323097481940773
vn -2.299121009090176e-15 0.6008822318232951 -0.7993375654121704
vn -2.87098516017607e-15 0.39212769539593023 -0.9199107948619129
vn -5.606887484005344e-16 0.1605840923081226 -0.9870221625159064
vn 5.587140943891269e-16 -0.08029205239015198 -0.9967713811717194
vn 2.9010570924439045e-16 -0.3165019103318308 -0.9485918725965882
vn 2.888256387338398e-15 -0.5343178572366243 -0.8452836372709828
vn 1.4858254250442748e-15 -0.7210811568361508 -0.6928506081803194
vn -5.232609609019499e-16 -0.8659378372730461 -0.5001516389844977
vn -3.27367834431056e-16 -0.9604693737475579 -0.27838567149365573
vn -7.162153998423067e-17 -0.992708872461726 -0.12053669373169622
vn 1.673971908651115e-16 0.992708872461726 -0.12053669373169622
vn 0 -0.992708872461726 -0.12053669373169622
vn -1.8719566654250928e-16 -0.9798256521212751 -0.1998541754507972
vn -5.022008051310331e-16 -0.9035254716190987 -0.42853438850981995
vn -6.033592099629338e-16 -0.7747156783870729 -0.6323097481940773
vn 2.8442021686677e-15 -0.6008822318232951 -0.7993375654121704
vn 8.314791181536941e-16 -0.39212764495633967 -0.9199108163626487
vn 3.6822954652169533e-16 -0.16058412134192485 -0.9870221577922361
vn -9.809271371842897e-17 0.08029205239015198 -0.9967713811717194
vn -1.8457256315311302e-15 0.3165019103318308 -0.9485918725965882
vn -4.024699118210646e-15 0.5343178572366243 -0.8452836372709828
vn -9.395234643693263e-16 0.7210811568361508 -0.6928506081803194
vn 1.0531523898990995e-15 0.8659378372730461 -0.5001516389844977
vn 7.190024943673098e-16 0.9604693737475579 -0.27838567149365573
vn 0 0.992708872461726 -0.12053669373169622
vn -2.561179625406386e-15 0.9798256608752107 -0.19985413253284684
vn -3.341345500406857e-15 0.9035254716190987 -0.42853438850981995
vn -1.8630147285222622e-16 0.7747156783870729 -0.6323097481940773
vn 1.0786581294306822e-15 0.6008822318232951 -0.7993375654121704
vn -2.124900879760979e-16 0.39212769539593023 -0.9199107948619129
vn -2.7037514050779396e-16 0.1605840923081226 -0.9870221625159064
vn 9.809271371842897e-17 -0.08029205239015198 -0.9967713811717194
vn -1.7934561821141884e-16 -0.3165019103318308 -0.9485918725965882
vn 1.360650554654488e-15 -0.5343178572366243 -0.8452836372709828
vn 3.7913272489863134e-16 -0.7210811568361508 -0.6928506081803194
vn -3.9579525955875313e-16 -0.8659378372730461 -0.5001516389844977
vn -2.532768295477794e-16 -0.9604693737475579 -0.27838567149365573
vn -6.863731053018876e-17 -0.992708872461726 -0.12053669373169622
vn -2.14571235529889e-15 0.992708872461726 -0.12053669373169622
vn 0 -0.992708872461726 -0.12053669373169622
vn -1.8519320129361479e-16 -0.9798256521212751 -0.1998541754507972
vn -3.1866623552942057e-16 -0.9035254716190987 -0.42853438850981995
vn -6.214054061045244e-16 -0.7747156783870729 -0.6323097481940773
vn 1.1510600704981702e-15 -0.6008822318232951 -0.7993375654121704
vn 3.7631607695048135e-16 -0.39212764495633967 -0.9199108163626487
vn -9.524232976186161e-17 -0.16058412134192485 -0.9870221577922361
vn -1.8226694253888082e-16 0.08029205239015198 -0.9967713811717194
vn -8.372727848088747e-16 0.3165019103318308 -0.9485918725965882
vn 1.6931192223924386e-16 0.5343178572366243 -0.8452836372709828
vn 1.0685729607224175e-15 0.7210811568361508 -0.6928506081803194
vn -1.885630036803315e-15 0.8659378372730461 -0.5001516389844977
vn -3.8199674310494935e-15 0.9604693737475579 -0.27838567149365573
vn 0 0.992708872461726 -0.12053669373169622
vn 4.666657014293581e-16 0.9798256608752107 -0.19985413253284684
vn 8.935461732985294e-16 0.9035254716190987 -0.42853438850981995
vn -5.517681592076911e-17 0.7747156783870729 -0.6323097481940773
vn -3.2680918659291234e-16 0.6008822318232951 -0.7993375654121704
vn -2.4018906477596774e-17 0.39212769539593023 -0.9199107948619129
vn 2.934580059544734e-16 0.1605840923081226 -0.9870221625159064
vn 2.8231904196006745e-16 -0.08029205239015198 -0.9967713811717194
vn 4.880674900611291e-18 -0.3165019103318308 -0.9485918725965882
vn -4.100038411634601e-16 -0.5343178572366243 -0.8452836372709828
vn -6.701562332474346e-16 -0.7210811568361508 -0.6928506081803194
vn -4.038050943519271e-16 -0.8659378372730461 -0.5001516389844977
vn -2.532768295477794e-16 -0.9604693737475579 -0.27838567149365573
vn -6.863731053018876e-17 -0.992708872461726 -0.12053669373169622
vn 1.7620757769057418e-16 0.992708872461726 -0.12053669373169622
vn 0 -0.992708872461726 -0.12053669373169622
vn -1.8519320129361479e-16 -0.9798256521212751 -0.1998541754507972
vn -3.1866623552942057e-16 -0.9035254716190987 -0.42853438850981995
vn -6.294152674605174e-16 -0.7747156783870729 -0.6323097481940773
vn -6.195942773251988e-16 -0.6008822318232951 -0.7993375654121704
vn -3.530591720235558e-16 -0.39212764495633967 -0.9199108163626487
vn 8.898400038470017e-17 -0.16058412134192485 -0.9870221577922361
vn 1.9333502926058338e-16 0.08029205239015198 -0.9967713811717194
vn 9.12480058119749e-17 0.3165019103318308 -0.9485918725965882
vn -3.508281070816932e-16 0.5343178572366243 -0.8452836372709828
vn -6.18276257941617e-16 0.7210811568361508 -0.6928506081803194
vn 2.336264856868084e-16 0.8659378372730461 -0.5001516389844977
vn 6.753706092524462e-16 0.9604693737475579 -0.27838567149365573
vn 0 0.992708872461726 -0.12053669373169622
vn 3.7493452276900274e-16 0.9798256608752107 -0.19985413253284684
vn 9.991586880771946e-16 0.9035254716190987 -0.42853438850981995
vn 1.215420307214403e-15 0.7747156783870729 -0.6323097481940773
vn -2.299121009090176e-15 0.6008822318232951 -0.7993375654121704
vn -2.87098516017607e-15 0.39212769539593023 -0.9199107948619129
vn -5.606887484005344e-16 0.1605840923081226 -0.9870221625159064
vn 5.587140943891269e-16 -0.08029205239015198 -0.9967713811717194
vn 2.9010570924439045e-16 -0.3165019103318308 -0.9485918725965882
vn 2.888256387338398e-15 -0.5343178572366243 -0.8452836372709828
vn 1.4858254250442748e-15 -0.7210811568361508 -0.6928506081803194
vn -5.232609609019499e-16 -0.8659378372730461 -0.5001516389844977
vn -3.27367834431056e-16 -0.9604693737475579 -0.27838567149365573
vn -7.162153998423067e-17 -0.992708872461726 -0.12053669373169622
vn 1.4096605685850336e-16 0.992708872461726 -0.12053669373169622
vn 0 -0.992708872461726 -0.12053669373169622
vn -1.8719566654250928e-16 -0.9798256521212751 -0.1998541754507972
vn -5.022008051310331e-16 -0.9035254716190987 -0.42853438850981995
vn -6.033592099629338e-16 -0.7747156783870729 -0.6323097481940773
vn 2.8442021686677e-15 -0.6008822318232951 -0.7993375654121704
vn 8.314791181536941e-16 -0.39212764495633967 -0.9199108163626487
vn 3.6822954652169533e-16 -0.16058412134192485 -0.9870221577922361
vn -9.809271371842897e-17 0.08029205239015198 -0.9967713811717194
vn -1.8457256315311302e-15 0.3165019103318308 -0.9485918725965882
vn -4.024699118210646e-15 0.5343178572366243 -0.8452836372709828
vn -9.395234643693263e-16 0.7210811568361508 -0.6928506081803194
vn 1.0531523898990995e-15 0.8659378372730461 -0.5001516389844977
vn 6.532077802302182e-16 0.9604693737475579 -0.27838567149365573
vn 0 0.992708872461726 -0.12053669373169622
vn 4.40729208864092e-16 0.9798256608752107 -0.19985413253284684
vn 1.047217749313999e-15 0.9035254716190987 -0.42853438850981995
vn 1.215420307214403e-15 0.7747156783870729 -0.6323097481940773
vn -2.299121009090176e-15 0.6008822318232951 -0.7993375654121704
vn -2.87098516017607e-15 0.39212769539593023 -0.9199107948619129
vn -5.606887484005344e-16 0.1605840923081226 -0.9870221625159064
vn 5.587140943891269e-16 -0.08029205239015198 -0.9967713811717194
vn 2.9010570924439045e-16 -0.3165019103318308 -0.9485918725965882
vn 2.888256387338398e-15 -0.5343178572366243 -0.8452836372709828
vn 1.4858254250442748e-15 -0.7210811568361508 -0.6928506081803194
vn -5.232609609019499e-16 -0.8659378372730461 -0.5001516389844977
vn -3.27367834431056e-16 -0.9604693737475579 -0.27838567149365573
vn -7.162153998423067e-17 -0.992708872461726 -0.12053669373169622
vn 1.673971908651115e-16 0.992708872461726 -0.12053669373169622
vn 0 -0.992708872461726 -0.12053669373169622
vn -1.8719566654250928e-16 -0.9798256521212751 -0.1998541754507972
vn -5.022008051310331e-16 -0.9035254716190987 -0.42853438850981995
vn -6.033592099629338e-16 -0.7747156783870729 -0.6323097481940773
vn 2.8442021686677e-15 -0.6008822318232951 -0.7993375654121704
vn 8.314791181536941e-16 -0.39212764495633967 -0.9199108163626487
vn 3.6822954652169533e-16 -0.16058412134192485 -0.9870221577922361
vn -9.809271371842897e-17 0.08029205239015198 -0.9967713811717194
vn -1.8457256315311302e-15 0.3165019103318308 -0.9485918725965882
vn -4.024699118210646e-15 0.5343178572366243 -0.8452836372709828
vn -9.395234643693263e-16 0.7210811568361508 -0.6928506081803194
vn 1.0531523898990995e-15 0.8659378372730461 -0.5001516389844977
vn 7.190024943673098e-16 0.9604693737475579 -0.27838567149365573
f 4//4 16//16 3//3
f 4//4 28//28 16//16
f 5//5 27//27 28//28
f 5//5 28//28 4//4
f 6//6 26//26 27//27
f 6//6 27//27 5//5
f 7//7 25//25 26//26
f 7//7 26//26 6//6
f 8//8 24//24 25//25
f 8//8 25//25 7//7
f 9//9 23//23 24//24
f 9//9 24//24 8//8
f 10//10 22//22 23//23
f 10//10 23//23 9//9
f 11//11 21//21 22//22
f 11//11 22//22 10//10
f 12//12 20//20 21//21
f 12//12 21//21 11//11
f 13//13 19//19 20//20
f 13//13 20//20 12//12
f 14//14 18//18 19//19
f 14//14 19//19 13//13
f 15//15 17//17 18//18
f 15//15 18//18 14//14
f 2//2 1//1 17//17
f 2//2 17//17 15//15
f 32//32 44//44 31//31
f 32//32 56//56 44//44
f 33//33 55//55 56//56
f 33//33 56//56 32//32
f 34//34 54//54 55//55
f 34//34 55//55 33//33
f 35//35 53//53 54//54
f 35//35 54//54 34//34
f 36//36 52//52 53//53
f 36//36 53//53 35//35
f 37//37 51//51 52//52
f 37//37 52//52 36//36
f 38//38 50//50 51//51
f 38//38 51//51 37//37
f 39//39 49//49 50//50
f 39//39 50//50 38//38
f 40//40 48//48 49//49
f 40//40 49//49 39//39
f 41//41 47//47 48//48
f 41//41 48//48 40//40
f 42//42 46//46 47//47
f 42//42 47//47 41//41
f 43//43 45//45 46//46
f 43//43 46//46 42//42
f 30//30 29//29 45//45
f 30//30 45//45 43//43
f 60//60 72//72 59//59
f 60//60 84//84 72//72
f 61//61 83//83 84//84
f 61//61 84//84 60//60
f 62//62 82//82 83//83
f 62//62 83//83 61//61
f 63//63 81//81 82//82
f 63//63 82//82 62//62
f 64//64 80//80 81//81
f 64//64 81//81 63//63
f 65//65 79//79 80//80
f 65//65 80//80 64//64
f 66//66 78//78 79//79
f 66//66 79//79 65//65
f 67//67 77//77 78//78
f 67//67 78//78 66//66
f 68//68 76//76 77//77
f 68//68 77//77 67//67
f 69//69 75//75 76//76
f 69//69 76//76 68//68
f 70//70 74//74 75//75
f 70//70 75//75 69//69
f 71//71 73//73 74//74
f 71//71 74//74 70//70
f 58//58 57//57 73//73
f 58//58 73//73 71//71
f 88//88 100//100 87//87
f 88//88 112//112 100//100
f 89//89 111//111 112//112
f 89//89 112//112 88//88
f 90//90 110//110 111//111
f 90//90 111//111 89//89
f 91//91 109//109 110//110
f 91//91 110//110 90//90
f 92//92 108//108 109//109
f 92//92 109//109 91//91
f 93//93 107//107 108//108
f 93//93 108//108 92//92
f 94//94 106//106 107//107
f 94//94 107//107 93//93
f 95//95 105//105 106//106
f 95//95 106//106 94//94
f 96//96 104//104 105//105
f 96//96 105//105 95//95
f 97//97 103//103 104//104
f 97//97 104//104 96//96
f 98//98 102//102 103//103
f 98//98 103//103 97//97
f 99//99 101//101 102//102
f 99//99 102//102 98//98
f 86//86 85//85 101//101
f 86//86 101//101 99//99
f 116//116 128//128 115//115
f 116//116 140//140 128//128
f 117//117 139//139 140//140
f 117//117 140//140 116//116
f 118//118 138//138 139//139
f 118//118 139//139 117//117
f 119//119 137//137 138//138
f 119//119 138//138 118//118
f 120//120 136//136 137//137
f 120//120 137//137 119//119
f 121//121 135//135 136//136
f 121//121 136//136 120//120
f 122//122 134//134 135//135
f 122//122 135//135 121//121
f 123//123 133//133 134//134
f 123//123 134//134 122//122
f 124//124 132//132 133//133
f 124//124 133//133 123//123
f 125//125 131//131 132//132
f 125//125 132//132 124//124
f 126//126 130//130 131//131
f 126//126 131//131 125//125
f 127//127 129//129 130//130
f 127//127 130//130 126//126
f 114//114 113//113 129//129
f 114//114 129//129 127//127
f 144//144 156//156 143//143
f 144//144 168//168 156//156
f 145//145 167//167 168//168
f 145//145 168//168 144//144
f 146//146 166//166 167//167
f 146//146 167//167 145//145
f 147//147 165//165 166//166
f 147//147 166//166 146//146
f 148//148 164//164 165//165
f 148//148 165//165 147//147
f 149//149 163//163 164//164
f 149//149 164//164 148//148
f 150//150 162//162 163//163
f 150//150 163//163 149//149
f 151//151 161//161 162//162
f 151//151 162//162 150//150
f 152//152 160//160 161//161
f 152//152 161//161 151//151
f 153//153 159//159 160//160
f 153//153 160//160 152//152
f 154//154 158//158 159//159
f 154//154 159//159 153//153
f 155//155 157//157 158//158
f 155//155 158//158 154//154
f 142//142 141//141 157//157
f 142//142 157//157 155//155
f 172//172 184//184 171//171
f 172//172 196//196 184//184
f 173//173 195//195 196//196
f 173//173 196//196 172//172
f 174//174 194//194 195//195
f 174//174 195//195 173//173
f 175//175 193//193 194//194
f 175//175 194//194 174//174
f 176//176 192//192 193//193
f 176//176 193//193 175//175
f 177//177 191//191 192//192
f 177//177 192//192 176//176
f 178//178 190//190 191//191
f 178//178 191//191 177//177
f 179//179 189//189 190//190
f 179//179 190//190 178//178
f 180//180 188//188 189//189
f 180//180 189//189 179//179
f 181//181 187//187 188//188
f 181//181 188//188 180//180
f 182//182 186//186 187//187
f 182//182 187//187 181//181
f 183//183 185//185 186//186
f 183//183 186//186 182//182
f 170//170 169//169 185//185
f 170//170 185//185 183//183
f 200//200 212//212 199//199
f 200//200 224//224 212//212
f 201//201 223//223 224//224
f 201//201 224//224 200//200
f 202//202 222//222 223//223
f 202//202 223//223 201//201
f 203//203 221//221 222//222
f 203//203 222//222 202//202
f 204//204 220//220 221//221
f 204//204 221//221 203//203
f 205//205 219//219 220//220
f 205//205 220//220 204//204
f 206//206 218//218 219//219
f 206//206 219//219 205//205
f 207//207 217//217 218//218
f 207//207 218//218 206//206
f 208//208 216//216 217//217
f 208//208 217//217 207//207
f 209//209 215//215 216//216
f 209//209 216//216 208//208
f 210//210 214//214 215//215
f 210//210 215//215 209//209
f 211//211 213//213 214//214
f 211//211 214//214 210//210
f 198//198 197//197 213//213
f 198//198 213//213 211//211
f 228//228 240//240 227//227
f 228//228 252//252 240//240
f 229//229 251//251 252//252
f 229//229 252//252 228//228
f 230//230 250//250 251//251
f 230//230 251//251 229//229
f 231//231 249//249 250//250
f 231//231 250//250 230//230
f 232//232 248//248 249//249
f 232//232 249//249 231//231
f 233//233 247//247 248//248
f 233//233 248//248 232//232
f 234//234 246//246 247//247
f 234//234 247//247 233//233
f 235//235 245//245 246//246
f 235//235 246//246 234//234
f 236//236 244//244 245//245
f 236//236 245//245 235//235
f 237//237 243//243 244//244
f 237//237 244//244 236//236
f 238//238 242//242 243//243
f 238//238 243//243 237//237
f 239//239 241//241 242//242
f 239//239 242//242 238//238
f 226//226 225//225 241//241
f 226//226 241//241 239//239
f 256//256 268//268 255//255
f 256//256 280//280 268//268
f 257//257 279//279 280//280
f 257//257 280//280 256//256
f 258//258 278//278 279//279
f 258//258 279//279 257//257
f 259//259 277//277 278//278
f 259//259 278//278 258//258
f 260//260 276//276 277//277
f 260//260 277//277 259//259
f 261//261 275//275 276//276
f 261//261 276//276 260//260
f 262//262 274//274 275//275
f 262//262 275//275 261//261
f 263//263 273//273 274//274
f 263//263 274//274 262//262
f 264//264 272//272 273//273
f 264//264 273//273 263//263
f 265//265 271//271 272//272
f 265//265 272//272 264//264
f 266//266 270//270 271//271
f 266//266 271//271 265//265
f 267//267 269//269 270//270
f 267//267 270//270 266//266
f 254//254 253//253 269//269
f 254//254 269//269 267//267
f 284//284 296//296 283//283
f 284//284 308//308 296//296
f 285//285 307//307 308//308
f 285//285 308//308 284//284
f 286//286 306//306 307//307
f 286//286 307//307 285//285
f 287//287 305//305 306//306
f 287//287 306//306 286//286
f 288//288 304//304 305//305
f 288//288 305//305 287//287
f 289//289 303//303 304//304
f 289//289 304//304 288//288
f 290//290 302//302 303//303
f 290//290 303//303 289//289
f 291//291 301//301 302//302
f 291//291 302//302 290//290
f 292//292 300//300 301//301
f 292//292 301//301 291//291
f 293//293 299//299 300//300
f 293//293 300//300 292//292
f 294//294 298//298 299//299
f 294//294 299//299 293//293
f 295//295 297//297 298//298
f 295//295 298//298 294//294
f 282//282 281//281 297//297
f 282//282 297//297 295//295
f 312//312 324//324 311//311
f 312//312 336//336 324//324
f 313//313 335//335 336//336
f 313//313 336//336 312//312
f 314//314 334//334 335//335
f 314//314 335//335 313//313
f 315//315 333//333 334//334
f 315//315 334//334 314//314
f 316//316 332//332 333//333
f 316//316 333//333 315//315
f 317//317 331//331 332//332
f 317//317 332//332 316//316
f 318//318 330//330 331//331
f 318//318 331//331 317//317
f 319//319 329//329 330//330
f 319//319 330//330 318//318
f 320//320 328//328 329//329
f 320//320 329//329 319//319
f 321//321 327//327 328//328
f 321//321 328//328 320//320
f 322//322 326//326 327//327
f 322//322 327//327 321//321
f 323//323 325//325 326//326
f 323//323 326//326 322//322
f 310//310 309//309 325//325
f 310//310 325//325 323//323
f 340//340 352//352 339//339
f 340//340 364//364 352//352
f 341//341 363//363 364//364
f 341//341 364//364 340//340
f 342//342 362//362 363//363
f 342//342 363//363 341//341
f 343//343 361//361 362//362
f 343//343 362//362 342//342
f 344//344 360//360 361//361
f 344//344 361//361 343//343
f 345//345 359//359 360//360
f 345//345 360//360 344//344
f 346//346 358//358 359//359
f 346//346 359//359 345//345
f 347//347 357//357 358//358
f 347//347 358//358 346//346
f 348//348 356//356 357//357
f 348//348 357//357 347//347
f 349//349 355//355 356//356
f 349//349 356//356 348//348
f 350//350 354//354 355//355
f 350//350 355//355 349//349
f 351//351 353//353 354//354
f 351//351 354//354 350//350
f 338//338 337//337 353//353
f 338//338 353//353 351//351
f 368//368 380//380 367//367
f 368//368 392//392 380//380
f 369//369 391//391 392//392
f 369//369 392//392 368//368
f 370//370 390//390 391//391
f 370//370 391//391 369//369
f 371//371 389//389 390//390
f 371//371 390//390 370//370
f 372//372 388//388 389//389
f 372//372 389//389 371//371
f 373//373 387//387 388//388
f 373//373 388//388 372//372
f 374//374 386//386 387//387
f 374//374 387//387 373//373
f 375//375 385//385 386//386
f 375//375 386//386 374//374
f 376//376 384//384 385//385
f 376//376 385//385 375//375
f 377//377 383//383 384//384
f 377//377 384//384 376//376
f 378//378 382//382 383//383
f 378//378 383//383 377//377
f 379//379 381//381 382//382
f 379//379 382//382 378//378
f 366//366 365//365 381//381
f 366//366 381//381 379//379
f 396//396 408//408 395//395
f 396//396 420//420 408//408
f 397//397 419//419 420//420
f 397//397 420//420 396//396
f 398//398 418//418 419//419
f 398//398 419//419 397//397
f 399//399 417//417 418//418
f 399//399 418//418 398//398
f 400//400 416//416 417//417
f 400//400 417//417 399//399
f 401//401 415//415 416//416
f 401//401 416//416 400//400
f 402//402 414//414 415//415
f 402//402 415//415 401//401
f 403//403 413//413 414//414
f 403//403 414//414 402//402
f 404//404 412//412 413//413
f 404//404 413//413 403//403
f 405//405 411//411 412//412
f 405//405 412//412 404//404
f 406//406 410//410 411//411
f 406//406 411//411 405//405
f 407//407 409//409 410//410
f 407//407 410//410 406//406
f 394//394 393//393 409//409
f 394//394 409//409 407//407
f 424//424 436//436 423//423
f 424//424 448//448 436//436
f 425//425 447//447 448//448
f 425//425 448//448 424//424
f 426//426 446//446 447//447
f 426//426 447//447 425//425
f 427//427 445//445 446//446
f 427//427 446//446 426//426
f 428//428 444//444 445//445
f 428//428 445//445 427//427
f 429//429 443//443 444//444
f 429//429 444//444 428//428
f 430//430 442//442 443//443
f 430//430 443//443 429//429
f 431//431 441//441 442//442
f 431//431 442//442 430//430
f 432//432 440//440 441//441
f 432//432 441//441 431//431
f 433//433 439//439 440//440
f 433//433 440//440 432//432
f 434//434 438//438 439//439
f 434//434 439//439 433//433
f 435//435 437//437 438//438
f 435//435 438//438 434//434
f 422//422 421//421 437//437
f 422//422 437//437 435//435
f 452//452 464//464 451//451
f 452//452 476//476 464//464
f 453//453 475//475 476//476
f 453//453 476//476 452//452
f 454//454 474//474 475//475
f 454//454 475//475 453//453
f 455//455 473//473 474//474
f 455//455 474//474 454//454
f 456//456 472//472 473//473
f 456//456 473//473 455//455
f 457//457 471//471 472//472
f 457//457 472//472 456//456
f 458//458 470//470 471//471
f 458//458 471//471 457//457
f 459//459 469//469 470//470
f 459//459 470//470 458//458
f 460//460 468//468 469//469
f 460//460 469//469 459//459
f 461//461 467//467 468//468
f 461//461 468//468 460//460
f 462//462 466//466 467//467
f 462//462 467//467 461//461
f 463//463 465//465 466//466
f 463//463 466//466 462//462
f 450//450 449//449 465//465
f 450//450 465//465 463//463
f 480//480 492//492 479//479
f 480//480 504//504 492//492
f 481//481 503//503 504//504
f 481//481 504//504 480//480
f 482//482 502//502 503//503
f 482//482 503//503 481//481
f 483//483 501//501 502//502
f 483//483 502//502 482//482
f 484//484 500//500 501//501
f 484//484 501//501 483//483
f 485//485 499//499 500//500
f 485//485 500//500 484//484
f 486//486 498//498 499//499
f 486//486 499//499 485//485
f 487//487 497//497 498//498
f 487//487 498//498 486//486
f 488//488 496//496 497//497
f 488//488 497//497 487//487
f 489//489 495//495 496//496
f 489//489 496//496 488//488
f 490//490 494//494 495//495
f 490//490 495//495 489//489
f 491//491 493//493 494//494
f 491//491 494//494 490//490
f 478//478 477//477 493//493
f 478//478 493//493 491//491
f 536//536 534//534 533//533
f 536//536 535//535 534//534
f 537//537 533//533 532//532
f 537//537 536//536 533//533
f 505//505 537//537 532//532
f 529//529 506//506 505//505
f 529//529 507//507 506//506
f 529//529 505//505 532//532
f 508//508 529//529 530//530
f 508//508 530//530 531//531
f 508//508 507//507 529//529
f 509//509 531//531 528//528
f 509//509 508//508 531//531
f 525//525 509//509 528//528
f 510//510 525//525 526//526
f 510//510 526//526 527//527
f 510//510 509//509 525//525
f 511//511 527//527 524//524
f 511//511 510//510 527//527
f 512//512 511//511 524//524
f 513//513 512//512 524//524
f 514//514 513//513 524//524
f 515//515 514//514 524//524
f 516//516 515//515 524//524
f 519//519 518//518 517//517
f 521//521 520//520 519//519
f 521//521 519//519 517//517
f 522//522 521//521 517//517
f 523//523 522//522 517//517
f 523//523 517//517 516//516
f 523//523 516//516 524//524
f 539//539 538//538 545//545
f 539//539 545//545 546//546
f 540//540 546//546 547//547
f 540//540 539//539 546//546
f 541//541 547//547 548//548
f 541//541 540//540 547//547
f 542//542 548//548 549//549
f 542//542 549//549 550//550
f 542//542 541//541 548//548
f 543//543 542//542 550//550
f 544//544 550//550 551//551
f 544//544 543//543 550//550
f 553//553 552//552 554//554
f 553//553 554//554 555//555
f 577//577 556//556 557//557
f 577//577 567//567 556//556
f 576//576 565//565 566//566
f 576//576 566//566 567//567
f 576//576 567//567 577//577
f 575//575 565//565 576//576
f 574//574 564//564 565//565
f 574//574 565//565 575//575
f 573//573 563//563 564//564
f 573//573 564//564 574//574
f 572//572 561//561 562//562
f 572//572 562//562 563//563
f 572//572 563//563 573//573
f 571//571 561//561 572//572
f 570//570 560//560 561//561
f 570//570 561//561 571//571
f 569//569 559//559 560//560
f 569//569 560//560 570//570
f 568//568 558//558 559//559
f 568//568 559//559 569//569
f 579//579 578//578 580//580
f 579//579 580//580 581//581
f 583//583 582//582 589//589
f 583//583 589//589 590//590
f 584//584 590//590 591//591
f 584//584 591//591 592//592
f 584//584 583//583 590//590
f 585//585 584//584 592//592
f 586//586 592//592 593//593
f 586//586 593//593 594//594
f 586//586 585//585 592//592
f 587//587 586//586 594//594
f 588//588 594//594 595//595
f 588//588 587//587 594//594
f 597//597 596//596 598//598
f 599//599 597//597 598//598
f 600//600 613//613 597//597
f 600//600 597//597 599//599
f 601//601 612//612 613//613
f 601//601 613//613 600//600
f 602//602 611//611 612//612
f 602//602 612//612 601//601
f 610//610 602//602 603//603
f 610//610 611//611 602//602
f 609//609 603//603 604//604
f 609//609 604//604 605//605
f 609//609 610//610 603//603
f 608//608 605//605 606//606
f 608//608 609//609 605//605
f 607//607 608//608 606//606
f 798//798 797//797 614//614
f 796//796 614//614 797//797
f 799//799 798//798 614//614
f 795//795 624//624 614//614
f 795//795 614//614 796//796
f 800//800 799//799 614//614
f 794//794 624//624 795//795
f 793//793 624//624 794//794
f 792//792 624//624 793//793
f 791//791 624//624 792//792
f 790//790 624//624 791//791
f 789//789 624//624 790//790
f 788//788 624//624 789//789
f 787//787 624//624 788//788
f 824//824 823//823 614//614
f 822//822 800//800 614//614
f 822//822 614//614 823//823
f 822//822 801//801 800//800
f 825//825 824//824 614//614
f 821//821 801//801 822//822
f 821//821 802//802 801//801
f 826//826 825//825 614//614
f 820//820 802//802 821//821
f 820//820 803//803 802//802
f 827//827 826//826 614//614
f 819//819 803//803 820//820
f 819//819 804//804 803//803
f 818//818 804//804 819//819
f 818//818 805//805 804//804
f 817//817 806//806 805//805
f 817//817 805//805 818//818
f 816//816 806//806 817//817
f 816//816 781//781 806//806
f 815//815 782//782 781//781
f 815//815 781//781 816//816
f 814//814 782//782 815//815
f 814//814 783//783 782//782
f 813//813 784//784 783//783
f 813//813 783//783 814//814
f 641//641 808//808 807//807
f 642//642 641//641 807//807
f 642//642 807//807 832//832
f 640//640 808//808 641//641
f 640//640 809//809 808//808
f 643//643 832//832 831//831
f 643//643 642//642 832//832
f 639//639 809//809 640//640
f 639//639 810//810 809//809
f 644//644 831//831 830//830
f 644//644 643//643 831//831
f 638//638 810//810 639//639
f 638//638 811//811 810//810
f 637//637 811//811 638//638
f 637//637 812//812 811//811
f 636//636 812//812 637//637
f 636//636 813//813 812//812
f 635//635 813//813 636//636
f 635//635 784//784 813//813
f 634//634 784//784 635//635
f 634//634 785//785 784//784
f 634//634 786//786 785//785
f 633//633 786//786 634//634
f 633//633 787//787 786//786
f 632//632 624//624 787//787
f 632//632 787//787 633//633
f 719//719 644//644 830//830
f 720//720 829//829 828//828
f 720//720 830//830 829//829
f 720//720 719//719 830//830
f 718//718 645//645 644//644
f 718//718 644//644 719//719
f 721//721 720//720 828//828
f 717//717 646//646 645//645
f 717//717 645//645 718//718
f 722//722 828//828 827//827
f 722//722 721//721 828//828
f 722//722 827//827 614//614
f 716//716 647//647 646//646
f 716//716 646//646 717//717
f 723//723 722//722 614//614
f 715//715 648//648 647//647
f 715//715 647//647 716//716
f 714//714 649//649 648//648
f 714//714 648//648 715//715
f 713//713 650//650 649//649
f 713//713 649//649 714//714
f 712//712 625//625 650//650
f 712//712 650//650 713//713
f 711//711 626//626 625//625
f 711//711 625//625 712//712
f 710//710 626//626 711//711
f 710//710 627//627 626//626
f 709//709 628//628 627//627
f 709//709 627//627 710//710
f 708//708 629//629 628//628
f 708//708 628//628 709//709
f 693//693 727//727 726//726
f 694//694 726//726 725//725
f 694//694 693//693 726//726
f 692//692 727//727 693//693
f 695//695 725//725 724//724
f 695//695 694//694 725//725
f 691//691 727//727 692//692
f 691//691 728//728 727//727
f 696//696 724//724 723//723
f 696//696 695//695 724//724
f 696//696 723//723 614//614
f 690//690 703//703 728//728
f 690//690 728//728 691//691
f 690//690 704//704 703//703
f 689//689 704//704 690//690
f 688//688 704//704 689//689
f 688//688 705//705 704//704
f 687//687 705//705 688//688
f 687//687 706//706 705//705
f 686//686 706//706 687//687
f 686//686 707//707 706//706
f 686//686 708//708 707//707
f 685//685 629//629 708//708
f 685//685 708//708 686//686
f 771//771 679//679 678//678
f 772//772 678//678 677//677
f 772//772 771//771 678//678
f 770//770 679//679 771//771
f 770//770 680//680 679//679
f 773//773 772//772 677//677
f 773//773 677//677 702//702
f 769//769 680//680 770//770
f 769//769 681//681 680//680
f 774//774 702//702 701//701
f 774//774 773//773 702//702
f 768//768 681//681 769//769
f 768//768 682//682 681//681
f 775//775 701//701 700//700
f 775//775 774//774 701//701
f 767//767 682//682 768//768
f 767//767 683//683 682//682
f 776//776 700//700 699//699
f 776//776 775//775 700//700
f 766//766 684//684 683//683
f 766//766 683//683 767//767
f 765//765 684//684 766//766
f 765//765 685//685 684//684
f 764//764 685//685 765//765
f 764//764 629//629 685//685
f 763//763 629//629 764//764
f 763//763 630//630 629//629
f 746//746 745//745 778//778
f 746//746 777//777 776//776
f 746//746 778//778 777//777
f 744//744 778//778 745//745
f 744//744 779//779 778//778
f 747//747 776//776 699//699
f 747//747 746//746 776//776
f 743//743 779//779 744//744
f 743//743 780//780 779//779
f 743//743 755//755 780//780
f 742//742 755//755 743//743
f 741//741 755//755 742//742
f 741//741 756//756 755//755
f 741//741 757//757 756//756
f 740//740 757//757 741//741
f 739//739 758//758 757//757
f 739//739 759//759 758//758
f 739//739 757//757 740//740
f 738//738 759//759 739//739
f 737//737 760//760 759//759
f 737//737 759//759 738//738
f 736//736 761//761 760//760
f 736//736 760//760 737//737
f 667//667 748//748 747//747
f 668//668 747//747 699//699
f 668//668 667//667 747//747
f 666//666 749//749 748//748
f 666//666 748//748 667//667
f 669//669 699//699 698//698
f 669//669 668//668 699//699
f 665//665 750//750 749//749
f 665//665 749//749 666//666
f 670//670 698//698 697//697
f 670//670 669//669 698//698
f 664//664 751//751 750//750
f 664//664 750//750 665//665
f 663//663 752//752 751//751
f 663//663 751//751 664//664
f 662//662 753//753 752//752
f 662//662 752//752 663//663
f 661//661 754//754 753//753
f 661//661 753//753 662//662
f 660//660 729//729 754//754
f 660//660 754//754 661//661
f 659//659 730//730 729//729
f 659//659 729//729 660//660
f 658//658 731//731 730//730
f 658//658 730//730 659//659
f 657//657 732//732 731//731
f 657//657 731//731 658//658
f 615//615 652//652 651//651
f 615//615 696//696 614//614
f 615//615 671//671 670//670
f 615//615 672//672 671//671
f 615//615 673//673 672//672
f 615//615 674//674 673//673
f 615//615 675//675 674//674
f 615//615 676//676 675//675
f 615//615 651//651 676//676
f 615//615 697//697 696//696
f 615//615 670//670 697//697
f 618//618 616//616 617//617
f 621//621 619//619 620//620
f 622//622 615//615 616//616
f 622//622 618//618 619//619
f 622//622 652//652 615//615
f 622//622 653//653 652//652
f 622//622 616//616 618//618
f 622//622 619//619 621//621
f 623//623 733//733 732//732
f 623//623 734//734 733//733
f 623//623 735//735 734//734
f 623//623 736//736 735//735
f 623//623 732//732 657//657
f 623//623 654//654 653//653
f 623//623 655//655 654//654
f 623//623 656//656 655//655
f 623//623 657//657 656//656
f 623//623 653//653 622//622
f 623//623 624//624 632//632
f 623//623 632//632 631//631
f 623//623 631//631 630//630
f 623//623 630//630 762//762
f 762//762 630//630 763//763
f 623//623 762//762 761//761
f 623//623 761//761 736//736
f 846//846 833//833 834//834
f 846//846 847//847 833//833
f 845//845 834//834 835//835
f 845//845 846//846 834//834
f 844//844 835//835 836//836
f 844//844 845//845 835//835
f 843//843 836//836 837//837
f 843//843 844//844 836//836
f 842//842 843//843 837//837
f 838//838 842//842 837//837
f 841//841 842//842 838//838
f 839//839 841//841 838//838
f 840//840 841//841 839//839
f 849//849 848//848 850//850
f 849//849 850//850 851//851
f 859//859 860//860 861//861
f 859//859 861//861 862//862
f 859//859 862//862 863//863
f 858//858 863//863 864//864
f 858//858 859//859 863//863
f 854//854 852//852 853//853
f 857//857 864//864 865//865
f 857//857 858//858 864//864
f 855//855 866//866 852//852
f 855//855 852//852 854//854
f 856//856 865//865 866//866
f 856//856 866//866 855//855
f 856//856 857//857 865//865
f 1025//1025 1024//1024 876//876
f 1023//1023 876//876 1024//1024
f 1026//1026 1025//1025 876//876
f 1022//1022 876//876 1023//1023
f 1027//1027 1026//1026 876//876
f 1021//1021 876//876 1022//1022
f 1028//1028 1027//1027 876//876
f 1020//1020 876//876 1021//1021
f 1029//1029 1028//1028 876//876
f 877//877 1030//1030 1029//1029
f 877//877 1031//1031 1030//1030
f 877//877 1029//1029 876//876
f 1032//1032 1031//1031 877//877
f 1033//1033 1032//1032 877//877
f 1008//1008 1033//1033 877//877
f 1050//1050 1014//1014 1013//1013
f 1051//1051 1050//1050 1013//1013
f 1051//1051 1013//1013 1012//1012
f 1049//1049 1014//1014 1050//1050
f 1049//1049 1015//1015 1014//1014
f 1052//1052 1051//1051 1012//1012
f 1052//1052 1012//1012 1011//1011
f 1048//1048 1015//1015 1049//1049
f 1048//1048 1016//1016 1015//1015
f 1053//1053 1052//1052 1011//1011
f 1053//1053 1011//1011 1010//1010
f 1047//1047 1017//1017 1016//1016
f 1047//1047 1016//1016 1048//1048
f 1054//1054 1053//1053 1010//1010
f 1054//1054 1010//1010 1009//1009
f 1055//1055 1009//1009 1008//1008
f 1055//1055 1054//1054 1009//1009
f 1056//1056 1008//1008 877//877
f 1056//1056 1055//1055 1008//1008
f 1057//1057 1056//1056 877//877
f 1058//1058 1057//1057 877//877
f 1059//1059 1058//1058 877//877
f 1034//1034 1059//1059 877//877
f 1077//1077 1017//1017 1047//1047
f 1077//1077 1018//1018 1017//1017
f 1077//1077 1076//1076 1018//1018
f 1077//1077 1047//1047 1046//1046
f 1075//1075 1019//1019 1018//1018
f 1075//1075 1018//1018 1076//1076
f 1078//1078 1046//1046 1045//1045
f 1078//1078 1077//1077 1046//1046
f 1074//1074 1019//1019 1075//1075
f 1074//1074 1020//1020 1019//1019
f 1074//1074 876//876 1020//1020
f 1079//1079 1078//1078 1045//1045
f 1079//1079 1045//1045 1044//1044
f 1073//1073 876//876 1074//1074
f 1080//1080 1044//1044 1043//1043
f 1080//1080 1079//1079 1044//1044
f 1081//1081 1080//1080 1043//1043
f 1081//1081 1043//1043 1042//1042
f 1082//1082 1042//1042 1041//1041
f 1082//1082 1081//1081 1042//1042
f 1083//1083 1082//1082 1041//1041
f 1083//1083 1041//1041 1040//1040
f 1084//1084 1083//1083 1040//1040
f 1084//1084 1040//1040 1039//1039
f 1085//1085 1039//1039 1038//1038
f 1085//1085 1084//1084 1039//1039
f 1060//1060 1085//1085 1038//1038
f 1102//1102 1066//1066 1065//1065
f 1103//1103 1102//1102 1065//1065
f 1103//1103 1065//1065 1064//1064
f 1101//1101 1066//1066 1102//1102
f 1101//1101 1067//1067 1066//1066
f 1104//1104 1103//1103 1064//1064
f 1104//1104 1064//1064 1063//1063
f 1100//1100 1067//1067 1101//1101
f 1100//1100 1068//1068 1067//1067
f 1105//1105 1104//1104 1063//1063
f 1105//1105 1063//1063 1062//1062
f 1099//1099 1069//1069 1068//1068
f 1099//1099 1068//1068 1100//1100
f 1106//1106 1105//1105 1062//1062
f 1106//1106 1062//1062 1061//1061
f 1098//1098 1070//1070 1069//1069
f 1098//1098 1069//1069 1099//1099
f 1107//1107 1106//1106 1061//1061
f 1107//1107 1061//1061 1060//1060
f 1097//1097 1070//1070 1098//1098
f 1108//1108 1107//1107 1060//1060
f 1108//1108 1038//1038 1037//1037
f 1108//1108 1060//1060 1038//1038
f 1109//1109 1108//1108 1037//1037
f 1110//1110 1109//1109 1037//1037
f 1110//1110 1037//1037 1036//1036
f 1111//1111 1110//1110 1036//1036
f 1111//1111 1036//1036 1035//1035
f 1086//1086 1034//1034 877//877
f 1086//1086 1035//1035 1034//1034
f 1086//1086 1111//1111 1035//1035
f 1128//1128 1097//1097 1096//1096
f 1128//1128 1070//1070 1097//1097
f 1129//1129 1128//1128 1096//1096
f 1129//1129 1096//1096 1095//1095
f 1127//1127 1071//1071 1070//1070
f 1127//1127 1070//1070 1128//1128
f 1130//1130 1129//1129 1095//1095
f 1130//1130 1095//1095 1094//1094
f 1126//1126 1072//1072 1071//1071
f 1126//1126 1071//1071 1127//1127
f 1131//1131 1094//1094 1093//1093
f 1131//1131 1130//1130 1094//1094
f 1132//1132 1093//1093 1092//1092
f 1132//1132 1131//1131 1093//1093
f 1133//1133 1092//1092 1091//1091
f 1133//1133 1132//1132 1092//1092
f 1134//1134 1091//1091 1090//1090
f 1134//1134 1133//1133 1091//1091
f 1135//1135 1090//1090 1089//1089
f 1135//1135 1134//1134 1090//1090
f 1136//1136 1135//1135 1089//1089
f 1136//1136 1089//1089 1088//1088
f 920//920 1119//1119 1118//1118
f 921//921 920//920 1118//1118
f 921//921 1118//1118 1117//1117
f 919//919 1119//1119 920//920
f 919//919 1120//1120 1119//1119
f 922//922 921//921 1117//1117
f 922//922 1117//1117 1116//1116
f 918//918 1120//1120 919//919
f 918//918 1121//1121 1120//1120
f 923//923 922//922 1116//1116
f 923//923 1116//1116 1115//1115
f 917//917 1121//1121 918//918
f 917//917 1122//1122 1121//1121
f 924//924 923//923 1115//1115
f 924//924 1115//1115 1114//1114
f 916//916 1122//1122 917//917
f 916//916 1123//1123 1122//1122
f 925//925 924//924 1114//1114
f 925//925 1114//1114 1113//1113
f 915//915 1123//1123 916//916
f 926//926 1113//1113 1112//1112
f 926//926 925//925 1113//1113
f 927//927 926//926 1112//1112
f 927//927 1112//1112 1137//1137
f 928//928 1136//1136 1088//1088
f 928//928 927//927 1137//1137
f 928//928 1137//1137 1136//1136
f 929//929 1088//1088 1087//1087
f 929//929 928//928 1088//1088
f 999//999 914//914 913//913
f 999//999 998//998 914//914
f 997//997 915//915 914//914
f 997//997 914//914 998//998
f 1000//1000 913//913 912//912
f 1000//1000 999//999 913//913
f 1001//1001 912//912 911//911
f 1001//1001 1000//1000 912//912
f 1002//1002 911//911 910//910
f 1002//1002 1001//1001 911//911
f 1003//1003 910//910 909//909
f 1003//1003 1002//1002 910//910
f 1004//1004 908//908 907//907
f 1004//1004 909//909 908//908
f 1004//1004 1003//1003 909//909
f 1005//1005 1004//1004 907//907
f 1006//1006 1005//1005 907//907
f 1006//1006 907//907 906//906
f 1007//1007 1006//1006 906//906
f 1007//1007 906//906 905//905
f 972//972 997//997 996//996
f 973//973 996//996 995//995
f 973//973 972//972 996//996
f 971//971 1123//1123 915//915
f 971//971 915//915 997//997
f 971//971 997//997 972//972
f 974//974 995//995 994//994
f 974//974 973//973 995//995
f 970//970 1123//1123 971//971
f 970//970 1124//1124 1123//1123
f 975//975 994//994 993//993
f 975//975 974//974 994//994
f 976//976 993//993 992//992
f 976//976 975//975 993//993
f 977//977 976//976 992//992
f 977//977 992//992 991//991
f 978//978 991//991 990//990
f 978//978 977//977 991//991
f 979//979 990//990 989//989
f 979//979 978//978 990//990
f 980//980 989//989 988//988
f 980//980 979//979 989//989
f 981//981 988//988 987//987
f 981//981 980//980 988//988
f 956//956 987//987 986//986
f 956//956 981//981 987//987
f 957//957 986//986 985//985
f 957//957 956//956 986//986
f 958//958 957//957 985//985
f 946//946 967//967 966//966
f 947//947 946//946 966//966
f 947//947 966//966 965//965
f 945//945 967//967 946//946
f 948//948 947//947 965//965
f 948//948 964//964 963//963
f 948//948 965//965 964//964
f 944//944 968//968 967//967
f 944//944 967//967 945//945
f 949//949 948//948 963//963
f 943//943 969//969 968//968
f 943//943 968//968 944//944
f 950//950 949//949 963//963
f 950//950 963//963 962//962
f 951//951 950//950 962//962
f 951//951 962//962 961//961
f 952//952 951//951 961//961
f 952//952 961//961 960//960
f 953//953 952//952 960//960
f 953//953 960//960 959//959
f 954//954 953//953 959//959
f 954//954 959//959 958//958
f 894//894 936//936 935//935
f 895//895 894//894 935//935
f 895//895 935//935 934//934
f 893//893 937//937 936//936
f 893//893 936//936 894//894
f 896//896 895//895 934//934
f 896//896 934//934 933//933
f 892//892 937//937 893//893
f 892//892 938//938 937//937
f 897//897 896//896 933//933
f 897//897 933//933 932//932
f 891//891 938//938 892//892
f 891//891 939//939 938//938
f 898//898 897//897 932//932
f 898//898 932//932 931//931
f 899//899 898//898 931//931
f 899//899 931//931 930//930
f 900//900 899//899 930//930
f 900//900 930//930 955//955
f 901//901 954//954 958//958
f 901//901 900//900 955//955
f 901//901 958//958 985//985
f 901//901 955//955 954//954
f 902//902 984//984 983//983
f 902//902 985//985 984//984
f 902//902 901//901 985//985
f 903//903 902//902 983//983
f 875//875 887//887 886//886
f 875//875 888//888 887//887
f 875//875 889//889 888//888
f 875//875 890//890 889//889
f 875//875 891//891 890//890
f 875//875 939//939 891//891
f 875//875 940//940 939//939
f 875//875 941//941 940//940
f 875//875 942//942 941//941
f 875//875 943//943 942//942
f 873//873 874//874 875//875
f 872//872 873//873 875//875
f 871//871 872//872 875//875
f 869//869 870//870 871//871
f 867//867 869//869 871//871
f 867//867 875//875 886//886
f 867//867 886//886 885//885
f 867//867 871//871 875//875
f 868//868 867//867 885//885
f 868//868 879//879 878//878
f 868//868 880//880 879//879
f 868//868 881//881 880//880
f 868//868 882//882 881//881
f 868//868 883//883 882//882
f 868//868 884//884 883//883
f 868//868 885//885 884//884
f 868//868 878//878 903//903
f 868//868 903//903 983//983
f 875//875 876//876 1073//1073
f 875//875 1073//1073 1072//1072
f 875//875 1072//1072 1125//1125
f 1125//1125 1072//1072 1126//1126
f 875//875 1125//1125 1124//1124
f 875//875 1124//1124 969//969
f 969//969 1124//1124 970//970
f 875//875 969//969 943//943
f 877//877 868//868 982//982
f 982//982 868//868 983//983
f 877//877 982//982 1007//1007
f 877//877 1007//1007 904//904
f 904//904 1007//1007 905//905
f 877//877 904//904 929//929
f 877//877 929//929 1086//1086
f 1086//1086 929//929 1087//1087
f 1139//1139 1138//1138 1140//1140
f 1148//1148 1149//1149 1150//1150
f 1141//1141 1139//1139 1140//1140
f 1147//1147 1150//1150 1151//1151
f 1147//1147 1148//1148 1150//1150
f 1142//1142 1155//1155 1139//1139
f 1142//1142 1139//1139 1141//1141
f 1146//1146 1147//1147 1151//1151
f 1143//1143 1153//1153 1154//1154
f 1143//1143 1154//1154 1155//1155
f 1143//1143 1155//1155 1142//1142
f 1144//1144 1153//1153 1143//1143
f 1145//1145 1151//1151 1152//1152
f 1145//1145 1152//1152 1153//1153
f 1145//1145 1153//1153 1144//1144
f 1145//1145 1146//1146 1151//1151
f 1164//1164 1161//1161 1162//1162
f 1164//1164 1162//1162 1163//1163
f 1165//1165 1160//1160 1161//1161
f 1165//1165 1161//1161 1164//1164
f 1166//1166 1160//1160 1165//1165
f 1159//1159 1166//1166 1167//1167
f 1159//1159 1167//1167 1168//1168
f 1159//1159 1160//1160 1166//1166
f 1169//1169 1157//1157 1158//1158
f 1169//1169 1158//1158 1159//1159
f 1169//1169 1159//1159 1168//1168
f 1170//1170 1156//1156 1157//1157
f 1170//1170 1157//1157 1169//1169
f 1188//1188 1156//1156 1170//1170
f 1171//1171 1186//1186 1187//1187
f 1171//1171 1187//1187 1188//1188
f 1171//1171 1188//1188 1170//1170
f 1172//1172 1185//1185 1186//1186
f 1172//1172 1186//1186 1171//1171
f 1173//1173 1185//1185 1172//1172
f 1174//1174 1185//1185 1173//1173
f 1175//1175 1185//1185 1174//1174
f 1176//1176 1185//1185 1175//1175
f 1177//1177 1185//1185 1176//1176
f 1181//1181 1179//1179 1180//1180
f 1182//1182 1178//1178 1179//1179
f 1182//1182 1179//1179 1181//1181
f 1183//1183 1178//1178 1182//1182
f 1184//1184 1178//1178 1183//1183
f 1184//1184 1177//1177 1178//1178
f 1184//1184 1185//1185 1177//1177
f 1352//1352 1189//1189 1353//1353
f 1354//1354 1353//1353 1189//1189
f 1351//1351 1189//1189 1352//1352
f 1355//1355 1354//1354 1189//1189
f 1350//1350 1189//1189 1351//1351
f 1330//1330 1355//1355 1189//1189
f 1349//1349 1189//1189 1350//1350
f 1331//1331 1330//1330 1189//1189
f 1348//1348 1189//1189 1349//1349
f 1190//1190 1347//1347 1346//1346
f 1190//1190 1348//1348 1347//1347
f 1190//1190 1189//1189 1348//1348
f 1345//1345 1190//1190 1346//1346
f 1344//1344 1190//1190 1345//1345
f 1343//1343 1190//1190 1344//1344
f 1379//1379 1338//1338 1337//1337
f 1378//1378 1338//1338 1379//1379
f 1378//1378 1339//1339 1338//1338
f 1380//1380 1379//1379 1337//1337
f 1380//1380 1337//1337 1336//1336
f 1377//1377 1339//1339 1378//1378
f 1377//1377 1340//1340 1339//1339
f 1381//1381 1380//1380 1336//1336
f 1381//1381 1336//1336 1335//1335
f 1376//1376 1340//1340 1377//1377
f 1376//1376 1341//1341 1340//1340
f 1356//1356 1335//1335 1334//1334
f 1356//1356 1381//1381 1335//1335
f 1375//1375 1341//1341 1376//1376
f 1375//1375 1342//1342 1341//1341
f 1374//1374 1342//1342 1375//1375
f 1374//1374 1343//1343 1342//1342
f 1373//1373 1190//1190 1343//1343
f 1373//1373 1343//1343 1374//1374
f 1372//1372 1190//1190 1373//1373
f 1371//1371 1190//1190 1372//1372
f 1370//1370 1190//1190 1371//1371
f 1369//1369 1190//1190 1370//1370
f 1404//1404 1356//1356 1334//1334
f 1404//1404 1334//1334 1333//1333
f 1404//1404 1357//1357 1356//1356
f 1404//1404 1333//1333 1405//1405
f 1406//1406 1333//1333 1332//1332
f 1406//1406 1405//1405 1333//1333
f 1403//1403 1357//1357 1404//1404
f 1403//1403 1358//1358 1357//1357
f 1407//1407 1332//1332 1331//1331
f 1407//1407 1406//1406 1332//1332
f 1407//1407 1331//1331 1189//1189
f 1402//1402 1359//1359 1358//1358
f 1402//1402 1358//1358 1403//1403
f 1382//1382 1407//1407 1189//1189
f 1401//1401 1359//1359 1402//1402
f 1401//1401 1360//1360 1359//1359
f 1400//1400 1361//1361 1360//1360
f 1400//1400 1360//1360 1401//1401
f 1399//1399 1361//1361 1400//1400
f 1399//1399 1362//1362 1361//1361
f 1398//1398 1362//1362 1399//1399
f 1398//1398 1363//1363 1362//1362
f 1397//1397 1364//1364 1363//1363
f 1397//1397 1363//1363 1398//1398
f 1396//1396 1364//1364 1397//1397
f 1396//1396 1365//1365 1364//1364
f 1395//1395 1365//1365 1396//1396
f 1431//1431 1390//1390 1389//1389
f 1430//1430 1391//1391 1390//1390
f 1430//1430 1390//1390 1431//1431
f 1432//1432 1431//1431 1389//1389
f 1432//1432 1389//1389 1388//1388
f 1429//1429 1392//1392 1391//1391
f 1429//1429 1391//1391 1430//1430
f 1433//1433 1432//1432 1388//1388
f 1433//1433 1388//1388 1387//1387
f 1428//1428 1393//1393 1392//1392
f 1428//1428 1392//1392 1429//1429
f 1408//1408 1433//1433 1387//1387
f 1408//1408 1387//1387 1386//1386
f 1427//1427 1394//1394 1393//1393
f 1427//1427 1393//1393 1428//1428
f 1409//1409 1408//1408 1386//1386
f 1409//1409 1386//1386 1385//1385
f 1426//1426 1395//1395 1394//1394
f 1426//1426 1394//1394 1427//1427
f 1410//1410 1409//1409 1385//1385
f 1425//1425 1365//1365 1395//1395
f 1425//1425 1395//1395 1426//1426
f 1424//1424 1365//1365 1425//1425
f 1424//1424 1366//1366 1365//1365
f 1423//1423 1366//1366 1424//1424
f 1423//1423 1367//1367 1366//1366
f 1423//1423 1368//1368 1367//1367
f 1422//1422 1368//1368 1423//1423
f 1422//1422 1369//1369 1368//1368
f 1421//1421 1190//1190 1369//1369
f 1421//1421 1369//1369 1422//1422
f 1457//1457 1411//1411 1410//1410
f 1457//1457 1410//1410 1385//1385
f 1456//1456 1412//1412 1411//1411
f 1456//1456 1411//1411 1457//1457
f 1458//1458 1457//1457 1385//1385
f 1458//1458 1384//1384 1383//1383
f 1458//1458 1385//1385 1384//1384
f 1455//1455 1413//1413 1412//1412
f 1455//1455 1412//1412 1456//1456
f 1459//1459 1458//1458 1383//1383
f 1454//1454 1414//1414 1413//1413
f 1454//1454 1413//1413 1455//1455
f 1453//1453 1415//1415 1414//1414
f 1453//1453 1414//1414 1454//1454
f 1452//1452 1416//1416 1415//1415
f 1452//1452 1415//1415 1453//1453
f 1451//1451 1417//1417 1416//1416
f 1451//1451 1416//1416 1452//1452
f 1450//1450 1418//1418 1417//1417
f 1450//1450 1417//1417 1451//1451
f 1449//1449 1419//1419 1418//1418
f 1449//1449 1418//1418 1450//1450
f 1249//1249 1441//1441 1440//1440
f 1248//1248 1441//1441 1249//1249
f 1248//1248 1442//1442 1441//1441
f 1250//1250 1249//1249 1440//1440
f 1250//1250 1440//1440 1439//1439
f 1247//1247 1442//1442 1248//1248
f 1247//1247 1443//1443 1442//1442
f 1251//1251 1250//1250 1439//1439
f 1251//1251 1439//1439 1438//1438
f 1246//1246 1443//1443 1247//1247
f 1246//1246 1444//1444 1443//1443
f 1226//1226 1251//1251 1438//1438
f 1226//1226 1438//1438 1437//1437
f 1245//1245 1444//1444 1246//1246
f 1245//1245 1445//1445 1444//1444
f 1227//1227 1437//1437 1436//1436
f 1227//1227 1226//1226 1437//1437
f 1244//1244 1445//1445 1245//1245
f 1244//1244 1446//1446 1445//1445
f 1228//1228 1227//1227 1436//1436
f 1243//1243 1446//1446 1244//1244
f 1243//1243 1447//1447 1446//1446
f 1242//1242 1447//1447 1243//1243
f 1242//1242 1448//1448 1447//1447
f 1241//1241 1419//1419 1449//1449
f 1241//1241 1449//1449 1448//1448
f 1241//1241 1448//1448 1242//1242
f 1240//1240 1420//1420 1419//1419
f 1240//1240 1419//1419 1241//1241
f 1327//1327 1229//1229 1228//1228
f 1326//1326 1230//1230 1229//1229
f 1326//1326 1229//1229 1327//1327
f 1328//1328 1327//1327 1228//1228
f 1325//1325 1231//1231 1230//1230
f 1325//1325 1230//1230 1326//1326
f 1324//1324 1232//1232 1231//1231
f 1324//1324 1231//1231 1325//1325
f 1323//1323 1233//1233 1232//1232
f 1323//1323 1234//1234 1233//1233
f 1323//1323 1232//1232 1324//1324
f 1322//1322 1234//1234 1323//1323
f 1321//1321 1235//1235 1234//1234
f 1321//1321 1236//1236 1235//1235
f 1321//1321 1234//1234 1322//1322
f 1320//1320 1237//1237 1236//1236
f 1320//1320 1236//1236 1321//1321
f 1319//1319 1237//1237 1320//1320
f 1318//1318 1237//1237 1319//1319
f 1318//1318 1238//1238 1237//1237
f 1301//1301 1329//1329 1328//1328
f 1300//1300 1329//1329 1301//1301
f 1300//1300 1304//1304 1329//1329
f 1302//1302 1436//1436 1435//1435
f 1302//1302 1228//1228 1436//1436
f 1302//1302 1301//1301 1328//1328
f 1302//1302 1328//1328 1228//1228
f 1299//1299 1305//1305 1304//1304
f 1299//1299 1304//1304 1300//1300
f 1303//1303 1302//1302 1435//1435
f 1298//1298 1306//1306 1305//1305
f 1298//1298 1305//1305 1299//1299
f 1297//1297 1306//1306 1298//1298
f 1297//1297 1307//1307 1306//1306
f 1296//1296 1308//1308 1307//1307
f 1296//1296 1307//1307 1297//1297
f 1295//1295 1309//1309 1308//1308
f 1295//1295 1308//1308 1296//1296
f 1294//1294 1310//1310 1309//1309
f 1294//1294 1309//1309 1295//1295
f 1293//1293 1311//1311 1310//1310
f 1293//1293 1310//1310 1294//1294
f 1292//1292 1312//1312 1311//1311
f 1292//1292 1311//1311 1293//1293
f 1291//1291 1313//1313 1312//1312
f 1291//1291 1312//1312 1292//1292
f 1290//1290 1314//1314 1313//1313
f 1290//1290 1313//1313 1291//1291
f 1289//1289 1314//1314 1290//1290
f 1274//1274 1281//1281 1275//1275
f 1274//1274 1282//1282 1281//1281
f 1276//1276 1275//1275 1281//1281
f 1276//1276 1281//1281 1280//1280
f 1273//1273 1282//1282 1274//1274
f 1273//1273 1283//1283 1282//1282
f 1277//1277 1280//1280 1279//1279
f 1277//1277 1276//1276 1280//1280
f 1272//1272 1283//1283 1273//1273
f 1272//1272 1284//1284 1283//1283
f 1252//1252 1279//1279 1278//1278
f 1252//1252 1277//1277 1279//1279
f 1271//1271 1284//1284 1272//1272
f 1271//1271 1285//1285 1284//1284
f 1270//1270 1285//1285 1271//1271
f 1270//1270 1286//1286 1285//1285
f 1269//1269 1286//1286 1270//1270
f 1269//1269 1287//1287 1286//1286
f 1268//1268 1287//1287 1269//1269
f 1268//1268 1288//1288 1287//1287
f 1267//1267 1288//1288 1268//1268
f 1267//1267 1289//1289 1288//1288
f 1223//1223 1260//1260 1259//1259
f 1222//1222 1260//1260 1223//1223
f 1222//1222 1261//1261 1260//1260
f 1224//1224 1223//1223 1259//1259
f 1224//1224 1259//1259 1258//1258
f 1221//1221 1261//1261 1222//1222
f 1221//1221 1262//1262 1261//1261
f 1225//1225 1224//1224 1258//1258
f 1225//1225 1258//1258 1257//1257
f 1220//1220 1262//1262 1221//1221
f 1220//1220 1263//1263 1262//1262
f 1200//1200 1225//1225 1257//1257
f 1200//1200 1257//1257 1256//1256
f 1219//1219 1263//1263 1220//1220
f 1219//1219 1264//1264 1263//1263
f 1218//1218 1264//1264 1219//1219
f 1218//1218 1265//1265 1264//1264
f 1217//1217 1265//1265 1218//1218
f 1217//1217 1266//1266 1265//1265
f 1216//1216 1289//1289 1267//1267
f 1216//1216 1266//1266 1217//1217
f 1216//1216 1314//1314 1289//1289
f 1216//1216 1267//1267 1266//1266
f 1215//1215 1315//1315 1314//1314
f 1215//1215 1316//1316 1315//1315
f 1215//1215 1314//1314 1216//1216
f 1214//1214 1316//1316 1215//1215
f 1193//1193 1201//1201 1200//1200
f 1193//1193 1202//1202 1201//1201
f 1193//1193 1203//1203 1202//1202
f 1193//1193 1204//1204 1203//1203
f 1193//1193 1205//1205 1204//1204
f 1193//1193 1200//1200 1256//1256
f 1193//1193 1253//1253 1252//1252
f 1193//1193 1254//1254 1253//1253
f 1193//1193 1255//1255 1254//1254
f 1193//1193 1256//1256 1255//1255
f 1197//1197 1193//1193 1194//1194
f 1197//1197 1194//1194 1195//1195
f 1197//1197 1195//1195 1196//1196
f 1192//1192 1197//1197 1198//1198
f 1192//1192 1198//1198 1199//1199
f 1192//1192 1205//1205 1193//1193
f 1192//1192 1206//1206 1205//1205
f 1192//1192 1193//1193 1197//1197
f 1191//1191 1207//1207 1206//1206
f 1191//1191 1208//1208 1207//1207
f 1191//1191 1209//1209 1208//1208
f 1191//1191 1210//1210 1209//1209
f 1191//1191 1211//1211 1210//1210
f 1191//1191 1212//1212 1211//1211
f 1191//1191 1213//1213 1212//1212
f 1191//1191 1214//1214 1213//1213
f 1191//1191 1316//1316 1214//1214
f 1191//1191 1206//1206 1192//1192
f 1190//1190 1317//1317 1191//1191
f 1317//1317 1316//1316 1191//1191
f 1190//1190 1318//1318 1317//1317
f 1190//1190 1239//1239 1318//1318
f 1239//1239 1238//1238 1318//1318
f 1190//1190 1240//1240 1239//1239
f 1190//1190 1421//1421 1240//1240
f 1421//1421 1420//1420 1240//1240
f 1193//1193 1382//1382 1189//1189
f 1193//1193 1383//1383 1382//1382
f 1193//1193 1434//1434 1383//1383
f 1434//1434 1459//1459 1383//1383
f 1193//1193 1435//1435 1434//1434
f 1193//1193 1278//1278 1435//1435
f 1278//1278 1303//1303 1435//1435
f 1193//1193 1252//1252 1278//1278
f 1462//1462 1461//1461 1460//1460
f 1463//1463 1462//1462 1460//1460
f 1653//1653 1466//1466 1654//1654
f 1655//1655 1654//1654 1466//1466
f 1652//1652 1466//1466 1653//1653
f 1656//1656 1466//1466 1464//1464
f 1656//1656 1655//1655 1466//1466
f 1651//1651 1466//1466 1652//1652
f 1631//1631 1656//1656 1464//1464
f 1632//1632 1631//1631 1464//1464
f 1633//1633 1632//1632 1464//1464
f 1634//1634 1633//1633 1464//1464
f 1635//1635 1634//1634 1464//1464
f 1636//1636 1635//1635 1464//1464
f 1637//1637 1636//1636 1464//1464
f 1638//1638 1637//1637 1464//1464
f 1679//1679 1466//1466 1680//1680
f 1681//1681 1466//1466 1651//1651
f 1681//1681 1680//1680 1466//1466
f 1681//1681 1651//1651 1650//1650
f 1678//1678 1466//1466 1679//1679
f 1682//1682 1681//1681 1650//1650
f 1682//1682 1650//1650 1649//1649
f 1677//1677 1466//1466 1678//1678
f 1657//1657 1649//1649 1648//1648
f 1657//1657 1682//1682 1649//1649
f 1676//1676 1466//1466 1677//1677
f 1658//1658 1648//1648 1647//1647
f 1658//1658 1657//1657 1648//1648
f 1659//1659 1647//1647 1646//1646
f 1659//1659 1658//1658 1647//1647
f 1660//1660 1659//1659 1646//1646
f 1660//1660 1646//1646 1645//1645
f 1661//1661 1660//1660 1645//1645
f 1661//1661 1645//1645 1644//1644
f 1662//1662 1661//1661 1644//1644
f 1662//1662 1644//1644 1643//1643
f 1663//1663 1662//1662 1643//1643
f 1663//1663 1643//1643 1642//1642
f 1664//1664 1663//1663 1642//1642
f 1664//1664 1642//1642 1641//1641
f 1498//1498 1670//1670 1669//1669
f 1497//1497 1671//1671 1670//1670
f 1497//1497 1670//1670 1498//1498
f 1499//1499 1669//1669 1668//1668
f 1499//1499 1498//1498 1669//1669
f 1496//1496 1672//1672 1671//1671
f 1496//1496 1671//1671 1497//1497
f 1500//1500 1668//1668 1667//1667
f 1500//1500 1499//1499 1668//1668
f 1495//1495 1673//1673 1672//1672
f 1495//1495 1672//1672 1496//1496
f 1475//1475 1667//1667 1666//1666
f 1475//1475 1500//1500 1667//1667
f 1476//1476 1666//1666 1665//1665
f 1476//1476 1475//1475 1666//1666
f 1477//1477 1476//1476 1665//1665
f 1477//1477 1665//1665 1664//1664
f 1478//1478 1664//1664 1641//1641
f 1478//1478 1477//1477 1664//1664
f 1479//1479 1478//1478 1641//1641
f 1479//1479 1641//1641 1640//1640
f 1480//1480 1479//1479 1640//1640
f 1480//1480 1640//1640 1639//1639
f 1481//1481 1638//1638 1464//1464
f 1481//1481 1480//1480 1639//1639
f 1481//1481 1639//1639 1638//1638
f 1576//1576 1674//1674 1673//1673
f 1576//1576 1673//1673 1495//1495
f 1575//1575 1674//1674 1576//1576
f 1577//1577 1576//1576 1495//1495
f 1577//1577 1495//1495 1494//1494
f 1574//1574 1675//1675 1674//1674
f 1574//1574 1676//1676 1675//1675
f 1574//1574 1674//1674 1575//1575
f 1578//1578 1494//1494 1493//1493
f 1578//1578 1577//1577 1494//1494
f 1573//1573 1676//1676 1574//1574
f 1573//1573 1466//1466 1676//1676
f 1553//1553 1493//1493 1492//1492
f 1553//1553 1578//1578 1493//1493
f 1572//1572 1466//1466 1573//1573
f 1554//1554 1492//1492 1491//1491
f 1554//1554 1553//1553 1492//1492
f 1555//1555 1554//1554 1491//1491
f 1555//1555 1491//1491 1490//1490
f 1556//1556 1490//1490 1489//1489
f 1556//1556 1555//1555 1490//1490
f 1557//1557 1489//1489 1488//1488
f 1557//1557 1556//1556 1489//1489
f 1558//1558 1557//1557 1488//1488
f 1558//1558 1488//1488 1487//1487
f 1559//1559 1558//1558 1487//1487
f 1559//1559 1487//1487 1486//1486
f 1560//1560 1559//1559 1486//1486
f 1560//1560 1486//1486 1485//1485
f 1561//1561 1485//1485 1484//1484
f 1561//1561 1560//1560 1485//1485
f 1549//1549 1570//1570 1569//1569
f 1549//1549 1569//1569 1550//1550
f 1551//1551 1568//1568 1567//1567
f 1551//1551 1569//1569 1568//1568
f 1551//1551 1550//1550 1569//1569
f 1548//1548 1571//1571 1570//1570
f 1548//1548 1572//1572 1571//1571
f 1548//1548 1570//1570 1549//1549
f 1552//1552 1551//1551 1567//1567
f 1547//1547 1572//1572 1548//1548
f 1547//1547 1466//1466 1572//1572
f 1527//1527 1567//1567 1566//1566
f 1527//1527 1552//1552 1567//1567
f 1528//1528 1566//1566 1565//1565
f 1528//1528 1527//1527 1566//1566
f 1529//1529 1565//1565 1564//1564
f 1529//1529 1528//1528 1565//1565
f 1530//1530 1529//1529 1564//1564
f 1530//1530 1564//1564 1563//1563
f 1531//1531 1530//1530 1563//1563
f 1531//1531 1563//1563 1562//1562
f 1532//1532 1561//1561 1484//1484
f 1532//1532 1531//1531 1562//1562
f 1532//1532 1562//1562 1561//1561
f 1628//1628 1539//1539 1538//1538
f 1627//1627 1539//1539 1628//1628
f 1627//1627 1540//1540 1539//1539
f 1629//1629 1628//1628 1538//1538
f 1629//1629 1538//1538 1537//1537
f 1626//1626 1540//1540 1627//1627
f 1626//1626 1541//1541 1540//1540
f 1630//1630 1537//1537 1536//1536
f 1630//1630 1629//1629 1537//1537
f 1625//1625 1542//1542 1541//1541
f 1625//1625 1541//1541 1626//1626
f 1605//1605 1630//1630 1536//1536
f 1605//1605 1536//1536 1535//1535
f 1624//1624 1543//1543 1542//1542
f 1624//1624 1542//1542 1625//1625
f 1606//1606 1535//1535 1534//1534
f 1606//1606 1605//1605 1535//1535
f 1623//1623 1544//1544 1543//1543
f 1623//1623 1543//1543 1624//1624
f 1607//1607 1606//1606 1534//1534
f 1607//1607 1534//1534 1533//1533
f 1608//1608 1533//1533 1532//1532
f 1608//1608 1607//1607 1533//1533
f 1609//1609 1532//1532 1484//1484
f 1609//1609 1608//1608 1532//1532
f 1610//1610 1484//1484 1483//1483
f 1610//1610 1609//1609 1484//1484
f 1602//1602 1622//1622 1621//1621
f 1601//1601 1622//1622 1602//1602
f 1603//1603 1621//1621 1620//1620
f 1603//1603 1602//1602 1621//1621
f 1600//1600 1622//1622 1601//1601
f 1600//1600 1623//1623 1622//1622
f 1600//1600 1544//1544 1623//1623
f 1604//1604 1603//1603 1620//1620
f 1604//1604 1620//1620 1619//1619
f 1579//1579 1604//1604 1619//1619
f 1579//1579 1619//1619 1618//1618
f 1580//1580 1579//1579 1618//1618
f 1580//1580 1618//1618 1617//1617
f 1581//1581 1617//1617 1616//1616
f 1581//1581 1580//1580 1617//1617
f 1582//1582 1615//1615 1614//1614
f 1582//1582 1616//1616 1615//1615
f 1582//1582 1581//1581 1616//1616
f 1583//1583 1582//1582 1614//1614
f 1584//1584 1614//1614 1613//1613
f 1584//1584 1583//1583 1614//1614
f 1585//1585 1613//1613 1612//1612
f 1585//1585 1584//1584 1613//1613
f 1524//1524 1600//1600 1599//1599
f 1523//1523 1544//1544 1600//1600
f 1523//1523 1600//1600 1524//1524
f 1523//1523 1545//1545 1544//1544
f 1525//1525 1599//1599 1598//1598
f 1525//1525 1524//1524 1599//1599
f 1522//1522 1545//1545 1523//1523
f 1526//1526 1598//1598 1597//1597
f 1526//1526 1525//1525 1598//1598
f 1521//1521 1546//1546 1545//1545
f 1521//1521 1545//1545 1522//1522
f 1501//1501 1597//1597 1596//1596
f 1501//1501 1526//1526 1597//1597
f 1502//1502 1501//1501 1596//1596
f 1502//1502 1596//1596 1595//1595
f 1503//1503 1502//1502 1595//1595
f 1503//1503 1595//1595 1594//1594
f 1504//1504 1594//1594 1593//1593
f 1504//1504 1503//1503 1594//1594
f 1505//1505 1593//1593 1592//1592
f 1505//1505 1504//1504 1593//1593
f 1506//1506 1505//1505 1592//1592
f 1506//1506 1592//1592 1591//1591
f 1507//1507 1506//1506 1591//1591
f 1507//1507 1591//1591 1590//1590
f 1508//1508 1507//1507 1590//1590
f 1508//1508 1590//1590 1589//1589
f 1467//1467 1466//1466 1547//1547
f 1467//1467 1514//1514 1513//1513
f 1467//1467 1515//1515 1514//1514
f 1467//1467 1516//1516 1515//1515
f 1467//1467 1517//1517 1516//1516
f 1467//1467 1518//1518 1517//1517
f 1467//1467 1519//1519 1518//1518
f 1467//1467 1520//1520 1519//1519
f 1467//1467 1521//1521 1520//1520
f 1467//1467 1547//1547 1546//1546
f 1467//1467 1546//1546 1521//1521
f 1473//1473 1474//1474 1467//1467
f 1472//1472 1473//1473 1467//1467
f 1470//1470 1471//1471 1472//1472
f 1470//1470 1472//1472 1467//1467
f 1469//1469 1470//1470 1467//1467
f 1468//1468 1467//1467 1513//1513
f 1468//1468 1469//1469 1467//1467
f 1468//1468 1513//1513 1512//1512
f 1465//1465 1586//1586 1585//1585
f 1465//1465 1587//1587 1586//1586
f 1465//1465 1588//1588 1587//1587
f 1465//1465 1589//1589 1588//1588
f 1465//1465 1508//1508 1589//1589
f 1465//1465 1509//1509 1508//1508
f 1465//1465 1510//1510 1509//1509
f 1465//1465 1511//1511 1510//1510
f 1465//1465 1512//1512 1511//1511
f 1465//1465 1468//1468 1512//1512
f 1465//1465 1481//1481 1464//1464
f 1465//1465 1482//1482 1481//1481
f 1465//1465 1483//1483 1482//1482
f 1465//1465 1611//1611 1483//1483
f 1611//1611 1610//1610 1483//1483
f 1465//1465 1612//1612 1611//1611
f 1465//1465 1585//1585 1612//1612
f 1683//1683 1685//1685 1684//1684
f 1683//1683 1686//1686 1685//1685
f 1693//1693 1695//1695 1692//1692
f 1693//1693 1698//1698 1695//1695
f 1694//1694 1697//1697 1698//1698
f 1694//1694 1698//1698 1693//1693
f 1691//1691 1696//1696 1697//1697
f 1691//1691 1699//1699 1696//1696
f 1691//1691 1697//1697 1694//1694
f 1690//1690 1700//1700 1699//1699
f 1690//1690 1699//1699 1691//1691
f 1689//1689 1700//1700 1690//1690
f 1688//1688 1687//1687 1700//1700
f 1688//1688 1700//1700 1689//1689
f 1706//1706 1708//1708 1707//1707
f 1706//1706 1709//1709 1708//1708
f 1705//1705 1710//1710 1709//1709
f 1705//1705 1711//1711 1710//1710
f 1705//1705 1709//1709 1706//1706
f 1701//1701 1714//1714 1711//1711
f 1701//1701 1711//1711 1705//1705
f 1702//1702 1713//1713 1714//1714
f 1702//1702 1714//1714 1701//1701
f 1703//1703 1712//1712 1713//1713
f 1703//1703 1713//1713 1702//1702
f 1704//1704 1712//1712 1703//1703
f 1720//1720 1722//1722 1721//1721
f 1719//1719 1723//1723 1722//1722
f 1719//1719 1722//1722 1720//1720
f 1718//1718 1724//1724 1723//1723
f 1718//1718 1723//1723 1719//1719
f 1717//1717 1725//1725 1724//1724
f 1717//1717 1724//1724 1718//1718
f 1716//1716 1726//1726 1725//1725
f 1716//1716 1725//1725 1717//1717
f 1715//1715 1726//1726 1716//1716
f 1731//1731 1727//1727 1726//1726
f 1731//1731 1726//1726 1715//1715
f 1730//1730 1728//1728 1727//1727
f 1730//1730 1727//1727 1731//1731
f 1729//1729 1728//1728 1730//1730
f 1748//1748 1733//1733 1732//1732
f 1748//1748 1734//1734 1733//1733
f 1747//1747 1735//1735 1734//1734
f 1747//1747 1734//1734 1748//1748
f 1746//1746 1736//1736 1735//1735
f 1746//1746 1735//1735 1747//1747
f 1745//1745 1737//1737 1736//1736
f 1745//1745 1736//1736 1746//1746
f 1744//1744 1738//1738 1737//1737
f 1744//1744 1739//1739 1738//1738
f 1744//1744 1737//1737 1745//1745
f 1743//1743 1740//1740 1739//1739
f 1743//1743 1739//1739 1744//1744
f 1742//1742 1741//1741 1740//1740
f 1742//1742 1740//1740 1743//1743
f 1757//1757 1766//1766 1765//1765
f 1757//1757 1764//1764 1766//1766
f 1758//1758 1755//1755 1754//1754
f 1758//1758 1765//1765 1755//1755
f 1758//1758 1757//1757 1765//1765
f 1759//1759 1754//1754 1753//1753
f 1759//1759 1758//1758 1754//1754
f 1760//1760 1753//1753 1752//1752
f 1760//1760 1759//1759 1753//1753
f 1761//1761 1752//1752 1751//1751
f 1761//1761 1760//1760 1752//1752
f 1762//1762 1751//1751 1750//1750
f 1762//1762 1761//1761 1751//1751
f 1763//1763 1750//1750 1749//1749
f 1763//1763 1762//1762 1750//1750
f 1756//1756 1763//1763 1749//1749
f 1783//1783 1782//1782 1774//1774
f 1784//1784 1774//1774 1773//1773
f 1784//1784 1783//1783 1774//1774
f 1776//1776 1784//1784 1773//1773
f 1777//1777 1773//1773 1772//1772
f 1777//1777 1776//1776 1773//1773
f 1778//1778 1772//1772 1771//1771
f 1778//1778 1777//1777 1772//1772
f 1779//1779 1771//1771 1770//1770
f 1779//1779 1778//1778 1771//1771
f 1780//1780 1770//1770 1769//1769
f 1780//1780 1779//1779 1770//1770
f 1781//1781 1769//1769 1768//1768
f 1781//1781 1780//1780 1769//1769
f 1775//1775 1768//1768 1767//1767
f 1775//1775 1781//1781 1768//1768
f 1786//1786 1785//1785 1793//1793
f 1786//1786 1793//1793 1800//1800
f 1787//1787 1800//1800 1799//1799
f 1787//1787 1786//1786 1800//1800
f 1788//1788 1799//1799 1798//1798
f 1788//1788 1787//1787 1799//1799
f 1789//1789 1798//1798 1797//1797
f 1789//1789 1788//1788 1798//1798
f 1790//1790 1797//1797 1796//1796
f 1790//1790 1789//1789 1797//1797
f 1791//1791 1796//1796 1795//1795
f 1791//1791 1790//1790 1796//1796
f 1792//1792 1795//1795 1794//1794
f 1792//1792 1791//1791 1795//1795
f 1802//1802 1801//1801 1809//1809
f 1802//1802 1809//1809 1816//1816
f 1803//1803 1816//1816 1815//1815
f 1803//1803 1802//1802 1816//1816
f 1804//1804 1815//1815 1814//1814
f 1804//1804 1803//1803 1815//1815
f 1805//1805 1814//1814 1813//1813
f 1805//1805 1804//1804 1814//1814
f 1806//1806 1813//1813 1812//1812
f 1806//1806 1805//1805 1813//1813
f 1807//1807 1812//1812 1811//1811
f 1807//1807 1806//1806 1812//1812
f 1808//1808 1811//1811 1810//1810
f 1808//1808 1807//1807 1811//1811
f 1818//1818 1831//1831 1817//1817
f 1818//1818 1844//1844 1831//1831
f 1819//1819 1843//1843 1844//1844
f 1819//1819 1844//1844 1818//1818
f 1820//1820 1842//1842 1843//1843
f 1820//1820 1843//1843 1819//1819
f 1821//1821 1841//1841 1842//1842
f 1821//1821 1842//1842 1820//1820
f 1822//1822 1840//1840 1841//1841
f 1822//1822 1841//1841 1821//1821
f 1823//1823 1839//1839 1840//1840
f 1823//1823 1840//1840 1822//1822
f 1824//1824 1838//1838 1839//1839
f 1824//1824 1839//1839 1823//1823
f 1825//1825 1837//1837 1838//1838
f 1825//1825 1838//1838 1824//1824
f 1826//1826 1836//1836 1837//1837
f 1826//1826 1837//1837 1825//1825
f 1827//1827 1835//1835 1836//1836
f 1827//1827 1836//1836 1826//1826
f 1828//1828 1834//1834 1835//1835
f 1828//1828 1835//1835 1827//1827
f 1829//1829 1833//1833 1834//1834
f 1829//1829 1834//1834 1828//1828
f 1830//1830 1832//1832 1833//1833
f 1830//1830 1833//1833 1829//1829
f 1846//1846 1859//1859 1845//1845
f 1846//1846 1872//1872 1859//1859
f 1847//1847 1871//1871 1872//1872
f 1847//1847 1872//1872 1846//1846
f 1848//1848 1870//1870 1871//1871
f 1848//1848 1871//1871 1847//1847
f 1849//1849 1869//1869 1870//1870
f 1849//1849 1870//1870 1848//1848
f 1850//1850 1868//1868 1869//1869
f 1850//1850 1869//1869 1849//1849
f 1851//1851 1867//1867 1868//1868
f 1851//1851 1868//1868 1850//1850
f 1852//1852 1866//1866 1867//1867
f 1852//1852 1867//1867 1851//1851
f 1853//1853 1865//1865 1866//1866
f 1853//1853 1866//1866 1852//1852
f 1854//1854 1864//1864 1865//1865
f 1854//1854 1865//1865 1853//1853
f 1855//1855 1863//1863 1864//1864
f 1855//1855 1864//1864 1854//1854
f 1856//1856 1862//1862 1863//1863
f 1856//1856 1863//1863 1855//1855
f 1857//1857 1861//1861 1862//1862
f 1857//1857 1862//1862 1856//1856
f 1858//1858 1860//1860 1861//1861
f 1858//1858 1861//1861 1857//1857
f 1874//1874 1887//1887 1873//1873
f 1874//1874 1900//1900 1887//1887
f 1875//1875 1899//1899 1900//1900
f 1875//1875 1900//1900 1874//1874
f 1876//1876 1898//1898 1899//1899
f 1876//1876 1899//1899 1875//1875
f 1877//1877 1897//1897 1898//1898
f 1877//1877 1898//1898 1876//1876
f 1878//1878 1896//1896 1897//1897
f 1878//1878 1897//1897 1877//1877
f 1879//1879 1895//1895 1896//1896
f 1879//1879 1896//1896 1878//1878
f 1880//1880 1894//1894 1895//1895
f 1880//1880 1895//1895 1879//1879
f 1881//1881 1893//1893 1894//1894
f 1881//1881 1894//1894 1880//1880
f 1882//1882 1892//1892 1893//1893
f 1882//1882 1893//1893 1881//1881
f 1883//1883 1891//1891 1892//1892
f 1883//1883 1892//1892 1882//1882
f 1884//1884 1890//1890 1891//1891
f 1884//1884 1891//1891 1883//1883
f 1885//1885 1889//1889 1890//1890
f 1885//1885 1890//1890 1884//1884
f 1886//1886 1888//1888 1889//1889
f 1886//1886 1889//1889 1885//1885
f 1902//1902 1915//1915 1901//1901
f 1902//1902 1928//1928 1915//1915
f 1903//1903 1927//1927 1928//1928
f 1903//1903 1928//1928 1902//1902
f 1904//1904 1926//1926 1927//1927
f 1904//1904 1927//1927 1903//1903
f 1905//1905 1925//1925 1926//1926
f 1905//1905 1926//1926 1904//1904
f 1906//1906 1924//1924 1925//1925
f 1906//1906 1925//1925 1905//1905
f 1907//1907 1923//1923 1924//1924
f 1907//1907 1924//1924 1906//1906
f 1908//1908 1922//1922 1923//1923
f 1908//1908 1923//1923 1907//1907
f 1909//1909 1921//1921 1922//1922
f 1909//1909 1922//1922 1908//1908
f 1910//1910 1920//1920 1921//1921
f 1910//1910 1921//1921 1909//1909
f 1911//1911 1919//1919 1920//1920
f 1911//1911 1920//1920 1910//1910
f 1912//1912 1918//1918 1919//1919
f 1912//1912 1919//1919 1911//1911
f 1913//1913 1917//1917 1918//1918
f 1913//1913 1918//1918 1912//1912
f 1914//1914 1916//1916 1917//1917
f 1914//1914 1917//1917 1913//1913
f 1930//1930 1943//1943 1929//1929
f 1930//1930 1956//1956 1943//1943
f 1931//1931 1955//1955 1956//1956
f 1931//1931 1956//1956 1930//1930
f 1932//1932 1954//1954 1955//1955
f 1932//1932 1955//1955 1931//1931
f 1933//1933 1953//1953 1954//1954
f 1933//1933 1954//1954 1932//1932
f 1934//1934 1952//1952 1953//1953
f 1934//1934 1953//1953 1933//1933
f 1935//1935 1951//1951 1952//1952
f 1935//1935 1952//1952 1934//1934
f 1936//1936 1950//1950 1951//1951
f 1936//1936 1951//1951 1935//1935
f 1937//1937 1949//1949 1950//1950
f 1937//1937 1950//1950 1936//1936
f 1938//1938 1948//1948 1949//1949
f 1938//1938 1949//1949 1937//1937
f 1939//1939 1947//1947 1948//1948
f 1939//1939 1948//1948 1938//1938
f 1940//1940 1946//1946 1947//1947
f 1940//1940 1947//1947 1939//1939
f 1941//1941 1945//1945 1946//1946
f 1941//1941 1946//1946 1940//1940
f 1942//1942 1944//1944 1945//1945
f 1942//1942 1945//1945 1941//1941
f 1958//1958 1971//1971 1957//1957
f 1958//1958 1984//1984 1971//1971
f 1959//1959 1983//1983 1984//1984
f 1959//1959 1984//1984 1958//1958
f 1960//1960 1982//1982 1983//1983
f 1960//1960 1983//1983 1959//1959
f 1961//1961 1981//1981 1982//1982
f 1961//1961 1982//1982 1960//1960
f 1962//1962 1980//1980 1981//1981
f 1962//1962 1981//1981 1961//1961
f 1963//1963 1979//1979 1980//1980
f 1963//1963 1980//1980 1962//1962
f 1964//1964 1978//1978 1979//1979
f 1964//1964 1979//1979 1963//1963
f 1965//1965 1977//1977 1978//1978
f 1965//1965 1978//1978 1964//1964
f 1966//1966 1976//1976 1977//1977
f 1966//1966 1977//1977 1965//1965
f 1967//1967 1975//1975 1976//1976
f 1967//1967 1976//1976 1966//1966
f 1968//1968 1974//1974 1975//1975
f 1968//1968 1975//1975 1967//1967
f 1969//1969 1973//1973 1974//1974
f 1969//1969 1974//1974 1968//1968
f 1970//1970 1972//1972 1973//1973
f 1970//1970 1973//1973 1969//1969
f 1986//1986 1999//1999 1985//1985
f 1986//1986 2012//2012 1999//1999
f 1987//1987 2011//2011 2012//2012
f 1987//1987 2012//2012 1986//1986
f 1988//1988 2010//2010 2011//2011
f 1988//1988 2011//2011 1987//1987
f 1989//1989 2009//2009 2010//2010
f 1989//1989 2010//2010 1988//1988
f 1990//1990 2008//2008 2009//2009
f 1990//1990 2009//2009 1989//1989
f 1991//1991 2007//2007 2008//2008
f 1991//1991 2008//2008 1990//1990
f 1992//1992 2006//2006 2007//2007
f 1992//1992 2007//2007 1991//1991
f 1993//1993 2005//2005 2006//2006
f 1993//1993 2006//2006 1992//1992
f 1994//1994 2004//2004 2005//2005
f 1994//1994 2005//2005 1993//1993
f 1995//1995 2003//2003 2004//2004
f 1995//1995 2004//2004 1994//1994
f 1996//1996 2002//2002 2003//2003
f 1996//1996 2003//2003 1995//1995
f 1997//1997 2001//2001 2002//2002
f 1997//1997 2002//2002 1996//1996
f 1998//1998 2000//2000 2001//2001
f 1998//1998 2001//2001 1997//1997
f 2014//2014 2027//2027 2013//2013
f 2014//2014 2040//2040 2027//2027
f 2015//2015 2039//2039 2040//2040
f 2015//2015 2040//2040 2014//2014
f 2016//2016 2038//2038 2039//2039
f 2016//2016 2039//2039 2015//2015
f 2017//2017 2037//2037 2038//2038
f 2017//2017 2038//2038 2016//2016
f 2018//2018 2036//2036 2037//2037
f 2018//2018 2037//2037 2017//2017
f 2019//2019 2035//2035 2036//2036
f 2019//2019 2036//2036 2018//2018
f 2020//2020 2034//2034 2035//2035
f 2020//2020 2035//2035 2019//2019
f 2021//2021 2033//2033 2034//2034
f 2021//2021 2034//2034 2020//2020
f 2022//2022 2032//2032 2033//2033
f 2022//2022 2033//2033 2021//2021
f 2023//2023 2031//2031 2032//2032
f 2023//2023 2032//2032 2022//2022
f 2024//2024 2030//2030 2031//2031
f 2024//2024 2031//2031 2023//2023
f 2025//2025 2029//2029 2030//2030
f 2025//2025 2030//2030 2024//2024
f 2026//2026 2028//2028 2029//2029
f 2026//2026 2029//2029 2025//2025
f 2042//2042 2055//2055 2041//2041
f 2042//2042 2068//2068 2055//2055
f 2043//2043 2067//2067 2068//2068
f 2043//2043 2068//2068 2042//2042
f 2044//2044 2066//2066 2067//2067
f 2044//2044 2067//2067 2043//2043
f 2045//2045 2065//2065 2066//2066
f 2045//2045 2066//2066 2044//2044
f 2046//2046 2064//2064 2065//2065
f 2046//2046 2065//2065 2045//2045
f 2047//2047 2063//2063 2064//2064
f 2047//2047 2064//2064 2046//2046
f 2048//2048 2062//2062 2063//2063
f 2048//2048 2063//2063 2047//2047
f 2049//2049 2061//2061 2062//2062
f 2049//2049 2062//2062 2048//2048
f 2050//2050 2060//2060 2061//2061
f 2050//2050 2061//2061 2049//2049
f 2051//2051 2059//2059 2060//2060
f 2051//2051 2060//2060 2050//2050
f 2052//2052 2058//2058 2059//2059
f 2052//2052 2059//2059 2051//2051
f 2053//2053 2057//2057 2058//2058
f 2053//2053 2058//2058 2052//2052
f 2054//2054 2056//2056 2057//2057
f 2054//2054 2057//2057 2053//2053
f 2070//2070 2083//2083 2069//2069
f 2070//2070 2096//2096 2083//2083
f 2071//2071 2095//2095 2096//2096
f 2071//2071 2096//2096 2070//2070
f 2072//2072 2094//2094 2095//2095
f 2072//2072 2095//2095 2071//2071
f 2073//2073 2093//2093 2094//2094
f 2073//2073 2094//2094 2072//2072
f 2074//2074 2092//2092 2093//2093
f 2074//2074 2093//2093 2073//2073
f 2075//2075 2091//2091 2092//2092
f 2075//2075 2092//2092 2074//2074
f 2076//2076 2090//2090 2091//2091
f 2076//2076 2091//2091 2075//2075
f 2077//2077 2089//2089 2090//2090
f 2077//2077 2090//2090 2076//2076
f 2078//2078 2088//2088 2089//2089
f 2078//2078 2089//2089 2077//2077
f 2079//2079 2087//2087 2088//2088
f 2079//2079 2088//2088 2078//2078
f 2080//2080 2086//2086 2087//2087
f 2080//2080 2087//2087 2079//2079
f 2081//2081 2085//2085 2086//2086
f 2081//2081 2086//2086 2080//2080
f 2082//2082 2084//2084 2085//2085
f 2082//2082 2085//2085 2081//2081
f 2098//2098 2111//2111 2097//2097
f 2098//2098 2124//2124 2111//2111
f 2099//2099 2123//2123 2124//2124
f 2099//2099 2124//2124 2098//2098
f 2100//2100 2122//2122 2123//2123
f 2100//2100 2123//2123 2099//2099
f 2101//2101 2121//2121 2122//2122
f 2101//2101 2122//2122 2100//2100
f 2102//2102 2120//2120 2121//2121
f 2102//2102 2121//2121 2101//2101
f 2103//2103 2119//2119 2120//2120
f 2103//2103 2120//2120 2102//2102
f 2104//2104 2118//2118 2119//2119
f 2104//2104 2119//2119 2103//2103
f 2105//2105 2117//2117 2118//2118
f 2105//2105 2118//2118 2104//2104
f 2106//2106 2116//2116 2117//2117
f 2106//2106 2117//2117 2105//2105
f 2107//2107 2115//2115 2116//2116
f 2107//2107 2116//2116 2106//2106
f 2108//2108 2114//2114 2115//2115
f 2108//2108 2115//2115 2107//2107
f 2109//2109 2113//2113 2114//2114
f 2109//2109 2114//2114 2108//2108
f 2110//2110 2112//2112 2113//2113
f 2110//2110 2113//2113 2109//2109
f 2126//2126 2139//2139 2125//2125
f 2126//2126 2152//2152 2139//2139
f 2127//2127 2151//2151 2152//2152
f 2127//2127 2152//2152 2126//2126
f 2128//2128 2150//2150 2151//2151
f 2128//2128 2151//2151 2127//2127
f 2129//2129 2149//2149 2150//2150
f 2129//2129 2150//2150 2128//2128
f 2130//2130 2148//2148 2149//2149
f 2130//2130 2149//2149 2129//2129
f 2131//2131 2147//2147 2148//2148
f 2131//2131 2148//2148 2130//2130
f 2132//2132 2146//2146 2147//2147
f 2132//2132 2147//2147 2131//2131
f 2133//2133 2145//2145 2146//2146
f 2133//2133 2146//2146 2132//2132
f 2134//2134 2144//2144 2145//2145
f 2134//2134 2145//2145 2133//2133
f 2135//2135 2143//2143 2144//2144
f 2135//2135 2144//2144 2134//2134
f 2136//2136 2142//2142 2143//2143
f 2136//2136 2143//2143 2135//2135
f 2137//2137 2141//2141 2142//2142
f 2137//2137 2142//2142 2136//2136
f 2138//2138 2140//2140 2141//2141
f 2138//2138 2141//2141 2137//2137
f 2154//2154 2167//2167 2153//2153
f 2154//2154 2180//2180 2167//2167
f 2155//2155 2179//2179 2180//2180
f 2155//2155 2180//2180 2154//2154
f 2156//2156 2178//2178 2179//2179
f 2156//2156 2179//2179 2155//2155
f 2157//2157 2177//2177 2178//2178
f 2157//2157 2178//2178 2156//2156
f 2158//2158 2176//2176 2177//2177
f 2158//2158 2177//2177 2157//2157
f 2159//2159 2175//2175 2176//2176
f 2159//2159 2176//2176 2158//2158
f 2160//2160 2174//2174 2175//2175
f 2160//2160 2175//2175 2159//2159
f 2161//2161 2173//2173 2174//2174
f 2161//2161 2174//2174 2160//2160
f 2162//2162 2172//2172 2173//2173
f 2162//2162 2173//2173 2161//2161
f 2163//2163 2171//2171 2172//2172
f 2163//2163 2172//2172 2162//2162
f 2164//2164 2170//2170 2171//2171
f 2164//2164 2171//2171 2163//2163
f 2165//2165 2169//2169 2170//2170
f 2165//2165 2170//2170 2164//2164
f 2166//2166 2168//2168 2169//2169
f 2166//2166 2169//2169 2165//2165
f 2182//2182 2195//2195 2181//2181
f 2182//2182 2208//2208 2195//2195
f 2183//2183 2207//2207 2208//2208
f 2183//2183 2208//2208 2182//2182
f 2184//2184 2206//2206 2207//2207
f 2184//2184 2207//2207 2183//2183
f 2185//2185 2205//2205 2206//2206
f 2185//2185 2206//2206 2184//2184
f 2186//2186 2204//2204 2205//2205
f 2186//2186 2205//2205 2185//2185
f 2187//2187 2203//2203 2204//2204
f 2187//2187 2204//2204 2186//2186
f 2188//2188 2202//2202 2203//2203
f 2188//2188 2203//2203 2187//2187
f 2189//2189 2201//2201 2202//2202
f 2189//2189 2202//2202 2188//2188
f 2190//2190 2200//2200 2201//2201
f 2190//2190 2201//2201 2189//2189
f 2191//2191 2199//2199 2200//2200
f 2191//2191 2200//2200 2190//2190
f 2192//2192 2198//2198 2199//2199
f 2192//2192 2199//2199 2191//2191
f 2193//2193 2197//2197 2198//2198
f 2193//2193 2198//2198 2192//2192
f 2194//2194 2196//2196 2197//2197
f 2194//2194 2197//2197 2193//2193
f 2210//2210 2223//2223 2209//2209
f 2210//2210 2236//2236 2223//2223
f 2211//2211 2235//2235 2236//2236
f 2211//2211 2236//2236 2210//2210
f 2212//2212 2234//2234 2235//2235
f 2212//2212 2235//2235 2211//2211
f 2213//2213 2233//2233 2234//2234
f 2213//2213 2234//2234 2212//2212
f 2214//2214 2232//2232 2233//2233
f 2214//2214 2233//2233 2213//2213
f 2215//2215 2231//2231 2232//2232
f 2215//2215 2232//2232 2214//2214
f 2216//2216 2230//2230 2231//2231
f 2216//2216 2231//2231 2215//2215
f 2217//2217 2229//2229 2230//2230
f 2217//2217 2230//2230 2216//2216
f 2218//2218 2228//2228 2229//2229
f 2218//2218 2229//2229 2217//2217
f 2219//2219 2227//2227 2228//2228
f 2219//2219 2228//2228 2218//2218
f 2220//2220 2226//2226 2227//2227
f 2220//2220 2227//2227 2219//2219
f 2221//2221 2225//2225 2226//2226
f 2221//2221 2226//2226 2220//2220
f 2222//2222 2224//2224 2225//2225
f 2222//2222 2225//2225 2221//2221
f 2238//2238 2251//2251 2237//2237
f 2238//2238 2264//2264 2251//2251
f 2239//2239 2263//2263 2264//2264
f 2239//2239 2264//2264 2238//2238
f 2240//2240 2262//2262 2263//2263
f 2240//2240 2263//2263 2239//2239
f 2241//2241 2261//2261 2262//2262
f 2241//2241 2262//2262 2240//2240
f 2242//2242 2260//2260 2261//2261
f 2242//2242 2261//2261 2241//2241
f 2243//2243 2259//2259 2260//2260
f 2243//2243 2260//2260 2242//2242
f 2244//2244 2258//2258 2259//2259
f 2244//2244 2259//2259 2243//2243
f 2245//2245 2257//2257 2258//2258
f 2245//2245 2258//2258 2244//2244
f 2246//2246 2256//2256 2257//2257
f 2246//2246 2257//2257 2245//2245
f 2247//2247 2255//2255 2256//2256
f 2247//2247 2256//2256 2246//2246
f 2248//2248 2254//2254 2255//2255
f 2248//2248 2255//2255 2247//2247
f 2249//2249 2253//2253 2254//2254
f 2249//2249 2254//2254 2248//2248
f 2250//2250 2252//2252 2253//2253
f 2250//2250 2253//2253 2249//2249
f 2266//2266 2279//2279 2265//2265
f 2266//2266 2292//2292 2279//2279
f 2267//2267 2291//2291 2292//2292
f 2267//2267 2292//2292 2266//2266
f 2268//2268 2290//2290 2291//2291
f 2268//2268 2291//2291 2267//2267
f 2269//2269 2289//2289 2290//2290
f 2269//2269 2290//2290 2268//2268
f 2270//2270 2288//2288 2289//2289
f 2270//2270 2289//2289 2269//2269
f 2271//2271 2287//2287 2288//2288
f 2271//2271 2288//2288 2270//2270
f 2272//2272 2286//2286 2287//2287
f 2272//2272 2287//2287 2271//2271
f 2273//2273 2285//2285 2286//2286
f 2273//2273 2286//2286 2272//2272
f 2274//2274 2284//2284 2285//2285
f 2274//2274 2285//2285 2273//2273
f 2275//2275 2283//2283 2284//2284
f 2275//2275 2284//2284 2274//2274
f 2276//2276 2282//2282 2283//2283
f 2276//2276 2283//2283 2275//2275
f 2277//2277 2281//2281 2282//2282
f 2277//2277 2282//2282 2276//2276
f 2278//2278 2280//2280 2281//2281
f 2278//2278 2281//2281 2277//2277
f 2294//2294 2307//2307 2293//2293
f 2294//2294 2320//2320 2307//2307
f 2295//2295 2319//2319 2320//2320
f 2295//2295 2320//2320 2294//2294
f 2296//2296 2318//2318 2319//2319
f 2296//2296 2319//2319 2295//2295
f 2297//2297 2317//2317 2318//2318
f 2297//2297 2318//2318 2296//2296
f 2298//2298 2316//2316 2317//2317
f 2298//2298 2317//2317 2297//2297
f 2299//2299 2315//2315 2316//2316
f 2299//2299 2316//2316 2298//2298
f 2300//2300 2314//2314 2315//2315
f 2300//2300 2315//2315 2299//2299
f 2301//2301 2313//2313 2314//2314
f 2301//2301 2314//2314 2300//2300
f 2302//2302 2312//2312 2313//2313
f 2302//2302 2313//2313 2301//2301
f 2303//2303 2311//2311 2312//2312
f 2303//2303 2312//2312 2302//2302
f 2304//2304 2310//2310 2311//2311
f 2304//2304 2311//2311 2303//2303
f 2305//2305 2309//2309 2310//2310
f 2305//2305 2310//2310 2304//2304
f 2306//2306 2308//2308 2309//2309
f 2306//2306 2309//2309 2305//2305
