#pragma once
#include <stdint.h>
const unsigned char Berkeley_ttf[] = {
    0x00, 0x01, 0x00, 0x00, 0x00, 0x10, 0x01, 0x00, 0x00, 0x04, 0x00, 0x00, 
    0x46, 0x46, 0x54, 0x4d, 0xa8, 0x69, 0x5c, 0xcf, 0x00, 0x00, 0x51, 0x58, 
    0x00, 0x00, 0x00, 0x1c, 0x47, 0x44, 0x45, 0x46, 0x00, 0x25, 0x00, 0x00, 
    0x00, 0x00, 0x51, 0x40, 0x00, 0x00, 0x00, 0x18, 0x4f, 0x53, 0x2f, 0x32, 
    0x5b, 0x11, 0x6a, 0x60, 0x00, 0x00, 0x01, 0x88, 0x00, 0x00, 0x00, 0x60, 
    0x63, 0x6d, 0x61, 0x70, 0xcc, 0x91, 0xa0, 0xd9, 0x00, 0x00, 0x02, 0xb4, 
    0x00, 0x00, 0x01, 0x42, 0x63, 0x76, 0x74, 0x20, 0x0b, 0xb8, 0x02, 0xf9, 
    0x00, 0x00, 0x12, 0xac, 0x00, 0x00, 0x00, 0x34, 0x66, 0x70, 0x67, 0x6d, 
    0x62, 0x2e, 0xfb, 0x7b, 0x00, 0x00, 0x03, 0xf8, 0x00, 0x00, 0x0e, 0x0c, 
    0x67, 0x61, 0x73, 0x70, 0x00, 0x00, 0x00, 0x10, 0x00, 0x00, 0x51, 0x38, 
    0x00, 0x00, 0x00, 0x08, 0x67, 0x6c, 0x79, 0x66, 0xed, 0x89, 0x34, 0xb7, 
    0x00, 0x00, 0x13, 0xa8, 0x00, 0x00, 0x32, 0xec, 0x68, 0x65, 0x61, 0x64, 
    0x24, 0xf9, 0x96, 0x44, 0x00, 0x00, 0x01, 0x0c, 0x00, 0x00, 0x00, 0x36, 
    0x68, 0x68, 0x65, 0x61, 0x06, 0x16, 0x01, 0x69, 0x00, 0x00, 0x01, 0x44, 
    0x00, 0x00, 0x00, 0x24, 0x68, 0x6d, 0x74, 0x78, 0x17, 0x44, 0x13, 0xe2, 
    0x00, 0x00, 0x01, 0xe8, 0x00, 0x00, 0x00, 0xcc, 0x6c, 0x6f, 0x63, 0x61, 
    0x6a, 0x5a, 0x5e, 0x14, 0x00, 0x00, 0x12, 0xe0, 0x00, 0x00, 0x00, 0xc6, 
    0x6d, 0x61, 0x78, 0x70, 0x01, 0x8a, 0x01, 0x33, 0x00, 0x00, 0x01, 0x68, 
    0x00, 0x00, 0x00, 0x20, 0x6e, 0x61, 0x6d, 0x65, 0x20, 0x28, 0x67, 0xd7, 
    0x00, 0x00, 0x46, 0x94, 0x00, 0x00, 0x09, 0xba, 0x70, 0x6f, 0x73, 0x74, 
    0x09, 0x4d, 0x09, 0x94, 0x00, 0x00, 0x50, 0x50, 0x00, 0x00, 0x00, 0xe6, 
    0x70, 0x72, 0x65, 0x70, 0x68, 0x46, 0xc8, 0x9c, 0x00, 0x00, 0x12, 0x04, 
    0x00, 0x00, 0x00, 0xa7, 0x00, 0x01, 0x00, 0x00, 0x00, 0x02, 0x00, 0xc5, 
    0x9f, 0x1e, 0x6a, 0x6e, 0x5f, 0x0f, 0x3c, 0xf5, 0x00, 0x1f, 0x03, 0xe8, 
    0x00, 0x00, 0x00, 0x00, 0xde, 0x47, 0x07, 0x00, 0x00, 0x00, 0x00, 0x00, 
    0xe5, 0x14, 0x4a, 0xd3, 0x00, 0x12, 0xff, 0x0b, 0x02, 0x58, 0x03, 0xbc, 
    0x00, 0x00, 0x00, 0x08, 0x00, 0x02, 0x00, 0x00, 0x00, 0x00, 0x00, 0x00, 
    0x00, 0x01, 0x00, 0x00, 0x03, 0xbc, 0xff, 0x0c, 0x00, 0x00, 0x02, 0x58, 
    0x00, 0x00, 0x00, 0x00, 0x02, 0x58, 0x00, 0x01, 0x00, 0x00, 0x00, 0x00, 
    0x00, 0x00, 0x00, 0x00, 0x00, 0x00, 0x00, 0x00, 0x00, 0x00, 0x00, 0x04, 
    0x00, 0x01, 0x00, 0x00, 0x00, 0x62, 0x00, 0x4d, 0x00, 0x05, 0x00, 0x00, 
    0x00, 0x00, 0x00, 0x02, 0x00, 0x22, 0x00, 0x4b, 0x00, 0x8d, 0x00, 0x00, 
    0x00, 0x73, 0x00, 0x99, 0x00, 0x00, 0x00, 0x00, 0x00, 0x04, 0x02, 0x58, 
    0x01, 0x90, 0x00, 0x05, 0x01, 0x00, 0x02, 0x8a, 0x02, 0x58, 0x00, 0x00, 
    0x00, 0x4b, 0x02, 0x8a, 0x02, 0x58, 0x00, 0x00, 0x01, 0x5e, 0x00, 0x64, 
    0x01, 0x2c, 0x00, 0x00, 0x02, 0x0b, 0x05, 0x09, 0x00, 0x00, 0x02, 0x04, 
    0x00, 0x00, 0x00, 0x00, 0x00, 0x0f, 0x00, 0x00, 0x00, 0x00, 0x00, 0x00, 
    0x00, 0x00, 0x00, 0x00, 0x00, 0x00, 0x55, 0x53, 0x47, 0x43, 0x00, 0xc0, 
    0x00, 0x20, 0x00, 0x7e, 0x03, 0xbc, 0xff, 0x0b, 0x00, 0x00, 0x03, 0xdb, 
    0x00, 0xf5, 0x00, 0x00, 0x00, 0x01, 0x00, 0x00, 0x00, 0x00, 0x02, 0x06, 
    0x02, 0xa8, 0x00, 0x00, 0x00, 0x20, 0x00, 0x01, 0x01, 0xf4, 0x00, 0x32, 
    0x00, 0x00, 0x00, 0x00, 0x01, 0x4d, 0x00, 0x00, 0x02, 0x58, 0x00, 0x00, 
    0x00, 0xf0, 0x00, 0x9d, 0x00, 0x16, 0x00, 0x48, 0x00, 0x22, 0x00, 0x4d, 
    0x00, 0xfd, 0x00, 0xd8, 0x00, 0x7e, 0x00, 0x58, 0x00, 0x54, 0x00, 0xca, 
    0x00, 0x77, 0x00, 0xe9, 0x00, 0x54, 0x00, 0x47, 0x00, 0x6c, 0x00, 0x4e, 
    0x00, 0x50, 0x00, 0x5d, 0x00, 0x54, 0x00, 0x52, 0x00, 0x53, 0x00, 0x4a, 
    0x00, 0x4a, 0x00, 0xe9, 0x00, 0xbc, 0x00, 0x6f, 0x00, 0x44, 0x00, 0x6f, 
    0x00, 0x5c, 0x00, 0x37, 0x00, 0x28, 0x00, 0x63, 0x00, 0x5b, 0x00, 0x53, 
    0x00, 0x83, 0x00, 0x74, 0x00, 0x4b, 0x00, 0x4e, 0x00, 0x81, 0x00, 0x4d, 
    0x00, 0x73, 0x00, 0x77, 0x00, 0x38, 0x00, 0x47, 0x00, 0x3e, 0x00, 0x6b, 
    0x00, 0x3f, 0x00, 0x60, 0x00, 0x3f, 0x00, 0x48, 0x00, 0x50, 0x00, 0x28, 
    0x00, 0x12, 0x00, 0x33, 0x00, 0x3f, 0x00, 0x50, 0x00, 0xed, 0x00, 0x53, 
    0x00, 0x78, 0x00, 0x78, 0x00, 0x5a, 0x00, 0xcf, 0x00, 0x5f, 0x00, 0x5c, 
    0x00, 0x63, 0x00, 0x4a, 0x00, 0x54, 0x00, 0x50, 0x00, 0x50, 0x00, 0x5e, 
    0x00, 0x71, 0x00, 0x92, 0x00, 0x80, 0x00, 0x5f, 0x00, 0x31, 0x00, 0x5b, 
    0x00, 0x4c, 0x00, 0x5a, 0x00, 0x4c, 0x00, 0xb0, 0x00, 0x59, 0x00, 0x4e, 
    0x00, 0x5d, 0x00, 0x3b, 0x00, 0x12, 0x00, 0x48, 0x00, 0x44, 0x00, 0x63, 
    0x00, 0xa3, 0x01, 0x06, 0x00, 0x78, 0x00, 0x50, 0x00, 0x00, 0x00, 0x03, 
    0x00, 0x00, 0x00, 0x03, 0x00, 0x00, 0x00, 0x1c, 0x00, 0x01, 0x00, 0x00, 
    0x00, 0x00, 0x00, 0x3c, 0x00, 0x03, 0x00, 0x01, 0x00, 0x00, 0x00, 0x1c, 
    0x00, 0x04, 0x00, 0x20, 0x00, 0x00, 0x00, 0x04, 0x00, 0x04, 0x00, 0x01, 
    0x00, 0x00, 0x00, 0x7e, 0xff, 0xff, 0x00, 0x00, 0x00, 0x20, 0xff, 0xff, 
    0xff, 0xe3, 0x00, 0x01, 0x00, 0x00, 0x00, 0x00, 0x00, 0x00, 0x01, 0x06, 
    0x00, 0x00, 0x01, 0x00, 0x00, 0x00, 0x00, 0x00, 0x00, 0x00, 0x01, 0x02, 
    0x00, 0x00, 0x00, 0x02, 0x00, 0x00, 0x00, 0x00, 0x00, 0x00, 0x00, 0x00, 
    0x00, 0x00, 0x00, 0x00, 0x00, 0x00, 0x00, 0x01, 0x00, 0x00, 0x03, 0x04, 
    0x05, 0x06, 0x07, 0x08, 0x09, 0x0a, 0x0b, 0x0c, 0x0d, 0x0e, 0x0f, 0x10, 
    0x11, 0x12, 0x13, 0x14, 0x15, 0x16, 0x17, 0x18, 0x19, 0x1a, 0x1b, 0x1c, 
    0x1d, 0x1e, 0x1f, 0x20, 0x21, 0x22, 0x23, 0x24, 0x25, 0x26, 0x27, 0x28, 
    0x29, 0x2a, 0x2b, 0x2c, 0x2d, 0x2e, 0x2f, 0x30, 0x31, 0x32, 0x33, 0x34, 
    0x35, 0x36, 0x37, 0x38, 0x39, 0x3a, 0x3b, 0x3c, 0x3d, 0x3e, 0x3f, 0x40, 
    0x41, 0x42, 0x43, 0x44, 0x45, 0x46, 0x47, 0x48, 0x49, 0x4a, 0x4b, 0x4c, 
    0x4d, 0x4e, 0x4f, 0x50, 0x51, 0x52, 0x53, 0x54, 0x55, 0x56, 0x57, 0x58, 
    0x59, 0x5a, 0x5b, 0x5c, 0x5d, 0x5e, 0x5f, 0x60, 0x61, 0x00, 0x00, 0x00, 
    0x00, 0x00, 0x00, 0x00, 0x00, 0x00, 0x00, 0x00, 0x00, 0x00, 0x00, 0x00, 
    0x00, 0x00, 0x00, 0x00, 0x00, 0x00, 0x00, 0x00, 0x00, 0x00, 0x00, 0x00, 
    0x00, 0x00, 0x00, 0x00, 0x00, 0x00, 0x00, 0x00, 0x00, 0x00, 0x00, 0x00, 
    0x00, 0x00, 0x00, 0x00, 0x00, 0x00, 0x00, 0x00, 0x00, 0x00, 0x00, 0x00, 
    0x00, 0x00, 0x00, 0x00, 0x00, 0x00, 0x00, 0x00, 0x00, 0x00, 0x00, 0x00, 
    0x00, 0x00, 0x00, 0x00, 0x00, 0x00, 0x00, 0x00, 0x00, 0x00, 0x00, 0x00, 
    0x00, 0x00, 0x00, 0x00, 0x00, 0x00, 0x00, 0x00, 0x00, 0x00, 0x00, 0x00, 
    0x00, 0x00, 0x00, 0x00, 0x00, 0x00, 0x00, 0x00, 0x00, 0x00, 0x00, 0x00, 
    0x00, 0x00, 0x00, 0x00, 0x00, 0x00, 0x00, 0x00, 0x00, 0x00, 0x00, 0x00, 
    0x00, 0x00, 0x00, 0x00, 0x00, 0x00, 0x00, 0x00, 0x00, 0x00, 0x00, 0x00, 
    0x00, 0x00, 0x00, 0x00, 0x00, 0x00, 0x00, 0x00, 0xb0, 0x00, 0x2c, 0x20, 
    0xb0, 0x00, 0x55, 0x58, 0x45, 0x59, 0x20, 0x20, 0x4b, 0xb8, 0x00, 0x0e, 
    0x51, 0x4b, 0xb0, 0x06, 0x53, 0x5a, 0x58, 0xb0, 0x34, 0x1b, 0xb0, 0x28, 
    0x59, 0x60, 0x66, 0x20, 0x8a, 0x55, 0x58, 0xb0, 0x02, 0x25, 0x61, 0xb9, 
    0x08, 0x00, 0x08, 0x00, 0x63, 0x63, 0x23, 0x62, 0x1b, 0x21, 0x21, 0xb0, 
    0x00, 0x59, 0xb0, 0x00, 0x43, 0x23, 0x44, 0xb2, 0x00, 0x01, 0x00, 0x43, 
    0x60, 0x42, 0x2d, 0xb0, 0x01, 0x2c, 0xb0, 0x20, 0x60, 0x66, 0x2d, 0xb0, 
    0x02, 0x2c, 0x23, 0x21, 0x23, 0x21, 0x2d, 0xb0, 0x03, 0x2c, 0x20, 0x64, 
    0xb3, 0x03, 0x14, 0x15, 0x00, 0x42, 0x43, 0xb0, 0x13, 0x43, 0x20, 0x60, 
    0x60, 0x42, 0xb1, 0x02, 0x14, 0x43, 0x42, 0xb1, 0x25, 0x03, 0x43, 0xb0, 
    0x02, 0x43, 0x54, 0x78, 0x20, 0xb0, 0x0c, 0x23, 0xb0, 0x02, 0x43, 0x43, 
    0x61, 0x64, 0xb0, 0x04, 0x50, 0x78, 0xb2, 0x02, 0x02, 0x02, 0x43, 0x60, 
    0x42, 0xb0, 0x21, 0x65, 0x1c, 0x21, 0xb0, 0x02, 0x43, 0x43, 0xb2, 0x0e, 
    0x15, 0x01, 0x42, 0x1c, 0x20, 0xb0, 0x02, 0x43, 0x23, 0x42, 0xb2, 0x13, 
    0x01, 0x13, 0x43, 0x60, 0x42, 0x23, 0xb0, 0x00, 0x50, 0x58, 0x65, 0x59, 
    0xb2, 0x16, 0x01, 0x02, 0x43, 0x60, 0x42, 0x2d, 0xb0, 0x04, 0x2c, 0xb0, 
    0x03, 0x2b, 0xb0, 0x15, 0x43, 0x58, 0x23, 0x21, 0x23, 0x21, 0xb0, 0x16, 
    0x43, 0x43, 0x23, 0xb0, 0x00, 0x50, 0x58, 0x65, 0x59, 0x1b, 0x20, 0x64, 
    0x20, 0xb0, 0xc0, 0x50, 0xb0, 0x04, 0x26, 0x5a, 0xb2, 0x28, 0x01, 0x0d, 
    0x43, 0x45, 0x63, 0x45, 0xb0, 0x06, 0x45, 0x58, 0x21, 0xb0, 0x03, 0x25, 
    0x59, 0x52, 0x5b, 0x58, 0x21, 0x23, 0x21, 0x1b, 0x8a, 0x58, 0x20, 0xb0, 
    0x50, 0x50, 0x58, 0x21, 0xb0, 0x40, 0x59, 0x1b, 0x20, 0xb0, 0x38, 0x50, 
    0x58, 0x21, 0xb0, 0x38, 0x59, 0x59, 0x20, 0xb1, 0x01, 0x0d, 0x43, 0x45, 
    0x63, 0x45, 0x61, 0x64, 0xb0, 0x28, 0x50, 0x58, 0x21, 0xb1, 0x01, 0x0d, 
    0x43, 0x45, 0x63, 0x45, 0x20, 0xb0, 0x30, 0x50, 0x58, 0x21, 0xb0, 0x30, 
    0x59, 0x1b, 0x20, 0xb0, 0xc0, 0x50, 0x58, 0x20, 0x66, 0x20, 0x8a, 0x8a, 
    0x61, 0x20, 0xb0, 0x0a, 0x50, 0x58, 0x60, 0x1b, 0x20, 0xb0, 0x20, 0x50, 
    0x58, 0x21, 0xb0, 0x0a, 0x60, 0x1b, 0x20, 0xb0, 0x36, 0x50, 0x58, 0x21, 
    0xb0, 0x36, 0x60, 0x1b, 0x60, 0x59, 0x59, 0x59, 0x1b, 0xb0, 0x02, 0x25, 
    0xb0, 0x0c, 0x43, 0x63, 0xb0, 0x00, 0x52, 0x58, 0xb0, 0x00, 0x4b, 0xb0, 
    0x0a, 0x50, 0x58, 0x21, 0xb0, 0x0c, 0x43, 0x1b, 0x4b, 0xb0, 0x1e, 0x50, 
    0x58, 0x21, 0xb0, 0x1e, 0x4b, 0x61, 0xb8, 0x10, 0x00, 0x63, 0xb0, 0x0c, 
    0x43, 0x63, 0xb8, 0x05, 0x00, 0x62, 0x59, 0x59, 0x64, 0x61, 0x59, 0xb0, 
    0x01, 0x2b, 0x59, 0x59, 0x23, 0xb0, 0x00, 0x50, 0x58, 0x65, 0x59, 0x59, 
    0x20, 0x64, 0xb0, 0x16, 0x43, 0x23, 0x42, 0x59, 0x2d, 0xb0, 0x05, 0x2c, 
    0x20, 0x45, 0x20, 0xb0, 0x04, 0x25, 0x61, 0x64, 0x20, 0xb0, 0x07, 0x43, 
    0x50, 0x58, 0xb0, 0x07, 0x23, 0x42, 0xb0, 0x08, 0x23, 0x42, 0x1b, 0x21, 
    0x21, 0x59, 0xb0, 0x01, 0x60, 0x2d, 0xb0, 0x06, 0x2c, 0x23, 0x21, 0x23, 
    0x21, 0xb0, 0x03, 0x2b, 0x20, 0x64, 0xb1, 0x07, 0x62, 0x42, 0x20, 0xb0, 
    0x08, 0x23, 0x42, 0xb0, 0x06, 0x45, 0x58, 0x1b, 0xb1, 0x01, 0x0d, 0x43, 
    0x45, 0x63, 0xb1, 0x01, 0x0d, 0x43, 0xb0, 0x01, 0x60, 0x45, 0x63, 0xb0, 
    0x05, 0x2a, 0x21, 0x20, 0xb0, 0x08, 0x43, 0x20, 0x8a, 0x20, 0x8a, 0xb0, 
    0x01, 0x2b, 0xb1, 0x30, 0x05, 0x25, 0xb0, 0x04, 0x26, 0x51, 0x58, 0x60, 
    0x50, 0x1b, 0x61, 0x52, 0x59, 0x58, 0x23, 0x59, 0x21, 0x59, 0x20, 0xb0, 
    0x40, 0x53, 0x58, 0xb0, 0x01, 0x2b, 0x1b, 0x21, 0xb0, 0x40, 0x59, 0x23, 
    0xb0, 0x00, 0x50, 0x58, 0x65, 0x59, 0x2d, 0xb0, 0x07, 0x2c, 0xb0, 0x09, 
    0x43, 0x2b, 0xb2, 0x00, 0x02, 0x00, 0x43, 0x60, 0x42, 0x2d, 0xb0, 0x08, 
    0x2c, 0xb0, 0x09, 0x23, 0x42, 0x23, 0x20, 0xb0, 0x00, 0x23, 0x42, 0x61, 
    0xb0, 0x02, 0x62, 0x66, 0xb0, 0x01, 0x63, 0xb0, 0x01, 0x60, 0xb0, 0x07, 
    0x2a, 0x2d, 0xb0, 0x09, 0x2c, 0x20, 0x20, 0x45, 0x20, 0xb0, 0x0e, 0x43, 
    0x63, 0xb8, 0x04, 0x00, 0x62, 0x20, 0xb0, 0x00, 0x50, 0x58, 0xb0, 0x40, 
    0x60, 0x59, 0x66, 0xb0, 0x01, 0x63, 0x60, 0x44, 0xb0, 0x01, 0x60, 0x2d, 
    0xb0, 0x0a, 0x2c, 0xb2, 0x09, 0x0e, 0x00, 0x43, 0x45, 0x42, 0x2a, 0x21, 
    0xb2, 0x00, 0x01, 0x00, 0x43, 0x60, 0x42, 0x2d, 0xb0, 0x0b, 0x2c, 0xb0, 
    0x00, 0x43, 0x23, 0x44, 0xb2, 0x00, 0x01, 0x00, 0x43, 0x60, 0x42, 0x2d, 
    0xb0, 0x0c, 0x2c, 0x20, 0x20, 0x45, 0x20, 0xb0, 0x01, 0x2b, 0x23, 0xb0, 
    0x00, 0x43, 0xb0, 0x04, 0x25, 0x60, 0x20, 0x45, 0x8a, 0x23, 0x61, 0x20, 
    0x64, 0x20, 0xb0, 0x20, 0x50, 0x58, 0x21, 0xb0, 0x00, 0x1b, 0xb0, 0x30, 
    0x50, 0x58, 0xb0, 0x20, 0x1b, 0xb0, 0x40, 0x59, 0x59, 0x23, 0xb0, 0x00, 
    0x50, 0x58, 0x65, 0x59, 0xb0, 0x03, 0x25, 0x23, 0x61, 0x44, 0x44, 0xb0, 
    0x01, 0x60, 0x2d, 0xb0, 0x0d, 0x2c, 0x20, 0x20, 0x45, 0x20, 0xb0, 0x01, 
    0x2b, 0x23, 0xb0, 0x00, 0x43, 0xb0, 0x04, 0x25, 0x60, 0x20, 0x45, 0x8a, 
    0x23, 0x61, 0x20, 0x64, 0xb0, 0x24, 0x50, 0x58, 0xb0, 0x00, 0x1b, 0xb0, 
    0x40, 0x59, 0x23, 0xb0, 0x00, 0x50, 0x58, 0x65, 0x59, 0xb0, 0x03, 0x25, 
    0x23, 0x61, 0x44, 0x44, 0xb0, 0x01, 0x60, 0x2d, 0xb0, 0x0e, 0x2c, 0x20, 
    0xb0, 0x00, 0x23, 0x42, 0xb3, 0x0d, 0x0c, 0x00, 0x03, 0x45, 0x50, 0x58, 
    0x21, 0x1b, 0x23, 0x21, 0x59, 0x2a, 0x21, 0x2d, 0xb0, 0x0f, 0x2c, 0xb1, 
    0x02, 0x02, 0x45, 0xb0, 0x64, 0x61, 0x44, 0x2d, 0xb0, 0x10, 0x2c, 0xb0, 
    0x01, 0x60, 0x20, 0x20, 0xb0, 0x0f, 0x43, 0x4a, 0xb0, 0x00, 0x50, 0x58, 
    0x20, 0xb0, 0x0f, 0x23, 0x42, 0x59, 0xb0, 0x10, 0x43, 0x4a, 0xb0, 0x00, 
    0x52, 0x58, 0x20, 0xb0, 0x10, 0x23, 0x42, 0x59, 0x2d, 0xb0, 0x11, 0x2c, 
    0x20, 0xb0, 0x10, 0x62, 0x66, 0xb0, 0x01, 0x63, 0x20, 0xb8, 0x04, 0x00, 
    0x63, 0x8a, 0x23, 0x61, 0xb0, 0x11, 0x43, 0x60, 0x20, 0x8a, 0x60, 0x20, 
    0xb0, 0x11, 0x23, 0x42, 0x23, 0x2d, 0xb0, 0x12, 0x2c, 0x4b, 0x54, 0x58, 
    0xb1, 0x04, 0x64, 0x44, 0x59, 0x24, 0xb0, 0x0d, 0x65, 0x23, 0x78, 0x2d, 
    0xb0, 0x13, 0x2c, 0x4b, 0x51, 0x58, 0x4b, 0x53, 0x58, 0xb1, 0x04, 0x64, 
    0x44, 0x59, 0x1b, 0x21, 0x59, 0x24, 0xb0, 0x13, 0x65, 0x23, 0x78, 0x2d, 
    0xb0, 0x14, 0x2c, 0xb1, 0x00, 0x12, 0x43, 0x55, 0x58, 0xb1, 0x12, 0x12, 
    0x43, 0xb0, 0x01, 0x61, 0x42, 0xb0, 0x11, 0x2b, 0x59, 0xb0, 0x00, 0x43, 
    0xb0, 0x02, 0x25, 0x42, 0xb1, 0x0f, 0x02, 0x25, 0x42, 0xb1, 0x10, 0x02, 
    0x25, 0x42, 0xb0, 0x01, 0x16, 0x23, 0x20, 0xb0, 0x03, 0x25, 0x50, 0x58, 
    0xb1, 0x01, 0x00, 0x43, 0x60, 0xb0, 0x04, 0x25, 0x42, 0x8a, 0x8a, 0x20, 
    0x8a, 0x23, 0x61, 0xb0, 0x10, 0x2a, 0x21, 0x23, 0xb0, 0x01, 0x61, 0x20, 
    0x8a, 0x23, 0x61, 0xb0, 0x10, 0x2a, 0x21, 0x1b, 0xb1, 0x01, 0x00, 0x43, 
    0x60, 0xb0, 0x02, 0x25, 0x42, 0xb0, 0x02, 0x25, 0x61, 0xb0, 0x10, 0x2a, 
    0x21, 0x59, 0xb0, 0x0f, 0x43, 0x47, 0xb0, 0x10, 0x43, 0x47, 0x60, 0xb0, 
    0x02, 0x62, 0x20, 0xb0, 0x00, 0x50, 0x58, 0xb0, 0x40, 0x60, 0x59, 0x66, 
    0xb0, 0x01, 0x63, 0x20, 0xb0, 0x0e, 0x43, 0x63, 0xb8, 0x04, 0x00, 0x62, 
    0x20, 0xb0, 0x00, 0x50, 0x58, 0xb0, 0x40, 0x60, 0x59, 0x66, 0xb0, 0x01, 
    0x63, 0x60, 0xb1, 0x00, 0x00, 0x13, 0x23, 0x44, 0xb0, 0x01, 0x43, 0xb0, 
    0x00, 0x3e, 0xb2, 0x01, 0x01, 0x01, 0x43, 0x60, 0x42, 0x2d, 0xb0, 0x15, 
    0x2c, 0x00, 0xb1, 0x00, 0x02, 0x45, 0x54, 0x58, 0xb0, 0x12, 0x23, 0x42, 
    0x20, 0x45, 0xb0, 0x0e, 0x23, 0x42, 0xb0, 0x0d, 0x23, 0xb0, 0x01, 0x60, 
    0x42, 0x20, 0x60, 0xb7, 0x18, 0x18, 0x01, 0x00, 0x11, 0x00, 0x13, 0x00, 
    0x42, 0x42, 0x42, 0x8a, 0x60, 0x20, 0xb0, 0x14, 0x23, 0x42, 0xb0, 0x01, 
    0x61, 0xb1, 0x14, 0x08, 0x2b, 0xb0, 0x8b, 0x2b, 0x1b, 0x22, 0x59, 0x2d, 
    0xb0, 0x16, 0x2c, 0xb1, 0x00, 0x15, 0x2b, 0x2d, 0xb0, 0x17, 0x2c, 0xb1, 
    0x01, 0x15, 0x2b, 0x2d, 0xb0, 0x18, 0x2c, 0xb1, 0x02, 0x15, 0x2b, 0x2d, 
    0xb0, 0x19, 0x2c, 0xb1, 0x03, 0x15, 0x2b, 0x2d, 0xb0, 0x1a, 0x2c, 0xb1, 
    0x04, 0x15, 0x2b, 0x2d, 0xb0, 0x1b, 0x2c, 0xb1, 0x05, 0x15, 0x2b, 0x2d, 
    0xb0, 0x1c, 0x2c, 0xb1, 0x06, 0x15, 0x2b, 0x2d, 0xb0, 0x1d, 0x2c, 0xb1, 
    0x07, 0x15, 0x2b, 0x2d, 0xb0, 0x1e, 0x2c, 0xb1, 0x08, 0x15, 0x2b, 0x2d, 
    0xb0, 0x1f, 0x2c, 0xb1, 0x09, 0x15, 0x2b, 0x2d, 0xb0, 0x2b, 0x2c, 0x23, 
    0x20, 0xb0, 0x10, 0x62, 0x66, 0xb0, 0x01, 0x63, 0xb0, 0x06, 0x60, 0x4b, 
    0x54, 0x58, 0x23, 0x20, 0x2e, 0xb0, 0x01, 0x5d, 0x1b, 0x21, 0x21, 0x59, 
    0x2d, 0xb0, 0x2c, 0x2c, 0x23, 0x20, 0xb0, 0x10, 0x62, 0x66, 0xb0, 0x01, 
    0x63, 0xb0, 0x16, 0x60, 0x4b, 0x54, 0x58, 0x23, 0x20, 0x2e, 0xb0, 0x01, 
    0x71, 0x1b, 0x21, 0x21, 0x59, 0x2d, 0xb0, 0x2d, 0x2c, 0x23, 0x20, 0xb0, 
    0x10, 0x62, 0x66, 0xb0, 0x01, 0x63, 0xb0, 0x26, 0x60, 0x4b, 0x54, 0x58, 
    0x23, 0x20, 0x2e, 0xb0, 0x01, 0x72, 0x1b, 0x21, 0x21, 0x59, 0x2d, 0xb0, 
    0x20, 0x2c, 0x00, 0xb0, 0x0f, 0x2b, 0xb1, 0x00, 0x02, 0x45, 0x54, 0x58, 
    0xb0, 0x12, 0x23, 0x42, 0x20, 0x45, 0xb0, 0x0e, 0x23, 0x42, 0xb0, 0x0d, 
    0x23, 0xb0, 0x01, 0x60, 0x42, 0x20, 0x60, 0xb0, 0x01, 0x61, 0xb5, 0x18, 
    0x18, 0x01, 0x00, 0x11, 0x00, 0x42, 0x42, 0x8a, 0x60, 0xb1, 0x14, 0x08, 
    0x2b, 0xb0, 0x8b, 0x2b, 0x1b, 0x22, 0x59, 0x2d, 0xb0, 0x21, 0x2c, 0xb1, 
    0x00, 0x20, 0x2b, 0x2d, 0xb0, 0x22, 0x2c, 0xb1, 0x01, 0x20, 0x2b, 0x2d, 
    0xb0, 0x23, 0x2c, 0xb1, 0x02, 0x20, 0x2b, 0x2d, 0xb0, 0x24, 0x2c, 0xb1, 
    0x03, 0x20, 0x2b, 0x2d, 0xb0, 0x25, 0x2c, 0xb1, 0x04, 0x20, 0x2b, 0x2d, 
    0xb0, 0x26, 0x2c, 0xb1, 0x05, 0x20, 0x2b, 0x2d, 0xb0, 0x27, 0x2c, 0xb1, 
    0x06, 0x20, 0x2b, 0x2d, 0xb0, 0x28, 0x2c, 0xb1, 0x07, 0x20, 0x2b, 0x2d, 
    0xb0, 0x29, 0x2c, 0xb1, 0x08, 0x20, 0x2b, 0x2d, 0xb0, 0x2a, 0x2c, 0xb1, 
    0x09, 0x20, 0x2b, 0x2d, 0xb0, 0x2e, 0x2c, 0x20, 0x3c, 0xb0, 0x01, 0x60, 
    0x2d, 0xb0, 0x2f, 0x2c, 0x20, 0x60, 0xb0, 0x18, 0x60, 0x20, 0x43, 0x23, 
    0xb0, 0x01, 0x60, 0x43, 0xb0, 0x02, 0x25, 0x61, 0xb0, 0x01, 0x60, 0xb0, 
    0x2e, 0x2a, 0x21, 0x2d, 0xb0, 0x30, 0x2c, 0xb0, 0x2f, 0x2b, 0xb0, 0x2f, 
    0x2a, 0x2d, 0xb0, 0x31, 0x2c, 0x20, 0x20, 0x47, 0x20, 0x20, 0xb0, 0x0e, 
    0x43, 0x63, 0xb8, 0x04, 0x00, 0x62, 0x20, 0xb0, 0x00, 0x50, 0x58, 0xb0, 
    0x40, 0x60, 0x59, 0x66, 0xb0, 0x01, 0x63, 0x60, 0x23, 0x61, 0x38, 0x23, 
    0x20, 0x8a, 0x55, 0x58, 0x20, 0x47, 0x20, 0x20, 0xb0, 0x0e, 0x43, 0x63, 
    0xb8, 0x04, 0x00, 0x62, 0x20, 0xb0, 0x00, 0x50, 0x58, 0xb0, 0x40, 0x60, 
    0x59, 0x66, 0xb0, 0x01, 0x63, 0x60, 0x23, 0x61, 0x38, 0x1b, 0x21, 0x59, 
    0x2d, 0xb0, 0x32, 0x2c, 0x00, 0xb1, 0x00, 0x02, 0x45, 0x54, 0x58, 0xb1, 
    0x0e, 0x06, 0x45, 0x42, 0xb0, 0x01, 0x16, 0xb0, 0x31, 0x2a, 0xb1, 0x05, 
    0x01, 0x15, 0x45, 0x58, 0x30, 0x59, 0x1b, 0x22, 0x59, 0x2d, 0xb0, 0x33, 
    0x2c, 0x00, 0xb0, 0x0f, 0x2b, 0xb1, 0x00, 0x02, 0x45, 0x54, 0x58, 0xb1, 
    0x0e, 0x06, 0x45, 0x42, 0xb0, 0x01, 0x16, 0xb0, 0x31, 0x2a, 0xb1, 0x05, 
    0x01, 0x15, 0x45, 0x58, 0x30, 0x59, 0x1b, 0x22, 0x59, 0x2d, 0xb0, 0x34, 
    0x2c, 0x20, 0x35, 0xb0, 0x01, 0x60, 0x2d, 0xb0, 0x35, 0x2c, 0x00, 0xb1, 
    0x0e, 0x06, 0x45, 0x42, 0xb0, 0x01, 0x45, 0x63, 0xb8, 0x04, 0x00, 0x62, 
    0x20, 0xb0, 0x00, 0x50, 0x58, 0xb0, 0x40, 0x60, 0x59, 0x66, 0xb0, 0x01, 
    0x63, 0xb0, 0x01, 0x2b, 0xb0, 0x0e, 0x43, 0x63, 0xb8, 0x04, 0x00, 0x62, 
    0x20, 0xb0, 0x00, 0x50, 0x58, 0xb0, 0x40, 0x60, 0x59, 0x66, 0xb0, 0x01, 
    0x63, 0xb0, 0x01, 0x2b, 0xb0, 0x00, 0x16, 0xb4, 0x00, 0x00, 0x00, 0x00, 
    0x00, 0x44, 0x3e, 0x23, 0x38, 0xb1, 0x34, 0x01, 0x15, 0x2a, 0x21, 0x2d, 
    0xb0, 0x36, 0x2c, 0x20, 0x3c, 0x20, 0x47, 0x20, 0xb0, 0x0e, 0x43, 0x63, 
    0xb8, 0x04, 0x00, 0x62, 0x20, 0xb0, 0x00, 0x50, 0x58, 0xb0, 0x40, 0x60, 
    0x59, 0x66, 0xb0, 0x01, 0x63, 0x60, 0xb0, 0x00, 0x43, 0x61, 0x38, 0x2d, 
    0xb0, 0x37, 0x2c, 0x2e, 0x17, 0x3c, 0x2d, 0xb0, 0x38, 0x2c, 0x20, 0x3c, 
    0x20, 0x47, 0x20, 0xb0, 0x0e, 0x43, 0x63, 0xb8, 0x04, 0x00, 0x62, 0x20, 
    0xb0, 0x00, 0x50, 0x58, 0xb0, 0x40, 0x60, 0x59, 0x66, 0xb0, 0x01, 0x63, 
    0x60, 0xb0, 0x00, 0x43, 0x61, 0xb0, 0x01, 0x43, 0x63, 0x38, 0x2d, 0xb0, 
    0x39, 0x2c, 0xb1, 0x02, 0x00, 0x16, 0x25, 0x20, 0x2e, 0x20, 0x47, 0xb0, 
    0x00, 0x23, 0x42, 0xb0, 0x02, 0x25, 0x49, 0x8a, 0x8a, 0x47, 0x23, 0x47, 
    0x23, 0x61, 0x20, 0x58, 0x62, 0x1b, 0x21, 0x59, 0xb0, 0x01, 0x23, 0x42, 
    0xb2, 0x38, 0x01, 0x01, 0x15, 0x14, 0x2a, 0x2d, 0xb0, 0x3a, 0x2c, 0xb0, 
    0x00, 0x16, 0xb0, 0x17, 0x23, 0x42, 0xb0, 0x04, 0x25, 0xb0, 0x04, 0x25, 
    0x47, 0x23, 0x47, 0x23, 0x61, 0xb1, 0x0c, 0x00, 0x42, 0xb0, 0x0b, 0x43, 
    0x2b, 0x65, 0x8a, 0x2e, 0x23, 0x20, 0x20, 0x3c, 0x8a, 0x38, 0x2d, 0xb0, 
    0x3b, 0x2c, 0xb0, 0x00, 0x16, 0xb0, 0x17, 0x23, 0x42, 0xb0, 0x04, 0x25, 
    0xb0, 0x04, 0x25, 0x20, 0x2e, 0x47, 0x23, 0x47, 0x23, 0x61, 0x20, 0xb0, 
    0x06, 0x23, 0x42, 0xb1, 0x0c, 0x00, 0x42, 0xb0, 0x0b, 0x43, 0x2b, 0x20, 
    0xb0, 0x60, 0x50, 0x58, 0x20, 0xb0, 0x40, 0x51, 0x58, 0xb3, 0x04, 0x20, 
    0x05, 0x20, 0x1b, 0xb3, 0x04, 0x26, 0x05, 0x1a, 0x59, 0x42, 0x42, 0x23, 
    0x20, 0xb0, 0x0a, 0x43, 0x20, 0x8a, 0x23, 0x47, 0x23, 0x47, 0x23, 0x61, 
    0x23, 0x46, 0x60, 0xb0, 0x06, 0x43, 0xb0, 0x02, 0x62, 0x20, 0xb0, 0x00, 
    0x50, 0x58, 0xb0, 0x40, 0x60, 0x59, 0x66, 0xb0, 0x01, 0x63, 0x60, 0x20, 
    0xb0, 0x01, 0x2b, 0x20, 0x8a, 0x8a, 0x61, 0x20, 0xb0, 0x04, 0x43, 0x60, 
    0x64, 0x23, 0xb0, 0x05, 0x43, 0x61, 0x64, 0x50, 0x58, 0xb0, 0x04, 0x43, 
    0x61, 0x1b, 0xb0, 0x05, 0x43, 0x60, 0x59, 0xb0, 0x03, 0x25, 0xb0, 0x02, 
    0x62, 0x20, 0xb0, 0x00, 0x50, 0x58, 0xb0, 0x40, 0x60, 0x59, 0x66, 0xb0, 
    0x01, 0x63, 0x61, 0x23, 0x20, 0x20, 0xb0, 0x04, 0x26, 0x23, 0x46, 0x61, 
    0x38, 0x1b, 0x23, 0xb0, 0x0a, 0x43, 0x46, 0xb0, 0x02, 0x25, 0xb0, 0x0a, 
    0x43, 0x47, 0x23, 0x47, 0x23, 0x61, 0x60, 0x20, 0xb0, 0x06, 0x43, 0xb0, 
    0x02, 0x62, 0x20, 0xb0, 0x00, 0x50, 0x58, 0xb0, 0x40, 0x60, 0x59, 0x66, 
    0xb0, 0x01, 0x63, 0x60, 0x23, 0x20, 0xb0, 0x01, 0x2b, 0x23, 0xb0, 0x06, 
    0x43, 0x60, 0xb0, 0x01, 0x2b, 0xb0, 0x05, 0x25, 0x61, 0xb0, 0x05, 0x25, 
    0xb0, 0x02, 0x62, 0x20, 0xb0, 0x00, 0x50, 0x58, 0xb0, 0x40, 0x60, 0x59, 
    0x66, 0xb0, 0x01, 0x63, 0xb0, 0x04, 0x26, 0x61, 0x20, 0xb0, 0x04, 0x25, 
    0x60, 0x64, 0x23, 0xb0, 0x03, 0x25, 0x60, 0x64, 0x50, 0x58, 0x21, 0x1b, 
    0x23, 0x21, 0x59, 0x23, 0x20, 0x20, 0xb0, 0x04, 0x26, 0x23, 0x46, 0x61, 
    0x38, 0x59, 0x2d, 0xb0, 0x3c, 0x2c, 0xb0, 0x00, 0x16, 0xb0, 0x17, 0x23, 
    0x42, 0x20, 0x20, 0x20, 0xb0, 0x05, 0x26, 0x20, 0x2e, 0x47, 0x23, 0x47, 
    0x23, 0x61, 0x23, 0x3c, 0x38, 0x2d, 0xb0, 0x3d, 0x2c, 0xb0, 0x00, 0x16, 
    0xb0, 0x17, 0x23, 0x42, 0x20, 0xb0, 0x0a, 0x23, 0x42, 0x20, 0x20, 0x20, 
    0x46, 0x23, 0x47, 0xb0, 0x01, 0x2b, 0x23, 0x61, 0x38, 0x2d, 0xb0, 0x3e, 
    0x2c, 0xb0, 0x00, 0x16, 0xb0, 0x17, 0x23, 0x42, 0xb0, 0x03, 0x25, 0xb0, 
    0x02, 0x25, 0x47, 0x23, 0x47, 0x23, 0x61, 0xb0, 0x00, 0x54, 0x58, 0x2e, 
    0x20, 0x3c, 0x23, 0x21, 0x1b, 0xb0, 0x02, 0x25, 0xb0, 0x02, 0x25, 0x47, 
    0x23, 0x47, 0x23, 0x61, 0x20, 0xb0, 0x05, 0x25, 0xb0, 0x04, 0x25, 0x47, 
    0x23, 0x47, 0x23, 0x61, 0xb0, 0x06, 0x25, 0xb0, 0x05, 0x25, 0x49, 0xb0, 
    0x02, 0x25, 0x61, 0xb9, 0x08, 0x00, 0x08, 0x00, 0x63, 0x63, 0x23, 0x20, 
    0x58, 0x62, 0x1b, 0x21, 0x59, 0x63, 0xb8, 0x04, 0x00, 0x62, 0x20, 0xb0, 
    0x00, 0x50, 0x58, 0xb0, 0x40, 0x60, 0x59, 0x66, 0xb0, 0x01, 0x63, 0x60, 
    0x23, 0x2e, 0x23, 0x20, 0x20, 0x3c, 0x8a, 0x38, 0x23, 0x21, 0x59, 0x2d, 
    0xb0, 0x3f, 0x2c, 0xb0, 0x00, 0x16, 0xb0, 0x17, 0x23, 0x42, 0x20, 0xb0, 
    0x0a, 0x43, 0x20, 0x2e, 0x47, 0x23, 0x47, 0x23, 0x61, 0x20, 0x60, 0xb0, 
    0x20, 0x60, 0x66, 0xb0, 0x02, 0x62, 0x20, 0xb0, 0x00, 0x50, 0x58, 0xb0, 
    0x40, 0x60, 0x59, 0x66, 0xb0, 0x01, 0x63, 0x23, 0x20, 0x20, 0x3c, 0x8a, 
    0x38, 0x2d, 0xb0, 0x40, 0x2c, 0x23, 0x20, 0x2e, 0x46, 0xb0, 0x02, 0x25, 
    0x46, 0xb0, 0x17, 0x43, 0x58, 0x50, 0x1b, 0x52, 0x59, 0x58, 0x20, 0x3c, 
    0x59, 0x2e, 0xb1, 0x30, 0x01, 0x14, 0x2b, 0x2d, 0xb0, 0x41, 0x2c, 0x23, 
    0x20, 0x2e, 0x46, 0xb0, 0x02, 0x25, 0x46, 0xb0, 0x17, 0x43, 0x58, 0x52, 
    0x1b, 0x50, 0x59, 0x58, 0x20, 0x3c, 0x59, 0x2e, 0xb1, 0x30, 0x01, 0x14, 
    0x2b, 0x2d, 0xb0, 0x42, 0x2c, 0x23, 0x20, 0x2e, 0x46, 0xb0, 0x02, 0x25, 
    0x46, 0xb0, 0x17, 0x43, 0x58, 0x50, 0x1b, 0x52, 0x59, 0x58, 0x20, 0x3c, 
    0x59, 0x23, 0x20, 0x2e, 0x46, 0xb0, 0x02, 0x25, 0x46, 0xb0, 0x17, 0x43, 
    0x58, 0x52, 0x1b, 0x50, 0x59, 0x58, 0x20, 0x3c, 0x59, 0x2e, 0xb1, 0x30, 
    0x01, 0x14, 0x2b, 0x2d, 0xb0, 0x43, 0x2c, 0xb0, 0x3a, 0x2b, 0x23, 0x20, 
    0x2e, 0x46, 0xb0, 0x02, 0x25, 0x46, 0xb0, 0x17, 0x43, 0x58, 0x50, 0x1b, 
    0x52, 0x59, 0x58, 0x20, 0x3c, 0x59, 0x2e, 0xb1, 0x30, 0x01, 0x14, 0x2b, 
    0x2d, 0xb0, 0x44, 0x2c, 0xb0, 0x3b, 0x2b, 0x8a, 0x20, 0x20, 0x3c, 0xb0, 
    0x06, 0x23, 0x42, 0x8a, 0x38, 0x23, 0x20, 0x2e, 0x46, 0xb0, 0x02, 0x25, 
    0x46, 0xb0, 0x17, 0x43, 0x58, 0x50, 0x1b, 0x52, 0x59, 0x58, 0x20, 0x3c, 
    0x59, 0x2e, 0xb1, 0x30, 0x01, 0x14, 0x2b, 0xb0, 0x06, 0x43, 0x2e, 0xb0, 
    0x30, 0x2b, 0x2d, 0xb0, 0x45, 0x2c, 0xb0, 0x00, 0x16, 0xb0, 0x04, 0x25, 
    0xb0, 0x04, 0x26, 0x20, 0x20, 0x20, 0x46, 0x23, 0x47, 0x61, 0xb0, 0x0c, 
    0x23, 0x42, 0x2e, 0x47, 0x23, 0x47, 0x23, 0x61, 0xb0, 0x0b, 0x43, 0x2b, 
    0x23, 0x20, 0x3c, 0x20, 0x2e, 0x23, 0x38, 0xb1, 0x30, 0x01, 0x14, 0x2b, 
    0x2d, 0xb0, 0x46, 0x2c, 0xb1, 0x0a, 0x04, 0x25, 0x42, 0xb0, 0x00, 0x16, 
    0xb0, 0x04, 0x25, 0xb0, 0x04, 0x25, 0x20, 0x2e, 0x47, 0x23, 0x47, 0x23, 
    0x61, 0x20, 0xb0, 0x06, 0x23, 0x42, 0xb1, 0x0c, 0x00, 0x42, 0xb0, 0x0b, 
    0x43, 0x2b, 0x20, 0xb0, 0x60, 0x50, 0x58, 0x20, 0xb0, 0x40, 0x51, 0x58, 
    0xb3, 0x04, 0x20, 0x05, 0x20, 0x1b, 0xb3, 0x04, 0x26, 0x05, 0x1a, 0x59, 
    0x42, 0x42, 0x23, 0x20, 0x47, 0xb0, 0x06, 0x43, 0xb0, 0x02, 0x62, 0x20, 
    0xb0, 0x00, 0x50, 0x58, 0xb0, 0x40, 0x60, 0x59, 0x66, 0xb0, 0x01, 0x63, 
    0x60, 0x20, 0xb0, 0x01, 0x2b, 0x20, 0x8a, 0x8a, 0x61, 0x20, 0xb0, 0x04, 
    0x43, 0x60, 0x64, 0x23, 0xb0, 0x05, 0x43, 0x61, 0x64, 0x50, 0x58, 0xb0, 
    0x04, 0x43, 0x61, 0x1b, 0xb0, 0x05, 0x43, 0x60, 0x59, 0xb0, 0x03, 0x25, 
    0xb0, 0x02, 0x62, 0x20, 0xb0, 0x00, 0x50, 0x58, 0xb0, 0x40, 0x60, 0x59, 
    0x66, 0xb0, 0x01, 0x63, 0x61, 0xb0, 0x02, 0x25, 0x46, 0x61, 0x38, 0x23, 
    0x20, 0x3c, 0x23, 0x38, 0x1b, 0x21, 0x20, 0x20, 0x46, 0x23, 0x47, 0xb0, 
    0x01, 0x2b, 0x23, 0x61, 0x38, 0x21, 0x59, 0xb1, 0x30, 0x01, 0x14, 0x2b, 
    0x2d, 0xb0, 0x47, 0x2c, 0xb1, 0x00, 0x3a, 0x2b, 0x2e, 0xb1, 0x30, 0x01, 
    0x14, 0x2b, 0x2d, 0xb0, 0x48, 0x2c, 0xb1, 0x00, 0x3b, 0x2b, 0x21, 0x23, 
    0x20, 0x20, 0x3c, 0xb0, 0x06, 0x23, 0x42, 0x23, 0x38, 0xb1, 0x30, 0x01, 
    0x14, 0x2b, 0xb0, 0x06, 0x43, 0x2e, 0xb0, 0x30, 0x2b, 0x2d, 0xb0, 0x49, 
    0x2c, 0xb0, 0x00, 0x15, 0x20, 0x47, 0xb0, 0x00, 0x23, 0x42, 0xb2, 0x00, 
    0x01, 0x01, 0x15, 0x14, 0x13, 0x2e, 0xb0, 0x36, 0x2a, 0x2d, 0xb0, 0x4a, 
    0x2c, 0xb0, 0x00, 0x15, 0x20, 0x47, 0xb0, 0x00, 0x23, 0x42, 0xb2, 0x00, 
    0x01, 0x01, 0x15, 0x14, 0x13, 0x2e, 0xb0, 0x36, 0x2a, 0x2d, 0xb0, 0x4b, 
    0x2c, 0xb1, 0x00, 0x01, 0x14, 0x13, 0xb0, 0x37, 0x2a, 0x2d, 0xb0, 0x4c, 
    0x2c, 0xb0, 0x39, 0x2a, 0x2d, 0xb0, 0x4d, 0x2c, 0xb0, 0x00, 0x16, 0x45, 
    0x23, 0x20, 0x2e, 0x20, 0x46, 0x8a, 0x23, 0x61, 0x38, 0xb1, 0x30, 0x01, 
    0x14, 0x2b, 0x2d, 0xb0, 0x4e, 0x2c, 0xb0, 0x0a, 0x23, 0x42, 0xb0, 0x4d, 
    0x2b, 0x2d, 0xb0, 0x4f, 0x2c, 0xb2, 0x00, 0x00, 0x46, 0x2b, 0x2d, 0xb0, 
    0x50, 0x2c, 0xb2, 0x00, 0x01, 0x46, 0x2b, 0x2d, 0xb0, 0x51, 0x2c, 0xb2, 
    0x01, 0x00, 0x46, 0x2b, 0x2d, 0xb0, 0x52, 0x2c, 0xb2, 0x01, 0x01, 0x46, 
    0x2b, 0x2d, 0xb0, 0x53, 0x2c, 0xb2, 0x00, 0x00, 0x47, 0x2b, 0x2d, 0xb0, 
    0x54, 0x2c, 0xb2, 0x00, 0x01, 0x47, 0x2b, 0x2d, 0xb0, 0x55, 0x2c, 0xb2, 
    0x01, 0x00, 0x47, 0x2b, 0x2d, 0xb0, 0x56, 0x2c, 0xb2, 0x01, 0x01, 0x47, 
    0x2b, 0x2d, 0xb0, 0x57, 0x2c, 0xb3, 0x00, 0x00, 0x00, 0x43, 0x2b, 0x2d, 
    0xb0, 0x58, 0x2c, 0xb3, 0x00, 0x01, 0x00, 0x43, 0x2b, 0x2d, 0xb0, 0x59, 
    0x2c, 0xb3, 0x01, 0x00, 0x00, 0x43, 0x2b, 0x2d, 0xb0, 0x5a, 0x2c, 0xb3, 
    0x01, 0x01, 0x00, 0x43, 0x2b, 0x2d, 0xb0, 0x5b, 0x2c, 0xb3, 0x00, 0x00, 
    0x01, 0x43, 0x2b, 0x2d, 0xb0, 0x5c, 0x2c, 0xb3, 0x00, 0x01, 0x01, 0x43, 
    0x2b, 0x2d, 0xb0, 0x5d, 0x2c, 0xb3, 0x01, 0x00, 0x01, 0x43, 0x2b, 0x2d, 
    0xb0, 0x5e, 0x2c, 0xb3, 0x01, 0x01, 0x01, 0x43, 0x2b, 0x2d, 0xb0, 0x5f, 
    0x2c, 0xb2, 0x00, 0x00, 0x45, 0x2b, 0x2d, 0xb0, 0x60, 0x2c, 0xb2, 0x00, 
    0x01, 0x45, 0x2b, 0x2d, 0xb0, 0x61, 0x2c, 0xb2, 0x01, 0x00, 0x45, 0x2b, 
    0x2d, 0xb0, 0x62, 0x2c, 0xb2, 0x01, 0x01, 0x45, 0x2b, 0x2d, 0xb0, 0x63, 
    0x2c, 0xb2, 0x00, 0x00, 0x48, 0x2b, 0x2d, 0xb0, 0x64, 0x2c, 0xb2, 0x00, 
    0x01, 0x48, 0x2b, 0x2d, 0xb0, 0x65, 0x2c, 0xb2, 0x01, 0x00, 0x48, 0x2b, 
    0x2d, 0xb0, 0x66, 0x2c, 0xb2, 0x01, 0x01, 0x48, 0x2b, 0x2d, 0xb0, 0x67, 
    0x2c, 0xb3, 0x00, 0x00, 0x00, 0x44, 0x2b, 0x2d, 0xb0, 0x68, 0x2c, 0xb3, 
    0x00, 0x01, 0x00, 0x44, 0x2b, 0x2d, 0xb0, 0x69, 0x2c, 0xb3, 0x01, 0x00, 
    0x00, 0x44, 0x2b, 0x2d, 0xb0, 0x6a, 0x2c, 0xb3, 0x01, 0x01, 0x00, 0x44, 
    0x2b, 0x2d, 0xb0, 0x6b, 0x2c, 0xb3, 0x00, 0x00, 0x01, 0x44, 0x2b, 0x2d, 
    0xb0, 0x6c, 0x2c, 0xb3, 0x00, 0x01, 0x01, 0x44, 0x2b, 0x2d, 0xb0, 0x6d, 
    0x2c, 0xb3, 0x01, 0x00, 0x01, 0x44, 0x2b, 0x2d, 0xb0, 0x6e, 0x2c, 0xb3, 
    0x01, 0x01, 0x01, 0x44, 0x2b, 0x2d, 0xb0, 0x6f, 0x2c, 0xb1, 0x00, 0x3c, 
    0x2b, 0x2e, 0xb1, 0x30, 0x01, 0x14, 0x2b, 0x2d, 0xb0, 0x70, 0x2c, 0xb1, 
    0x00, 0x3c, 0x2b, 0xb0, 0x40, 0x2b, 0x2d, 0xb0, 0x71, 0x2c, 0xb1, 0x00, 
    0x3c, 0x2b, 0xb0, 0x41, 0x2b, 0x2d, 0xb0, 0x72, 0x2c, 0xb0, 0x00, 0x16, 
    0xb1, 0x00, 0x3c, 0x2b, 0xb0, 0x42, 0x2b, 0x2d, 0xb0, 0x73, 0x2c, 0xb1, 
    0x01, 0x3c, 0x2b, 0xb0, 0x40, 0x2b, 0x2d, 0xb0, 0x74, 0x2c, 0xb1, 0x01, 
    0x3c, 0x2b, 0xb0, 0x41, 0x2b, 0x2d, 0xb0, 0x75, 0x2c, 0xb0, 0x00, 0x16, 
    0xb1, 0x01, 0x3c, 0x2b, 0xb0, 0x42, 0x2b, 0x2d, 0xb0, 0x76, 0x2c, 0xb1, 
    0x00, 0x3d, 0x2b, 0x2e, 0xb1, 0x30, 0x01, 0x14, 0x2b, 0x2d, 0xb0, 0x77, 
    0x2c, 0xb1, 0x00, 0x3d, 0x2b, 0xb0, 0x40, 0x2b, 0x2d, 0xb0, 0x78, 0x2c, 
    0xb1, 0x00, 0x3d, 0x2b, 0xb0, 0x41, 0x2b, 0x2d, 0xb0, 0x79, 0x2c, 0xb1, 
    0x00, 0x3d, 0x2b, 0xb0, 0x42, 0x2b, 0x2d, 0xb0, 0x7a, 0x2c, 0xb1, 0x01, 
    0x3d, 0x2b, 0xb0, 0x40, 0x2b, 0x2d, 0xb0, 0x7b, 0x2c, 0xb1, 0x01, 0x3d, 
    0x2b, 0xb0, 0x41, 0x2b, 0x2d, 0xb0, 0x7c, 0x2c, 0xb1, 0x01, 0x3d, 0x2b, 
    0xb0, 0x42, 0x2b, 0x2d, 0xb0, 0x7d, 0x2c, 0xb1, 0x00, 0x3e, 0x2b, 0x2e, 
    0xb1, 0x30, 0x01, 0x14, 0x2b, 0x2d, 0xb0, 0x7e, 0x2c, 0xb1, 0x00, 0x3e, 
    0x2b, 0xb0, 0x40, 0x2b, 0x2d, 0xb0, 0x7f, 0x2c, 0xb1, 0x00, 0x3e, 0x2b, 
    0xb0, 0x41, 0x2b, 0x2d, 0xb0, 0x80, 0x2c, 0xb1, 0x00, 0x3e, 0x2b, 0xb0, 
    0x42, 0x2b, 0x2d, 0xb0, 0x81, 0x2c, 0xb1, 0x01, 0x3e, 0x2b, 0xb0, 0x40, 
    0x2b, 0x2d, 0xb0, 0x82, 0x2c, 0xb1, 0x01, 0x3e, 0x2b, 0xb0, 0x41, 0x2b, 
    0x2d, 0xb0, 0x83, 0x2c, 0xb1, 0x01, 0x3e, 0x2b, 0xb0, 0x42, 0x2b, 0x2d, 
    0xb0, 0x84, 0x2c, 0xb1, 0x00, 0x3f, 0x2b, 0x2e, 0xb1, 0x30, 0x01, 0x14, 
    0x2b, 0x2d, 0xb0, 0x85, 0x2c, 0xb1, 0x00, 0x3f, 0x2b, 0xb0, 0x40, 0x2b, 
    0x2d, 0xb0, 0x86, 0x2c, 0xb1, 0x00, 0x3f, 0x2b, 0xb0, 0x41, 0x2b, 0x2d, 
    0xb0, 0x87, 0x2c, 0xb1, 0x00, 0x3f, 0x2b, 0xb0, 0x42, 0x2b, 0x2d, 0xb0, 
    0x88, 0x2c, 0xb1, 0x01, 0x3f, 0x2b, 0xb0, 0x40, 0x2b, 0x2d, 0xb0, 0x89, 
    0x2c, 0xb1, 0x01, 0x3f, 0x2b, 0xb0, 0x41, 0x2b, 0x2d, 0xb0, 0x8a, 0x2c, 
    0xb1, 0x01, 0x3f, 0x2b, 0xb0, 0x42, 0x2b, 0x2d, 0xb0, 0x8b, 0x2c, 0xb2, 
    0x0b, 0x00, 0x03, 0x45, 0x50, 0x58, 0xb0, 0x06, 0x1b, 0xb2, 0x04, 0x02, 
    0x03, 0x45, 0x58, 0x23, 0x21, 0x1b, 0x21, 0x59, 0x59, 0x42, 0x2b, 0xb0, 
    0x08, 0x65, 0xb0, 0x03, 0x24, 0x50, 0x78, 0xb1, 0x05, 0x01, 0x15, 0x45, 
    0x58, 0x30, 0x59, 0x2d, 0x00, 0x4b, 0xb8, 0x00, 0xc8, 0x52, 0x58, 0xb1, 
    0x01, 0x01, 0x8e, 0x59, 0xb0, 0x01, 0xb9, 0x08, 0x00, 0x08, 0x00, 0x63, 
    0x70, 0xb1, 0x00, 0x07, 0x42, 0xb2, 0x17, 0x01, 0x00, 0x2a, 0xb1, 0x00, 
    0x07, 0x42, 0xb3, 0x0c, 0x08, 0x01, 0x0a, 0x2a, 0xb1, 0x00, 0x07, 0x42, 
    0xb3, 0x14, 0x06, 0x01, 0x0a, 0x2a, 0xb1, 0x00, 0x08, 0x42, 0xba, 0x03, 
    0x40, 0x00, 0x01, 0x00, 0x0b, 0x2a, 0xb1, 0x00, 0x09, 0x42, 0xba, 0x00, 
    0x40, 0x00, 0x01, 0x00, 0x0b, 0x2a, 0xb9, 0x00, 0x03, 0x00, 0x00, 0x44, 
    0xb1, 0x24, 0x01, 0x88, 0x51, 0x58, 0xb0, 0x40, 0x88, 0x58, 0xb9, 0x00, 
    0x03, 0x00, 0x64, 0x44, 0xb1, 0x28, 0x01, 0x88, 0x51, 0x58, 0xb8, 0x08, 
    0x00, 0x88, 0x58, 0xb9, 0x00, 0x03, 0x00, 0x00, 0x44, 0x59, 0x1b, 0xb1, 
    0x27, 0x01, 0x88, 0x51, 0x58, 0xba, 0x08, 0x80, 0x00, 0x01, 0x04, 0x40, 
    0x88, 0x63, 0x54, 0x58, 0xb9, 0x00, 0x03, 0x00, 0x00, 0x44, 0x59, 0x59, 
    0x59, 0x59, 0x59, 0xb3, 0x0e, 0x06, 0x01, 0x0e, 0x2a, 0xb8, 0x01, 0xff, 
    0x85, 0xb0, 0x04, 0x8d, 0xb1, 0x02, 0x00, 0x44, 0xb3, 0x05, 0x64, 0x06, 
    0x00, 0x44, 0x44, 0x00, 0x00, 0x00, 0x00, 0x00, 0x00, 0x00, 0x00, 0x00, 
    0x00, 0x00, 0x00, 0x00, 0x00, 0x00, 0x00, 0x00, 0x00, 0x00, 0x00, 0x00, 
    0x00, 0x50, 0x00, 0x50, 0x00, 0x4b, 0x00, 0x4b, 0x02, 0xa8, 0x00, 0x00, 
    0x02, 0xde, 0x02, 0x06, 0x00, 0x00, 0xff, 0x29, 0x02, 0xb2, 0xff, 0xf6, 
    0x02, 0xec, 0x02, 0x10, 0xff, 0xf6, 0xff, 0x29, 0x00, 0x00, 0x00, 0x2a, 
    0x00, 0x2a, 0x00, 0x2a, 0x00, 0x2a, 0x00, 0x66, 0x00, 0xa4, 0x00, 0xd4, 
    0x01, 0x70, 0x02, 0x0c, 0x02, 0xa6, 0x02, 0xd4, 0x03, 0x16, 0x03, 0x58, 
    0x03, 0x84, 0x03, 0xc0, 0x03, 0xe0, 0x03, 0xfc, 0x04, 0x14, 0x04, 0x24, 
    0x04, 0x86, 0x04, 0xa8, 0x04, 0xfc, 0x05, 0x44, 0x05, 0x8c, 0x05, 0xe4, 
    0x06, 0x50, 0x06, 0x84, 0x06, 0xf8, 0x07, 0x68, 0x07, 0xa2, 0x07, 0xe8, 
    0x07, 0xfe, 0x08, 0x2a, 0x08, 0x40, 0x08, 0x96, 0x09, 0x3e, 0x09, 0x6e, 
    0x09, 0xe0, 0x0a, 0x30, 0x0a, 0x7e, 0x0a, 0xac, 0x0a, 0xd6, 0x0b, 0x32, 
    0x0b, 0x5e, 0x0b, 0x88, 0x0b, 0xbc, 0x0b, 0xe8, 0x0c, 0x06, 0x0c, 0x3e, 
    0x0c, 0x6c, 0x0c, 0xbc, 0x0d, 0x00, 0x0d, 0x82, 0x0d, 0xdc, 0x0e, 0x42, 
    0x0e, 0x64, 0x0e, 0x98, 0x0e, 0xbc, 0x0e, 0xf2, 0x0f, 0x22, 0x0f, 0x4e, 
    0x0f, 0x7c, 0x0f, 0xb0, 0x0f, 0xc0, 0x0f, 0xf4, 0x10, 0x1e, 0x10, 0x3e, 
    0x10, 0x5c, 0x10, 0xde, 0x11, 0x5a, 0x11, 0xa8, 0x12, 0x24, 0x12, 0x78, 
    0x12, 0xb0, 0x13, 0x40, 0x13, 0x7e, 0x13, 0xb6, 0x13, 0xee, 0x14, 0x1a, 
    0x14, 0x40, 0x14, 0xa8, 0x14, 0xf4, 0x15, 0x40, 0x15, 0xb2, 0x16, 0x2e, 
    0x16, 0x68, 0x16, 0xc8, 0x17, 0x0e, 0x17, 0x5c, 0x17, 0x80, 0x17, 0xb4, 
    0x17, 0xe2, 0x18, 0x0e, 0x18, 0x3a, 0x18, 0x92, 0x18, 0xac, 0x19, 0x0a, 
    0x19, 0x76, 0x00, 0x00, 0x00, 0x02, 0x00, 0x32, 0xff, 0x0b, 0x01, 0xc2, 
    0x03, 0xbc, 0x00, 0x03, 0x00, 0x07, 0x00, 0x2a, 0x40, 0x27, 0x00, 0x00, 
    0x00, 0x03, 0x02, 0x00, 0x03, 0x67, 0x00, 0x02, 0x01, 0x01, 0x02, 0x57, 
    0x00, 0x02, 0x02, 0x01, 0x5f, 0x04, 0x01, 0x01, 0x02, 0x01, 0x4f, 0x00, 
    0x00, 0x07, 0x06, 0x05, 0x04, 0x00, 0x03, 0x00, 0x03, 0x11, 0x05, 0x06, 
    0x17, 0x2b, 0x17, 0x11, 0x21, 0x11, 0x25, 0x21, 0x11, 0x21, 0x32, 0x01, 
    0x90, 0xfe, 0xa2, 0x01, 0x2c, 0xfe, 0xd4, 0xf5, 0x04, 0xb1, 0xfb, 0x4f, 
    0x32, 0x04, 0x4d, 0x00, 0x00, 0x02, 0x00, 0xf0, 0x00, 0x00, 0x01, 0x68, 
    0x02, 0xcc, 0x00, 0x05, 0x00, 0x09, 0x00, 0x4c, 0x4b, 0xb0, 0x1c, 0x50, 
    0x58, 0x40, 0x17, 0x04, 0x01, 0x01, 0x01, 0x00, 0x5f, 0x00, 0x00, 0x00, 
    0x10, 0x4d, 0x00, 0x02, 0x02, 0x03, 0x5f, 0x05, 0x01, 0x03, 0x03, 0x0f, 
    0x03, 0x4e, 0x1b, 0x40, 0x15, 0x00, 0x00, 0x04, 0x01, 0x01, 0x02, 0x00, 
    0x01, 0x67, 0x00, 0x02, 0x02, 0x03, 0x5f, 0x05, 0x01, 0x03, 0x03, 0x0f, 
    0x03, 0x4e, 0x59, 0x40, 0x12, 0x06, 0x06, 0x00, 0x00, 0x06, 0x09, 0x06, 
    0x09, 0x08, 0x07, 0x00, 0x05, 0x00, 0x05, 0x12, 0x06, 0x07, 0x17, 0x2b, 
    0x25, 0x27, 0x11, 0x33, 0x11, 0x0f, 0x01, 0x35, 0x33, 0x15, 0x01, 0x10, 
    0x0e, 0x54, 0x0e, 0x58, 0x78, 0xf3, 0xd2, 0x01, 0x07, 0xfe, 0xf9, 0xd2, 
    0xf3, 0x79, 0x79, 0x00, 0x00, 0x02, 0x00, 0x9d, 0x01, 0xd0, 0x01, 0xbb, 
    0x02, 0xea, 0x00, 0x05, 0x00, 0x0b, 0x00, 0x4c, 0xb6, 0x07, 0x01, 0x02, 
    0x01, 0x00, 0x01, 0x4c, 0x4b, 0xb0, 0x29, 0x50, 0x58, 0x40, 0x0f, 0x05, 
    0x03, 0x04, 0x03, 0x01, 0x01, 0x00, 0x5f, 0x02, 0x01, 0x00, 0x00, 0x10, 
    0x01, 0x4e, 0x1b, 0x40, 0x15, 0x02, 0x01, 0x00, 0x01, 0x01, 0x00, 0x57, 
    0x02, 0x01, 0x00, 0x00, 0x01, 0x5f, 0x05, 0x03, 0x04, 0x03, 0x01, 0x00, 
    0x01, 0x4f, 0x59, 0x40, 0x12, 0x06, 0x06, 0x00, 0x00, 0x06, 0x0b, 0x06, 
    0x0b, 0x09, 0x08, 0x00, 0x05, 0x00, 0x05, 0x12, 0x06, 0x07, 0x17, 0x2b, 
    0x13, 0x27, 0x35, 0x33, 0x15, 0x07, 0x33, 0x27, 0x35, 0x33, 0x15, 0x07, 
    0xad, 0x10, 0x5e, 0x0e, 0x80, 0x10, 0x5e, 0x0e, 0x01, 0xd0, 0xd3, 0x47, 
    0x47, 0xd3, 0xd3, 0x47, 0x47, 0xd3, 0x00, 0x00, 0x00, 0x02, 0x00, 0x16, 
    0x00, 0x00, 0x02, 0x42, 0x02, 0xa8, 0x00, 0x1b, 0x00, 0x1f, 0x00, 0x00, 
    0x33, 0x37, 0x23, 0x37, 0x33, 0x37, 0x23, 0x37, 0x33, 0x37, 0x33, 0x07, 
    0x33, 0x37, 0x33, 0x07, 0x33, 0x07, 0x23, 0x07, 0x33, 0x07, 0x23, 0x07, 
    0x23, 0x37, 0x23, 0x07, 0x37, 0x33, 0x37, 0x23, 0x5c, 0x28, 0x6e, 0x0d, 
    0x6e, 0x25, 0x6e, 0x0d, 0x6e, 0x29, 0x42, 0x29, 0x8c, 0x29, 0x42, 0x29, 
    0x6f, 0x0d, 0x6f, 0x25, 0x6f, 0x0d, 0x6f, 0x28, 0x42, 0x28, 0x8c, 0x28, 
    0x35, 0x8c, 0x25, 0x8c, 0xbd, 0x3d, 0xae, 0x3d, 0xc3, 0xc3, 0xc3, 0xc3, 
    0x3d, 0xae, 0x3d, 0xbd, 0xbd, 0xbd, 0xfa, 0xae, 0x00, 0x03, 0x00, 0x48, 
    0xff, 0xa9, 0x02, 0x10, 0x02, 0xfc, 0x00, 0x27, 0x00, 0x2e, 0x00, 0x36, 
    0x00, 0x93, 0x40, 0x09, 0x33, 0x2b, 0x19, 0x05, 0x04, 0x00, 0x05, 0x01, 
    0x4c, 0x4b, 0xb0, 0x18, 0x50, 0x58, 0x40, 0x32, 0x00, 0x03, 0x02, 0x03, 
    0x85, 0x00, 0x05, 0x06, 0x00, 0x06, 0x05, 0x00, 0x80, 0x00, 0x00, 0x01, 
    0x06, 0x00, 0x01, 0x7e, 0x00, 0x08, 0x07, 0x08, 0x86, 0x0a, 0x01, 0x06, 
    0x06, 0x02, 0x61, 0x04, 0x01, 0x02, 0x02, 0x0e, 0x4d, 0x0b, 0x01, 0x01, 
    0x01, 0x07, 0x61, 0x09, 0x01, 0x07, 0x07, 0x0f, 0x07, 0x4e, 0x1b, 0x40, 
    0x36, 0x00, 0x03, 0x02, 0x03, 0x85, 0x00, 0x05, 0x06, 0x00, 0x06, 0x05, 
    0x00, 0x80, 0x00, 0x00, 0x01, 0x06, 0x00, 0x01, 0x7e, 0x00, 0x08, 0x07, 
    0x08, 0x86, 0x04, 0x01, 0x02, 0x0a, 0x01, 0x06, 0x05, 0x02, 0x06, 0x69, 
    0x0b, 0x01, 0x01, 0x07, 0x07, 0x01, 0x59, 0x0b, 0x01, 0x01, 0x01, 0x07, 
    0x61, 0x09, 0x01, 0x07, 0x01, 0x07, 0x51, 0x59, 0x40, 0x12, 0x35, 0x34, 
    0x2d, 0x2c, 0x25, 0x24, 0x11, 0x18, 0x12, 0x13, 0x11, 0x11, 0x18, 0x12, 
    0x10, 0x0c, 0x07, 0x1f, 0x2b, 0x37, 0x33, 0x1e, 0x01, 0x17, 0x35, 0x2e, 
    0x02, 0x35, 0x34, 0x3e, 0x01, 0x37, 0x35, 0x33, 0x15, 0x1e, 0x02, 0x17, 
    0x23, 0x2e, 0x01, 0x27, 0x15, 0x1e, 0x02, 0x15, 0x14, 0x0e, 0x01, 0x07, 
    0x15, 0x23, 0x35, 0x2e, 0x02, 0x13, 0x14, 0x16, 0x17, 0x35, 0x0e, 0x01, 
    0x01, 0x34, 0x2e, 0x01, 0x27, 0x15, 0x3e, 0x01, 0x48, 0x4a, 0x05, 0x34, 
    0x44, 0x4c, 0x54, 0x22, 0x22, 0x54, 0x4c, 0x3b, 0x45, 0x4e, 0x23, 0x03, 
    0x4a, 0x05, 0x2e, 0x3c, 0x4e, 0x56, 0x22, 0x23, 0x56, 0x4d, 0x3b, 0x4d, 
    0x56, 0x24, 0x4e, 0x33, 0x46, 0x47, 0x32, 0x01, 0x32, 0x16, 0x37, 0x31, 
    0x4a, 0x34, 0xaf, 0x31, 0x28, 0x03, 0xf5, 0x11, 0x29, 0x3f, 0x30, 0x3c, 
    0x46, 0x1f, 0x02, 0x68, 0x68, 0x02, 0x19, 0x38, 0x31, 0x25, 0x1e, 0x03, 
    0xdb, 0x12, 0x2c, 0x44, 0x34, 0x41, 0x4c, 0x22, 0x02, 0x6b, 0x6a, 0x02, 
    0x1c, 0x43, 0x01, 0x7c, 0x2a, 0x2c, 0x12, 0xcd, 0x02, 0x2c, 0xfe, 0x9e, 
    0x21, 0x2c, 0x1d, 0x0c, 0xe9, 0x03, 0x31, 0x00, 0x00, 0x05, 0x00, 0x22, 
    0xff, 0xf7, 0x02, 0x35, 0x02, 0xb1, 0x00, 0x0b, 0x00, 0x0f, 0x00, 0x1b, 
    0x00, 0x27, 0x00, 0x33, 0x00, 0x99, 0x4b, 0xb0, 0x1a, 0x50, 0x58, 0x40, 
    0x2c, 0x0c, 0x01, 0x04, 0x0a, 0x01, 0x00, 0x07, 0x04, 0x00, 0x69, 0x00, 
    0x07, 0x00, 0x09, 0x08, 0x07, 0x09, 0x69, 0x00, 0x05, 0x05, 0x01, 0x61, 
    0x02, 0x01, 0x01, 0x01, 0x14, 0x4d, 0x0e, 0x01, 0x08, 0x08, 0x03, 0x62, 
    0x0d, 0x06, 0x0b, 0x03, 0x03, 0x03, 0x0f, 0x03, 0x4e, 0x1b, 0x40, 0x34, 
    0x0c, 0x01, 0x04, 0x0a, 0x01, 0x00, 0x07, 0x04, 0x00, 0x69, 0x00, 0x07, 
    0x00, 0x09, 0x08, 0x07, 0x09, 0x69, 0x00, 0x02, 0x02, 0x0e, 0x4d, 0x00, 
    0x05, 0x05, 0x01, 0x61, 0x00, 0x01, 0x01, 0x14, 0x4d, 0x0b, 0x01, 0x03, 
    0x03, 0x0f, 0x4d, 0x0e, 0x01, 0x08, 0x08, 0x06, 0x62, 0x0d, 0x01, 0x06, 
    0x06, 0x15, 0x06, 0x4e, 0x59, 0x40, 0x2b, 0x29, 0x28, 0x1d, 0x1c, 0x11, 
    0x10, 0x0c, 0x0c, 0x01, 0x00, 0x2f, 0x2d, 0x28, 0x33, 0x29, 0x33, 0x23, 
    0x21, 0x1c, 0x27, 0x1d, 0x27, 0x17, 0x15, 0x10, 0x1b, 0x11, 0x1b, 0x0c, 
    0x0f, 0x0c, 0x0f, 0x0e, 0x0d, 0x07, 0x05, 0x00, 0x0b, 0x01, 0x0b, 0x0f, 
    0x07, 0x16, 0x2b, 0x13, 0x22, 0x26, 0x35, 0x34, 0x36, 0x33, 0x32, 0x16, 
    0x15, 0x14, 0x06, 0x03, 0x01, 0x33, 0x01, 0x13, 0x32, 0x36, 0x35, 0x34, 
    0x26, 0x23, 0x22, 0x06, 0x15, 0x14, 0x16, 0x01, 0x22, 0x26, 0x35, 0x34, 
    0x36, 0x33, 0x32, 0x16, 0x15, 0x14, 0x06, 0x27, 0x32, 0x36, 0x35, 0x34, 
    0x26, 0x23, 0x22, 0x06, 0x15, 0x14, 0x16, 0xa3, 0x48, 0x39, 0x39, 0x48, 
    0x49, 0x3a, 0x3a, 0xc0, 0x01, 0xaa, 0x4e, 0xfe, 0x55, 0x2a, 0x23, 0x1c, 
    0x1c, 0x23, 0x22, 0x1b, 0x1b, 0x01, 0x31, 0x48, 0x39, 0x39, 0x48, 0x49, 
    0x3a, 0x3a, 0x49, 0x23, 0x1c, 0x1c, 0x23, 0x22, 0x1b, 0x1b, 0x01, 0x99, 
    0x3d, 0x4d, 0x4f, 0x3f, 0x3f, 0x4f, 0x4d, 0x3d, 0xfe, 0x67, 0x02, 0xa8, 
    0xfd, 0x58, 0x01, 0xd7, 0x22, 0x2a, 0x2f, 0x24, 0x24, 0x2f, 0x2a, 0x22, 
    0xfe, 0x20, 0x3d, 0x4d, 0x4f, 0x3f, 0x3f, 0x4f, 0x4d, 0x3d, 0x3e, 0x22, 
    0x2a, 0x2f, 0x24, 0x24, 0x2f, 0x2a, 0x22, 0x00, 0x00, 0x03, 0x00, 0x4d, 
    0xff, 0xf6, 0x02, 0x58, 0x02, 0xb2, 0x00, 0x26, 0x00, 0x34, 0x00, 0x40, 
    0x00, 0x72, 0x40, 0x10, 0x3d, 0x28, 0x1d, 0x0d, 0x04, 0x02, 0x04, 0x3c, 
    0x25, 0x1e, 0x01, 0x04, 0x05, 0x02, 0x02, 0x4c, 0x4b, 0xb0, 0x18, 0x50, 
    0x58, 0x40, 0x1f, 0x00, 0x02, 0x04, 0x05, 0x04, 0x02, 0x05, 0x80, 0x00, 
    0x04, 0x04, 0x01, 0x61, 0x00, 0x01, 0x01, 0x14, 0x4d, 0x00, 0x05, 0x05, 
    0x00, 0x61, 0x06, 0x03, 0x02, 0x00, 0x00, 0x15, 0x00, 0x4e, 0x1b, 0x40, 
    0x23, 0x00, 0x02, 0x04, 0x05, 0x04, 0x02, 0x05, 0x80, 0x00, 0x04, 0x04, 
    0x01, 0x61, 0x00, 0x01, 0x01, 0x14, 0x4d, 0x06, 0x01, 0x03, 0x03, 0x0f, 
    0x4d, 0x00, 0x05, 0x05, 0x00, 0x61, 0x00, 0x00, 0x00, 0x15, 0x00, 0x4e, 
    0x59, 0x40, 0x10, 0x00, 0x00, 0x3a, 0x38, 0x30, 0x2e, 0x00, 0x26, 0x00, 
    0x26, 0x1b, 0x2e, 0x24, 0x07, 0x07, 0x19, 0x2b, 0x21, 0x27, 0x0e, 0x02, 
    0x23, 0x22, 0x2e, 0x01, 0x35, 0x34, 0x36, 0x3f, 0x01, 0x27, 0x2e, 0x01, 
    0x35, 0x34, 0x3e, 0x01, 0x33, 0x32, 0x1e, 0x01, 0x15, 0x14, 0x06, 0x0f, 
    0x01, 0x17, 0x3e, 0x01, 0x35, 0x33, 0x16, 0x06, 0x07, 0x17, 0x01, 0x17, 
    0x37, 0x3e, 0x01, 0x35, 0x34, 0x26, 0x23, 0x22, 0x06, 0x15, 0x14, 0x16, 
    0x03, 0x14, 0x1e, 0x01, 0x33, 0x32, 0x36, 0x37, 0x27, 0x07, 0x0e, 0x01, 
    0x02, 0x04, 0x39, 0x12, 0x2e, 0x48, 0x38, 0x4c, 0x52, 0x20, 0x1d, 0x25, 
    0x3f, 0x3e, 0x12, 0x0c, 0x1c, 0x48, 0x41, 0x42, 0x47, 0x1c, 0x18, 0x23, 
    0x55, 0x91, 0x03, 0x03, 0x41, 0x01, 0x0e, 0x13, 0x74, 0xfe, 0x6e, 0x3c, 
    0x49, 0x1b, 0x13, 0x26, 0x3b, 0x3d, 0x26, 0x07, 0x29, 0x15, 0x34, 0x30, 
    0x3d, 0x3d, 0x18, 0xa5, 0x37, 0x19, 0x16, 0x47, 0x20, 0x23, 0x0e, 0x1d, 
    0x4b, 0x45, 0x46, 0x4b, 0x1c, 0x31, 0x4e, 0x17, 0x2b, 0x20, 0x34, 0x37, 
    0x16, 0x15, 0x36, 0x31, 0x2d, 0x34, 0x1c, 0x44, 0xb4, 0x0d, 0x3a, 0x35, 
    0x40, 0x4a, 0x22, 0x91, 0x01, 0xf5, 0x4b, 0x38, 0x15, 0x23, 0x1b, 0x25, 
    0x17, 0x19, 0x28, 0x13, 0x1c, 0xfe, 0xa5, 0x2c, 0x2f, 0x11, 0x1d, 0x28, 
    0xcd, 0x2c, 0x14, 0x36, 0x00, 0x01, 0x00, 0xfd, 0x01, 0xd0, 0x01, 0x5b, 
    0x02, 0xea, 0x00, 0x05, 0x00, 0x3c, 0xb5, 0x01, 0x01, 0x01, 0x00, 0x01, 
    0x4c, 0x4b, 0xb0, 0x29, 0x50, 0x58, 0x40, 0x0c, 0x02, 0x01, 0x01, 0x01, 
    0x00, 0x5f, 0x00, 0x00, 0x00, 0x10, 0x01, 0x4e, 0x1b, 0x40, 0x11, 0x00, 
    0x00, 0x01, 0x01, 0x00, 0x57, 0x00, 0x00, 0x00, 0x01, 0x5f, 0x02, 0x01, 
    0x01, 0x00, 0x01, 0x4f, 0x59, 0x40, 0x0a, 0x00, 0x00, 0x00, 0x05, 0x00, 
    0x05, 0x12, 0x03, 0x07, 0x17, 0x2b, 0x01, 0x27, 0x35, 0x33, 0x15, 0x07, 
    0x01, 0x0d, 0x10, 0x5e, 0x0e, 0x01, 0xd0, 0xd3, 0x47, 0x47, 0xd3, 0x00, 
    0x00, 0x01, 0x00, 0xd8, 0xff, 0x7a, 0x01, 0xda, 0x02, 0xec, 0x00, 0x1e, 
    0x00, 0x1f, 0x40, 0x1c, 0x00, 0x01, 0x00, 0x02, 0x01, 0x4c, 0x00, 0x00, 
    0x02, 0x00, 0x86, 0x00, 0x02, 0x02, 0x01, 0x61, 0x00, 0x01, 0x01, 0x16, 
    0x02, 0x4e, 0x11, 0x1d, 0x11, 0x03, 0x07, 0x19, 0x2b, 0x05, 0x17, 0x2e, 
    0x02, 0x27, 0x2e, 0x01, 0x35, 0x34, 0x36, 0x37, 0x3e, 0x03, 0x37, 0x07, 
    0x0e, 0x02, 0x07, 0x0e, 0x01, 0x15, 0x14, 0x16, 0x17, 0x1e, 0x02, 0x01, 
    0xd9, 0x01, 0x4d, 0x60, 0x35, 0x0e, 0x08, 0x0a, 0x09, 0x0a, 0x0e, 0x2f, 
    0x3e, 0x4a, 0x2a, 0x01, 0x34, 0x3f, 0x24, 0x0a, 0x08, 0x08, 0x09, 0x07, 
    0x0a, 0x23, 0x40, 0x31, 0x55, 0x01, 0x2f, 0x5f, 0x4a, 0x2d, 0x76, 0x40, 
    0x3b, 0x74, 0x31, 0x48, 0x54, 0x2b, 0x0e, 0x01, 0x55, 0x03, 0x1f, 0x42, 
    0x37, 0x2d, 0x69, 0x2f, 0x32, 0x6a, 0x2a, 0x38, 0x43, 0x21, 0x00, 0x00, 
    0x00, 0x01, 0x00, 0x7e, 0xff, 0x7a, 0x01, 0x80, 0x02, 0xec, 0x00, 0x1c, 
    0x00, 0x25, 0x40, 0x22, 0x01, 0x01, 0x02, 0x00, 0x01, 0x4c, 0x03, 0x01, 
    0x02, 0x00, 0x02, 0x86, 0x00, 0x00, 0x00, 0x01, 0x61, 0x00, 0x01, 0x01, 
    0x16, 0x00, 0x4e, 0x00, 0x00, 0x00, 0x1c, 0x00, 0x1c, 0x11, 0x1d, 0x04, 
    0x07, 0x18, 0x2b, 0x17, 0x37, 0x3e, 0x02, 0x37, 0x3e, 0x01, 0x35, 0x34, 
    0x26, 0x27, 0x2e, 0x01, 0x2f, 0x01, 0x1e, 0x02, 0x17, 0x1e, 0x01, 0x15, 
    0x14, 0x06, 0x07, 0x0e, 0x02, 0x7e, 0x01, 0x32, 0x3f, 0x26, 0x0a, 0x08, 
    0x07, 0x06, 0x09, 0x10, 0x4d, 0x44, 0x01, 0x45, 0x5e, 0x3b, 0x10, 0x0b, 
    0x09, 0x09, 0x0b, 0x11, 0x3b, 0x5e, 0x86, 0x55, 0x06, 0x21, 0x44, 0x39, 
    0x29, 0x65, 0x34, 0x2e, 0x69, 0x2e, 0x56, 0x43, 0x04, 0x55, 0x02, 0x29, 
    0x5d, 0x52, 0x37, 0x77, 0x2f, 0x3a, 0x73, 0x33, 0x52, 0x5f, 0x29, 0x00, 
    0x00, 0x01, 0x00, 0x58, 0x00, 0x95, 0x02, 0x01, 0x02, 0x29, 0x00, 0x18, 
    0x00, 0x00, 0x3f, 0x02, 0x2f, 0x01, 0x37, 0x1f, 0x01, 0x27, 0x35, 0x33, 
    0x15, 0x07, 0x3f, 0x01, 0x17, 0x0f, 0x01, 0x1f, 0x01, 0x07, 0x2f, 0x01, 
    0x0f, 0x01, 0x92, 0x2f, 0x48, 0x64, 0x4d, 0x17, 0x4d, 0x5a, 0x10, 0x4c, 
    0x10, 0x5a, 0x4d, 0x18, 0x4d, 0x64, 0x47, 0x30, 0x3d, 0x30, 0x2d, 0x2e, 
    0x30, 0xc2, 0x41, 0x48, 0x0f, 0x19, 0x49, 0x19, 0x2f, 0x64, 0x51, 0x51, 
    0x64, 0x2e, 0x19, 0x48, 0x19, 0x10, 0x47, 0x41, 0x2d, 0x42, 0x5a, 0x5b, 
    0x41, 0x00, 0x00, 0x00, 0x00, 0x01, 0x00, 0x54, 0x00, 0x4c, 0x02, 0x04, 
    0x02, 0x1a, 0x00, 0x0b, 0x00, 0x4d, 0x4b, 0xb0, 0x18, 0x50, 0x58, 0x40, 
    0x16, 0x03, 0x01, 0x01, 0x04, 0x01, 0x00, 0x05, 0x01, 0x00, 0x67, 0x06, 
    0x01, 0x05, 0x05, 0x02, 0x5f, 0x00, 0x02, 0x02, 0x11, 0x05, 0x4e, 0x1b, 
    0x40, 0x1b, 0x00, 0x02, 0x01, 0x05, 0x02, 0x57, 0x03, 0x01, 0x01, 0x04, 
    0x01, 0x00, 0x05, 0x01, 0x00, 0x67, 0x00, 0x02, 0x02, 0x05, 0x5f, 0x06, 
    0x01, 0x05, 0x02, 0x05, 0x4f, 0x59, 0x40, 0x0e, 0x00, 0x00, 0x00, 0x0b, 
    0x00, 0x0b, 0x11, 0x11, 0x11, 0x11, 0x11, 0x07, 0x07, 0x1b, 0x2b, 0x25, 
    0x35, 0x23, 0x35, 0x33, 0x35, 0x33, 0x15, 0x33, 0x15, 0x23, 0x15, 0x01, 
    0x08, 0xb4, 0xb4, 0x48, 0xb4, 0xb4, 0x4c, 0xc7, 0x46, 0xc1, 0xc1, 0x46, 
    0xc7, 0x00, 0x00, 0x00, 0x00, 0x01, 0x00, 0xca, 0xff, 0x59, 0x01, 0x68, 
    0x00, 0x73, 0x00, 0x09, 0x00, 0x17, 0x40, 0x14, 0x00, 0x00, 0x01, 0x00, 
    0x85, 0x02, 0x01, 0x01, 0x01, 0x76, 0x00, 0x00, 0x00, 0x09, 0x00, 0x09, 
    0x14, 0x03, 0x07, 0x17, 0x2b, 0x17, 0x37, 0x36, 0x3d, 0x01, 0x33, 0x15, 
    0x14, 0x0f, 0x01, 0xca, 0x3d, 0x03, 0x5e, 0x07, 0x57, 0xa7, 0xc2, 0x08, 
    0x0c, 0x44, 0x40, 0x0d, 0x0e, 0xbf, 0x00, 0x00, 0x00, 0x01, 0x00, 0x77, 
    0x01, 0x0a, 0x01, 0xe1, 0x01, 0x5c, 0x00, 0x03, 0x00, 0x1e, 0x40, 0x1b, 
    0x00, 0x00, 0x01, 0x01, 0x00, 0x57, 0x00, 0x00, 0x00, 0x01, 0x5f, 0x02, 
    0x01, 0x01, 0x00, 0x01, 0x4f, 0x00, 0x00, 0x00, 0x03, 0x00, 0x03, 0x11, 
    0x03, 0x07, 0x17, 0x2b, 0x13, 0x35, 0x21, 0x15, 0x77, 0x01, 0x6a, 0x01, 
    0x0a, 0x52, 0x52, 0x00, 0x00, 0x01, 0x00, 0xe9, 0x00, 0x00, 0x01, 0x6f, 
    0x00, 0x86, 0x00, 0x03, 0x00, 0x19, 0x40, 0x16, 0x00, 0x00, 0x00, 0x01, 
    0x5f, 0x02, 0x01, 0x01, 0x01, 0x0f, 0x01, 0x4e, 0x00, 0x00, 0x00, 0x03, 
    0x00, 0x03, 0x11, 0x03, 0x07, 0x17, 0x2b, 0x33, 0x35, 0x33, 0x15, 0xe9, 
    0x86, 0x86, 0x86, 0x00, 0x00, 0x01, 0x00, 0x54, 0xff, 0xae, 0x02, 0x04, 
    0x03, 0x0c, 0x00, 0x03, 0x00, 0x00, 0x17, 0x01, 0x33, 0x01, 0x54, 0x01, 
    0x5c, 0x54, 0xfe, 0xa4, 0x52, 0x03, 0x5e, 0xfc, 0xa2, 0x00, 0x00, 0x00, 
    0x00, 0x02, 0x00, 0x47, 0xff, 0xf6, 0x02, 0x11, 0x02, 0xb2, 0x00, 0x1b, 
    0x00, 0x37, 0x00, 0x1f, 0x40, 0x1c, 0x00, 0x03, 0x03, 0x00, 0x61, 0x00, 
    0x00, 0x00, 0x14, 0x4d, 0x00, 0x02, 0x02, 0x01, 0x61, 0x00, 0x01, 0x01, 
    0x15, 0x01, 0x4e, 0x2c, 0x26, 0x2c, 0x29, 0x04, 0x07, 0x1a, 0x2b, 0x37, 
    0x2e, 0x01, 0x35, 0x34, 0x36, 0x37, 0x3e, 0x02, 0x33, 0x32, 0x1e, 0x01, 
    0x17, 0x1e, 0x01, 0x15, 0x14, 0x06, 0x07, 0x0e, 0x02, 0x23, 0x22, 0x2e, 
    0x01, 0x37, 0x1e, 0x02, 0x33, 0x32, 0x3e, 0x01, 0x37, 0x3e, 0x01, 0x35, 
    0x34, 0x26, 0x27, 0x2e, 0x02, 0x23, 0x22, 0x0e, 0x01, 0x07, 0x0e, 0x01, 
    0x15, 0x14, 0x16, 0x5d, 0x0a, 0x0c, 0x0c, 0x0a, 0x0e, 0x2a, 0x50, 0x47, 
    0x48, 0x4f, 0x2a, 0x0e, 0x0b, 0x0b, 0x0b, 0x0b, 0x0e, 0x2a, 0x50, 0x47, 
    0x47, 0x50, 0x2a, 0x3d, 0x0a, 0x1a, 0x33, 0x2d, 0x2e, 0x32, 0x1b, 0x09, 
    0x08, 0x07, 0x07, 0x08, 0x09, 0x1b, 0x32, 0x2e, 0x2d, 0x33, 0x1a, 0x0a, 
    0x07, 0x08, 0x08, 0x8a, 0x2c, 0x60, 0x3e, 0x3e, 0x60, 0x2c, 0x3d, 0x40, 
    0x17, 0x17, 0x40, 0x3d, 0x2c, 0x60, 0x3e, 0x3e, 0x60, 0x2c, 0x3d, 0x40, 
    0x17, 0x17, 0x40, 0x5e, 0x2d, 0x2e, 0x10, 0x10, 0x2e, 0x2d, 0x26, 0x51, 
    0x32, 0x32, 0x52, 0x25, 0x2d, 0x2e, 0x10, 0x10, 0x2e, 0x2d, 0x25, 0x52, 
    0x32, 0x32, 0x51, 0x00, 0x00, 0x01, 0x00, 0x6c, 0x00, 0x00, 0x01, 0x95, 
    0x02, 0xa8, 0x00, 0x06, 0x00, 0x21, 0x40, 0x1e, 0x03, 0x02, 0x01, 0x03, 
    0x01, 0x00, 0x01, 0x4c, 0x00, 0x00, 0x00, 0x0e, 0x4d, 0x02, 0x01, 0x01, 
    0x01, 0x0f, 0x01, 0x4e, 0x00, 0x00, 0x00, 0x06, 0x00, 0x06, 0x14, 0x03, 
    0x07, 0x17, 0x2b, 0x21, 0x11, 0x07, 0x35, 0x37, 0x33, 0x11, 0x01, 0x45, 
    0xd9, 0xcb, 0x5e, 0x02, 0x50, 0x9b, 0x61, 0x92, 0xfd, 0x58, 0x00, 0x00, 
    0x00, 0x01, 0x00, 0x4e, 0x00, 0x00, 0x02, 0x0e, 0x02, 0xb2, 0x00, 0x27, 
    0x00, 0x35, 0x40, 0x32, 0x24, 0x01, 0x02, 0x03, 0x01, 0x01, 0x4c, 0x00, 
    0x01, 0x00, 0x03, 0x00, 0x01, 0x03, 0x80, 0x00, 0x00, 0x00, 0x02, 0x61, 
    0x00, 0x02, 0x02, 0x14, 0x4d, 0x00, 0x03, 0x03, 0x04, 0x5f, 0x05, 0x01, 
    0x04, 0x04, 0x0f, 0x04, 0x4e, 0x00, 0x00, 0x00, 0x27, 0x00, 0x27, 0x1d, 
    0x23, 0x13, 0x2d, 0x06, 0x07, 0x1a, 0x2b, 0x33, 0x35, 0x3e, 0x03, 0x37, 
    0x3e, 0x02, 0x35, 0x34, 0x2e, 0x01, 0x23, 0x22, 0x0e, 0x01, 0x07, 0x23, 
    0x3e, 0x02, 0x33, 0x32, 0x1e, 0x01, 0x15, 0x14, 0x0e, 0x01, 0x07, 0x0e, 
    0x03, 0x07, 0x15, 0x21, 0x15, 0x5c, 0x4a, 0x63, 0x40, 0x2a, 0x11, 0x12, 
    0x12, 0x07, 0x15, 0x3a, 0x38, 0x34, 0x38, 0x18, 0x04, 0x52, 0x05, 0x25, 
    0x5c, 0x54, 0x58, 0x5d, 0x22, 0x0a, 0x1b, 0x1b, 0x12, 0x29, 0x3a, 0x59, 
    0x42, 0x01, 0x5f, 0x77, 0x40, 0x58, 0x3c, 0x2d, 0x15, 0x16, 0x20, 0x23, 
    0x18, 0x2b, 0x2d, 0x11, 0x0f, 0x2a, 0x28, 0x47, 0x4a, 0x1b, 0x1d, 0x4e, 
    0x4a, 0x22, 0x31, 0x2f, 0x1f, 0x15, 0x2c, 0x39, 0x50, 0x3b, 0x0b, 0x4c, 
    0x00, 0x01, 0x00, 0x50, 0xff, 0xf7, 0x01, 0xf2, 0x02, 0xa8, 0x00, 0x1e, 
    0x00, 0x31, 0x40, 0x2e, 0x13, 0x0d, 0x0c, 0x01, 0x04, 0x00, 0x01, 0x00, 
    0x01, 0x03, 0x00, 0x02, 0x4c, 0x12, 0x01, 0x01, 0x01, 0x4b, 0x00, 0x01, 
    0x01, 0x02, 0x5f, 0x00, 0x02, 0x02, 0x0e, 0x4d, 0x00, 0x00, 0x00, 0x03, 
    0x61, 0x00, 0x03, 0x03, 0x15, 0x03, 0x4e, 0x29, 0x11, 0x18, 0x24, 0x04, 
    0x07, 0x1a, 0x2b, 0x37, 0x35, 0x1e, 0x02, 0x33, 0x32, 0x36, 0x35, 0x34, 
    0x2e, 0x01, 0x07, 0x35, 0x37, 0x21, 0x35, 0x21, 0x15, 0x07, 0x36, 0x1e, 
    0x01, 0x15, 0x14, 0x0e, 0x01, 0x23, 0x22, 0x2e, 0x01, 0x50, 0x0c, 0x3a, 
    0x4a, 0x21, 0x5c, 0x48, 0x26, 0x60, 0x58, 0xac, 0xfe, 0xeb, 0x01, 0x70, 
    0xbd, 0x57, 0x62, 0x28, 0x2b, 0x68, 0x5d, 0x22, 0x49, 0x39, 0x19, 0x57, 
    0x05, 0x17, 0x13, 0x42, 0x54, 0x3b, 0x37, 0x0b, 0x0a, 0x5d, 0xbb, 0x46, 
    0x46, 0xce, 0x08, 0x1d, 0x58, 0x53, 0x55, 0x61, 0x27, 0x0d, 0x10, 0x00, 
    0x00, 0x01, 0x00, 0x5d, 0x00, 0x00, 0x02, 0x1f, 0x02, 0xb2, 0x00, 0x0f, 
    0x00, 0x5b, 0xb6, 0x04, 0x01, 0x02, 0x01, 0x02, 0x01, 0x4c, 0x4b, 0xb0, 
    0x31, 0x50, 0x58, 0x40, 0x1b, 0x03, 0x01, 0x01, 0x07, 0x06, 0x02, 0x04, 
    0x05, 0x01, 0x04, 0x68, 0x00, 0x00, 0x00, 0x0e, 0x4d, 0x00, 0x02, 0x02, 
    0x05, 0x5f, 0x00, 0x05, 0x05, 0x0f, 0x05, 0x4e, 0x1b, 0x40, 0x1b, 0x00, 
    0x00, 0x02, 0x00, 0x85, 0x03, 0x01, 0x01, 0x07, 0x06, 0x02, 0x04, 0x05, 
    0x01, 0x04, 0x68, 0x00, 0x02, 0x02, 0x05, 0x5f, 0x00, 0x05, 0x05, 0x0f, 
    0x05, 0x4e, 0x59, 0x40, 0x0f, 0x00, 0x00, 0x00, 0x0f, 0x00, 0x0f, 0x11, 
    0x11, 0x11, 0x11, 0x12, 0x12, 0x08, 0x07, 0x1c, 0x2b, 0x37, 0x35, 0x13, 
    0x33, 0x03, 0x15, 0x33, 0x35, 0x33, 0x15, 0x33, 0x15, 0x23, 0x15, 0x23, 
    0x35, 0x5d, 0xe6, 0x55, 0xeb, 0xc4, 0x4c, 0x62, 0x62, 0x4c, 0x81, 0x61, 
    0x01, 0xd0, 0xfe, 0x26, 0x0f, 0xa9, 0xa9, 0x48, 0x81, 0x81, 0x00, 0x00, 
    0x00, 0x01, 0x00, 0x54, 0xff, 0xf9, 0x01, 0xf9, 0x02, 0xa8, 0x00, 0x26, 
    0x00, 0x37, 0x40, 0x34, 0x16, 0x01, 0x01, 0x03, 0x11, 0x01, 0x02, 0x00, 
    0x01, 0x00, 0x01, 0x04, 0x00, 0x03, 0x4c, 0x00, 0x01, 0x03, 0x00, 0x03, 
    0x01, 0x00, 0x80, 0x00, 0x03, 0x03, 0x02, 0x5f, 0x00, 0x02, 0x02, 0x0e, 
    0x4d, 0x00, 0x00, 0x00, 0x04, 0x61, 0x00, 0x04, 0x04, 0x15, 0x04, 0x4e, 
    0x2d, 0x11, 0x13, 0x18, 0x24, 0x05, 0x07, 0x1b, 0x2b, 0x37, 0x35, 0x1e, 
    0x02, 0x33, 0x32, 0x3e, 0x01, 0x35, 0x34, 0x2e, 0x01, 0x27, 0x26, 0x0e, 
    0x01, 0x07, 0x13, 0x21, 0x15, 0x05, 0x07, 0x3e, 0x01, 0x17, 0x1e, 0x03, 
    0x15, 0x14, 0x0e, 0x02, 0x23, 0x22, 0x2e, 0x01, 0x54, 0x0e, 0x43, 0x50, 
    0x21, 0x3d, 0x3f, 0x17, 0x12, 0x32, 0x2f, 0x19, 0x4e, 0x4d, 0x19, 0x1f, 
    0x01, 0x54, 0xfe, 0xf1, 0x11, 0x0d, 0x45, 0x28, 0x3c, 0x4c, 0x2b, 0x10, 
    0x14, 0x34, 0x5d, 0x4a, 0x26, 0x49, 0x39, 0x1b, 0x58, 0x08, 0x16, 0x11, 
    0x17, 0x40, 0x3c, 0x34, 0x39, 0x1b, 0x06, 0x04, 0x02, 0x07, 0x07, 0x01, 
    0x4f, 0x48, 0x02, 0xb2, 0x02, 0x07, 0x04, 0x05, 0x18, 0x2f, 0x4f, 0x3d, 
    0x45, 0x58, 0x30, 0x13, 0x0c, 0x10, 0x00, 0x00, 0x00, 0x02, 0x00, 0x52, 
    0xff, 0xf6, 0x02, 0x0e, 0x02, 0xb2, 0x00, 0x1e, 0x00, 0x2e, 0x00, 0x4e, 
    0x4b, 0xb0, 0x31, 0x50, 0x58, 0x40, 0x19, 0x00, 0x00, 0x00, 0x04, 0x03, 
    0x00, 0x04, 0x6a, 0x00, 0x02, 0x02, 0x0e, 0x4d, 0x05, 0x01, 0x03, 0x03, 
    0x01, 0x61, 0x00, 0x01, 0x01, 0x15, 0x01, 0x4e, 0x1b, 0x40, 0x19, 0x00, 
    0x02, 0x00, 0x02, 0x85, 0x00, 0x00, 0x00, 0x04, 0x03, 0x00, 0x04, 0x6a, 
    0x05, 0x01, 0x03, 0x03, 0x01, 0x61, 0x00, 0x01, 0x01, 0x15, 0x01, 0x4e, 
    0x59, 0x40, 0x0e, 0x20, 0x1f, 0x28, 0x26, 0x1f, 0x2e, 0x20, 0x2e, 0x19, 
    0x28, 0x24, 0x06, 0x07, 0x19, 0x2b, 0x13, 0x17, 0x3e, 0x02, 0x33, 0x32, 
    0x1e, 0x02, 0x15, 0x14, 0x0e, 0x02, 0x23, 0x22, 0x2e, 0x02, 0x35, 0x34, 
    0x3e, 0x02, 0x37, 0x33, 0x0e, 0x03, 0x13, 0x32, 0x3e, 0x01, 0x35, 0x34, 
    0x2e, 0x01, 0x23, 0x22, 0x0e, 0x01, 0x15, 0x14, 0x1e, 0x01, 0xa9, 0x05, 
    0x0a, 0x1b, 0x35, 0x2f, 0x42, 0x54, 0x2f, 0x12, 0x12, 0x30, 0x55, 0x44, 
    0x45, 0x58, 0x31, 0x13, 0x15, 0x36, 0x63, 0x4d, 0x71, 0x4c, 0x63, 0x3c, 
    0x21, 0x84, 0x38, 0x3b, 0x15, 0x18, 0x3f, 0x3d, 0x38, 0x3b, 0x15, 0x18, 
    0x40, 0x01, 0x70, 0x04, 0x18, 0x19, 0x09, 0x12, 0x2e, 0x53, 0x41, 0x43, 
    0x57, 0x2f, 0x13, 0x14, 0x32, 0x5b, 0x47, 0x4b, 0x73, 0x65, 0x6c, 0x45, 
    0x43, 0x5e, 0x45, 0x3c, 0xfe, 0xb0, 0x17, 0x3d, 0x3a, 0x3a, 0x3d, 0x17, 
    0x16, 0x3b, 0x39, 0x3c, 0x3f, 0x17, 0x00, 0x00, 0x00, 0x01, 0x00, 0x53, 
    0xff, 0xf6, 0x01, 0xfd, 0x02, 0xa8, 0x00, 0x06, 0x00, 0x42, 0xb5, 0x05, 
    0x01, 0x02, 0x00, 0x01, 0x4c, 0x4b, 0xb0, 0x31, 0x50, 0x58, 0x40, 0x11, 
    0x00, 0x00, 0x00, 0x01, 0x5f, 0x00, 0x01, 0x01, 0x0e, 0x4d, 0x03, 0x01, 
    0x02, 0x02, 0x0f, 0x02, 0x4e, 0x1b, 0x40, 0x11, 0x03, 0x01, 0x02, 0x00, 
    0x02, 0x86, 0x00, 0x00, 0x00, 0x01, 0x5f, 0x00, 0x01, 0x01, 0x0e, 0x00, 
    0x4e, 0x59, 0x40, 0x0b, 0x00, 0x00, 0x00, 0x06, 0x00, 0x06, 0x11, 0x11, 
    0x04, 0x07, 0x18, 0x2b, 0x17, 0x01, 0x21, 0x35, 0x21, 0x15, 0x01, 0x82, 
    0x01, 0x2f, 0xfe, 0xa2, 0x01, 0xaa, 0xfe, 0xde, 0x0a, 0x02, 0x65, 0x4d, 
    0x66, 0xfd, 0xb4, 0x00, 0x00, 0x03, 0x00, 0x4a, 0xff, 0xf6, 0x02, 0x0e, 
    0x02, 0xb2, 0x00, 0x23, 0x00, 0x33, 0x00, 0x43, 0x00, 0x28, 0x40, 0x25, 
    0x11, 0x01, 0x03, 0x02, 0x01, 0x4c, 0x00, 0x02, 0x02, 0x00, 0x61, 0x00, 
    0x00, 0x00, 0x14, 0x4d, 0x00, 0x03, 0x03, 0x01, 0x61, 0x00, 0x01, 0x01, 
    0x15, 0x01, 0x4e, 0x3d, 0x3b, 0x2d, 0x2b, 0x1c, 0x1a, 0x28, 0x04, 0x07, 
    0x17, 0x2b, 0x13, 0x35, 0x2e, 0x02, 0x35, 0x34, 0x3e, 0x01, 0x33, 0x32, 
    0x1e, 0x01, 0x15, 0x14, 0x0e, 0x01, 0x07, 0x15, 0x1e, 0x02, 0x15, 0x14, 
    0x0e, 0x02, 0x23, 0x22, 0x2e, 0x02, 0x35, 0x34, 0x3e, 0x01, 0x37, 0x3e, 
    0x02, 0x35, 0x34, 0x2e, 0x01, 0x23, 0x22, 0x0e, 0x01, 0x15, 0x14, 0x1e, 
    0x01, 0x17, 0x0e, 0x02, 0x15, 0x14, 0x1e, 0x01, 0x33, 0x32, 0x3e, 0x01, 
    0x35, 0x34, 0x2e, 0x01, 0xcb, 0x2e, 0x30, 0x12, 0x21, 0x5b, 0x55, 0x56, 
    0x59, 0x21, 0x12, 0x30, 0x2e, 0x36, 0x38, 0x14, 0x13, 0x31, 0x59, 0x45, 
    0x45, 0x59, 0x31, 0x13, 0x14, 0x38, 0x95, 0x35, 0x38, 0x14, 0x14, 0x37, 
    0x35, 0x35, 0x38, 0x14, 0x14, 0x38, 0x34, 0x3c, 0x3e, 0x17, 0x17, 0x3f, 
    0x3c, 0x3c, 0x3f, 0x17, 0x17, 0x3f, 0x01, 0x6d, 0x04, 0x19, 0x2b, 0x39, 
    0x2c, 0x3f, 0x41, 0x18, 0x18, 0x41, 0x3f, 0x2c, 0x39, 0x2b, 0x19, 0x04, 
    0x1d, 0x34, 0x42, 0x35, 0x36, 0x44, 0x26, 0x0f, 0x0f, 0x26, 0x44, 0x36, 
    0x35, 0x43, 0x33, 0x3f, 0x10, 0x1e, 0x2e, 0x25, 0x24, 0x26, 0x0e, 0x0e, 
    0x26, 0x24, 0x26, 0x2e, 0x1e, 0x4e, 0x15, 0x28, 0x38, 0x2e, 0x2c, 0x30, 
    0x11, 0x11, 0x2f, 0x2c, 0x2e, 0x38, 0x29, 0x00, 0x00, 0x02, 0x00, 0x4a, 
    0xff, 0xf6, 0x02, 0x08, 0x02, 0xb2, 0x00, 0x1e, 0x00, 0x2e, 0x00, 0x55, 
    0xb5, 0x06, 0x01, 0x01, 0x03, 0x01, 0x4c, 0x4b, 0xb0, 0x31, 0x50, 0x58, 
    0x40, 0x19, 0x05, 0x01, 0x03, 0x00, 0x01, 0x00, 0x03, 0x01, 0x69, 0x00, 
    0x04, 0x04, 0x02, 0x61, 0x00, 0x02, 0x02, 0x14, 0x4d, 0x00, 0x00, 0x00, 
    0x0f, 0x00, 0x4e, 0x1b, 0x40, 0x19, 0x00, 0x00, 0x01, 0x00, 0x86, 0x05, 
    0x01, 0x03, 0x00, 0x01, 0x00, 0x03, 0x01, 0x69, 0x00, 0x04, 0x04, 0x02, 
    0x61, 0x00, 0x02, 0x02, 0x14, 0x04, 0x4e, 0x59, 0x40, 0x0e, 0x20, 0x1f, 
    0x28, 0x26, 0x1f, 0x2e, 0x20, 0x2e, 0x28, 0x29, 0x10, 0x06, 0x07, 0x19, 
    0x2b, 0x05, 0x23, 0x3e, 0x03, 0x37, 0x27, 0x0e, 0x02, 0x23, 0x22, 0x2e, 
    0x02, 0x35, 0x34, 0x3e, 0x02, 0x33, 0x32, 0x1e, 0x02, 0x15, 0x14, 0x0e, 
    0x02, 0x03, 0x32, 0x3e, 0x01, 0x35, 0x34, 0x2e, 0x01, 0x23, 0x22, 0x0e, 
    0x01, 0x15, 0x14, 0x1e, 0x01, 0x01, 0x13, 0x6c, 0x39, 0x4e, 0x35, 0x27, 
    0x12, 0x03, 0x0e, 0x1e, 0x2b, 0x24, 0x41, 0x53, 0x2e, 0x12, 0x13, 0x30, 
    0x57, 0x44, 0x45, 0x58, 0x30, 0x13, 0x15, 0x35, 0x60, 0x37, 0x3c, 0x3e, 
    0x17, 0x17, 0x3d, 0x3a, 0x3b, 0x3e, 0x17, 0x16, 0x3d, 0x0a, 0x39, 0x53, 
    0x42, 0x3d, 0x23, 0x02, 0x12, 0x14, 0x07, 0x12, 0x30, 0x56, 0x43, 0x44, 
    0x57, 0x30, 0x13, 0x12, 0x2f, 0x54, 0x42, 0x4a, 0x73, 0x68, 0x75, 0x01, 
    0x02, 0x18, 0x42, 0x3e, 0x3a, 0x3d, 0x16, 0x18, 0x40, 0x3d, 0x3b, 0x3e, 
    0x17, 0x00, 0x00, 0x00, 0x00, 0x02, 0x00, 0xe9, 0x00, 0x49, 0x01, 0x6f, 
    0x02, 0x1d, 0x00, 0x03, 0x00, 0x07, 0x00, 0x4e, 0x4b, 0xb0, 0x16, 0x50, 
    0x58, 0x40, 0x14, 0x00, 0x02, 0x05, 0x01, 0x03, 0x02, 0x03, 0x63, 0x04, 
    0x01, 0x01, 0x01, 0x00, 0x5f, 0x00, 0x00, 0x00, 0x11, 0x01, 0x4e, 0x1b, 
    0x40, 0x1a, 0x00, 0x00, 0x04, 0x01, 0x01, 0x02, 0x00, 0x01, 0x67, 0x00, 
    0x02, 0x03, 0x03, 0x02, 0x57, 0x00, 0x02, 0x02, 0x03, 0x5f, 0x05, 0x01, 
    0x03, 0x02, 0x03, 0x4f, 0x59, 0x40, 0x12, 0x04, 0x04, 0x00, 0x00, 0x04, 
    0x07, 0x04, 0x07, 0x06, 0x05, 0x00, 0x03, 0x00, 0x03, 0x11, 0x06, 0x07, 
    0x17, 0x2b, 0x13, 0x35, 0x33, 0x15, 0x03, 0x35, 0x33, 0x15, 0xe9, 0x86, 
    0x86, 0x86, 0x01, 0x97, 0x86, 0x86, 0xfe, 0xb2, 0x86, 0x86, 0x00, 0x00, 
    0x00, 0x02, 0x00, 0xbc, 0xff, 0x8b, 0x01, 0x6f, 0x01, 0xf3, 0x00, 0x03, 
    0x00, 0x0d, 0x00, 0x57, 0x4b, 0xb0, 0x1a, 0x50, 0x58, 0x40, 0x19, 0x00, 
    0x02, 0x01, 0x03, 0x01, 0x02, 0x03, 0x80, 0x05, 0x01, 0x03, 0x03, 0x84, 
    0x04, 0x01, 0x01, 0x01, 0x00, 0x5f, 0x00, 0x00, 0x00, 0x11, 0x01, 0x4e, 
    0x1b, 0x40, 0x1e, 0x00, 0x02, 0x01, 0x03, 0x01, 0x02, 0x03, 0x80, 0x05, 
    0x01, 0x03, 0x03, 0x84, 0x00, 0x00, 0x01, 0x01, 0x00, 0x57, 0x00, 0x00, 
    0x00, 0x01, 0x5f, 0x04, 0x01, 0x01, 0x00, 0x01, 0x4f, 0x59, 0x40, 0x12, 
    0x04, 0x04, 0x00, 0x00, 0x04, 0x0d, 0x04, 0x0d, 0x09, 0x08, 0x00, 0x03, 
    0x00, 0x03, 0x11, 0x06, 0x07, 0x17, 0x2b, 0x13, 0x35, 0x33, 0x15, 0x03, 
    0x37, 0x36, 0x3d, 0x01, 0x33, 0x15, 0x14, 0x0f, 0x01, 0xe9, 0x86, 0xb3, 
    0x3d, 0x03, 0x5e, 0x07, 0x57, 0x01, 0x6d, 0x86, 0x86, 0xfe, 0x1e, 0xc2, 
    0x08, 0x0c, 0x44, 0x40, 0x0d, 0x0e, 0xbf, 0x00, 0x00, 0x01, 0x00, 0x6f, 
    0x00, 0x55, 0x01, 0xe9, 0x02, 0x11, 0x00, 0x06, 0x00, 0x06, 0xb3, 0x03, 
    0x00, 0x01, 0x32, 0x2b, 0x2d, 0x01, 0x35, 0x25, 0x15, 0x0d, 0x01, 0x01, 
    0xe9, 0xfe, 0x86, 0x01, 0x7a, 0xfe, 0xe0, 0x01, 0x20, 0x55, 0xbb, 0x43, 
    0xbe, 0x52, 0x8e, 0x8b, 0x00, 0x02, 0x00, 0x44, 0x00, 0xa5, 0x02, 0x14, 
    0x01, 0xc3, 0x00, 0x03, 0x00, 0x07, 0x00, 0x2f, 0x40, 0x2c, 0x00, 0x00, 
    0x04, 0x01, 0x01, 0x02, 0x00, 0x01, 0x67, 0x00, 0x02, 0x03, 0x03, 0x02, 
    0x57, 0x00, 0x02, 0x02, 0x03, 0x5f, 0x05, 0x01, 0x03, 0x02, 0x03, 0x4f, 
    0x04, 0x04, 0x00, 0x00, 0x04, 0x07, 0x04, 0x07, 0x06, 0x05, 0x00, 0x03, 
    0x00, 0x03, 0x11, 0x06, 0x07, 0x17, 0x2b, 0x13, 0x35, 0x21, 0x15, 0x05, 
    0x35, 0x21, 0x15, 0x44, 0x01, 0xd0, 0xfe, 0x30, 0x01, 0xd0, 0x01, 0x79, 
    0x4a, 0x4a, 0xd4, 0x4a, 0x4a, 0x00, 0x00, 0x00, 0x00, 0x01, 0x00, 0x6f, 
    0x00, 0x55, 0x01, 0xe9, 0x02, 0x11, 0x00, 0x06, 0x00, 0x06, 0xb3, 0x04, 
    0x00, 0x01, 0x32, 0x2b, 0x37, 0x35, 0x2d, 0x01, 0x35, 0x05, 0x15, 0x6f, 
    0x01, 0x20, 0xfe, 0xe0, 0x01, 0x7a, 0x55, 0x51, 0x8b, 0x8e, 0x52, 0xbe, 
    0x43, 0x00, 0x00, 0x00, 0x00, 0x02, 0x00, 0x5c, 0x00, 0x00, 0x01, 0xfe, 
    0x02, 0xb1, 0x00, 0x22, 0x00, 0x26, 0x00, 0x3d, 0x40, 0x3a, 0x00, 0x01, 
    0x00, 0x03, 0x00, 0x01, 0x03, 0x80, 0x06, 0x01, 0x03, 0x04, 0x00, 0x03, 
    0x04, 0x7e, 0x00, 0x00, 0x00, 0x02, 0x61, 0x00, 0x02, 0x02, 0x14, 0x4d, 
    0x00, 0x04, 0x04, 0x05, 0x5f, 0x07, 0x01, 0x05, 0x05, 0x0f, 0x05, 0x4e, 
    0x23, 0x23, 0x00, 0x00, 0x23, 0x26, 0x23, 0x26, 0x25, 0x24, 0x00, 0x22, 
    0x00, 0x22, 0x23, 0x13, 0x2b, 0x08, 0x07, 0x19, 0x2b, 0x37, 0x35, 0x34, 
    0x3e, 0x04, 0x35, 0x34, 0x2e, 0x01, 0x23, 0x22, 0x0e, 0x01, 0x15, 0x23, 
    0x3e, 0x02, 0x33, 0x32, 0x1e, 0x02, 0x15, 0x14, 0x0e, 0x04, 0x1d, 0x01, 
    0x07, 0x35, 0x33, 0x15, 0xe8, 0x1c, 0x2d, 0x32, 0x2d, 0x1c, 0x14, 0x38, 
    0x36, 0x33, 0x34, 0x13, 0x54, 0x01, 0x20, 0x58, 0x55, 0x42, 0x53, 0x2e, 
    0x11, 0x1d, 0x2d, 0x32, 0x2d, 0x1d, 0x64, 0x78, 0xce, 0x36, 0x29, 0x2e, 
    0x19, 0x12, 0x18, 0x2c, 0x26, 0x33, 0x34, 0x13, 0x0e, 0x27, 0x26, 0x43, 
    0x46, 0x19, 0x10, 0x29, 0x4c, 0x3c, 0x30, 0x3d, 0x24, 0x17, 0x13, 0x1b, 
    0x16, 0x36, 0xce, 0x79, 0x79, 0x00, 0x00, 0x00, 0x00, 0x02, 0x00, 0x37, 
    0xff, 0xa8, 0x02, 0x20, 0x02, 0xb2, 0x00, 0x3c, 0x00, 0x4c, 0x00, 0x7e, 
    0x40, 0x0e, 0x2d, 0x01, 0x04, 0x05, 0x2b, 0x01, 0x08, 0x04, 0x18, 0x01, 
    0x02, 0x07, 0x03, 0x4c, 0x4b, 0xb0, 0x31, 0x50, 0x58, 0x40, 0x24, 0x00, 
    0x04, 0x00, 0x08, 0x07, 0x04, 0x08, 0x69, 0x09, 0x01, 0x07, 0x03, 0x01, 
    0x02, 0x06, 0x07, 0x02, 0x69, 0x00, 0x06, 0x00, 0x00, 0x06, 0x00, 0x63, 
    0x00, 0x05, 0x05, 0x01, 0x5f, 0x00, 0x01, 0x01, 0x0e, 0x05, 0x4e, 0x1b, 
    0x40, 0x2a, 0x00, 0x01, 0x00, 0x05, 0x04, 0x01, 0x05, 0x67, 0x00, 0x04, 
    0x00, 0x08, 0x07, 0x04, 0x08, 0x69, 0x09, 0x01, 0x07, 0x03, 0x01, 0x02, 
    0x06, 0x07, 0x02, 0x69, 0x00, 0x06, 0x00, 0x00, 0x06, 0x57, 0x00, 0x06, 
    0x06, 0x00, 0x5f, 0x00, 0x00, 0x06, 0x00, 0x4f, 0x59, 0x40, 0x12, 0x3e, 
    0x3d, 0x46, 0x44, 0x3d, 0x4c, 0x3e, 0x4c, 0x27, 0x38, 0x28, 0x27, 0x16, 
    0x39, 0x20, 0x0a, 0x07, 0x1d, 0x2b, 0x05, 0x23, 0x22, 0x2e, 0x02, 0x35, 
    0x11, 0x34, 0x3e, 0x02, 0x3b, 0x01, 0x32, 0x1e, 0x02, 0x1d, 0x01, 0x03, 
    0x23, 0x22, 0x26, 0x27, 0x23, 0x0e, 0x02, 0x23, 0x22, 0x2e, 0x02, 0x35, 
    0x34, 0x3e, 0x02, 0x33, 0x32, 0x1e, 0x01, 0x17, 0x33, 0x35, 0x34, 0x2e, 
    0x01, 0x2b, 0x01, 0x22, 0x0e, 0x01, 0x15, 0x11, 0x14, 0x1e, 0x01, 0x3b, 
    0x01, 0x37, 0x32, 0x3e, 0x01, 0x35, 0x34, 0x2e, 0x01, 0x23, 0x22, 0x0e, 
    0x01, 0x15, 0x14, 0x1e, 0x01, 0x01, 0x84, 0xab, 0x37, 0x42, 0x1f, 0x0a, 
    0x0a, 0x20, 0x42, 0x38, 0xcc, 0x2a, 0x30, 0x18, 0x07, 0x01, 0x27, 0x07, 
    0x07, 0x09, 0x07, 0x0a, 0x12, 0x1d, 0x1e, 0x36, 0x3f, 0x20, 0x09, 0x09, 
    0x1e, 0x3e, 0x35, 0x18, 0x1a, 0x16, 0x11, 0x08, 0x07, 0x18, 0x1a, 0xcd, 
    0x2a, 0x28, 0x0b, 0x0b, 0x26, 0x29, 0xad, 0x08, 0x25, 0x21, 0x0a, 0x0a, 
    0x21, 0x25, 0x2e, 0x2c, 0x0c, 0x0c, 0x2c, 0x58, 0x0a, 0x20, 0x41, 0x38, 
    0x01, 0xb4, 0x3e, 0x48, 0x22, 0x0b, 0x0b, 0x23, 0x48, 0x3e, 0x2e, 0xfe, 
    0x9e, 0x0b, 0x19, 0x11, 0x11, 0x04, 0x0b, 0x24, 0x4a, 0x3f, 0x3f, 0x49, 
    0x24, 0x0b, 0x05, 0x10, 0x13, 0x4b, 0x33, 0x2e, 0x0d, 0x0d, 0x2d, 0x31, 
    0xfe, 0x4c, 0x2b, 0x29, 0x0b, 0xc1, 0x0e, 0x30, 0x34, 0x37, 0x32, 0x0e, 
    0x0e, 0x31, 0x36, 0x35, 0x31, 0x0e, 0x00, 0x00, 0x00, 0x02, 0x00, 0x28, 
    0x00, 0x00, 0x02, 0x31, 0x02, 0xa8, 0x00, 0x07, 0x00, 0x0b, 0x00, 0x2d, 
    0x40, 0x2a, 0x00, 0x04, 0x00, 0x02, 0x01, 0x04, 0x02, 0x67, 0x00, 0x05, 
    0x05, 0x00, 0x5f, 0x00, 0x00, 0x00, 0x0e, 0x4d, 0x06, 0x03, 0x02, 0x01, 
    0x01, 0x0f, 0x01, 0x4e, 0x00, 0x00, 0x0b, 0x0a, 0x09, 0x08, 0x00, 0x07, 
    0x00, 0x07, 0x11, 0x11, 0x11, 0x07, 0x07, 0x19, 0x2b, 0x33, 0x13, 0x33, 
    0x13, 0x23, 0x27, 0x21, 0x07, 0x37, 0x33, 0x03, 0x23, 0x28, 0xc3, 0x83, 
    0xc3, 0x51, 0x32, 0xfe, 0xfc, 0x31, 0x47, 0xd9, 0x67, 0x0b, 0x02, 0xa8, 
    0xfd, 0x58, 0xaa, 0xaa, 0xf6, 0x01, 0x69, 0x00, 0x00, 0x03, 0x00, 0x63, 
    0xff, 0xf8, 0x02, 0x1c, 0x02, 0xad, 0x00, 0x1b, 0x00, 0x29, 0x00, 0x37, 
    0x00, 0x42, 0x40, 0x3f, 0x0e, 0x01, 0x05, 0x02, 0x2b, 0x01, 0x04, 0x05, 
    0x02, 0x4c, 0x00, 0x02, 0x07, 0x01, 0x05, 0x04, 0x02, 0x05, 0x67, 0x00, 
    0x03, 0x03, 0x00, 0x5f, 0x00, 0x00, 0x00, 0x0e, 0x4d, 0x00, 0x04, 0x04, 
    0x01, 0x5f, 0x06, 0x01, 0x01, 0x01, 0x0f, 0x01, 0x4e, 0x2a, 0x2a, 0x00, 
    0x00, 0x2a, 0x37, 0x2a, 0x36, 0x30, 0x2d, 0x29, 0x26, 0x1e, 0x1c, 0x00, 
    0x1b, 0x00, 0x17, 0x51, 0x08, 0x07, 0x17, 0x2b, 0x33, 0x11, 0x3e, 0x02, 
    0x33, 0x32, 0x1e, 0x02, 0x15, 0x14, 0x0e, 0x01, 0x07, 0x15, 0x1e, 0x02, 
    0x15, 0x14, 0x0e, 0x02, 0x23, 0x22, 0x2e, 0x01, 0x13, 0x33, 0x32, 0x3e, 
    0x01, 0x35, 0x34, 0x2e, 0x01, 0x27, 0x2e, 0x01, 0x22, 0x07, 0x11, 0x15, 
    0x1e, 0x01, 0x32, 0x33, 0x3e, 0x02, 0x35, 0x34, 0x2e, 0x01, 0x23, 0x63, 
    0x1f, 0x2a, 0x26, 0x19, 0x55, 0x6d, 0x3c, 0x17, 0x10, 0x2a, 0x28, 0x34, 
    0x36, 0x14, 0x17, 0x3b, 0x6a, 0x53, 0x18, 0x2b, 0x39, 0x22, 0x7e, 0x34, 
    0x35, 0x14, 0x14, 0x36, 0x33, 0x15, 0x23, 0x28, 0x1e, 0x11, 0x1f, 0x2c, 
    0x22, 0x3f, 0x42, 0x18, 0x18, 0x42, 0x3f, 0x02, 0xa8, 0x02, 0x02, 0x01, 
    0x0f, 0x27, 0x46, 0x38, 0x33, 0x39, 0x1e, 0x09, 0x03, 0x0e, 0x26, 0x41, 
    0x3a, 0x3a, 0x49, 0x29, 0x10, 0x01, 0x04, 0x01, 0x86, 0x13, 0x33, 0x30, 
    0x25, 0x29, 0x14, 0x04, 0x02, 0x02, 0x02, 0xfe, 0xd8, 0xf0, 0x02, 0x03, 
    0x01, 0x13, 0x30, 0x2c, 0x37, 0x39, 0x15, 0x00, 0x00, 0x01, 0x00, 0x5b, 
    0xff, 0xf6, 0x02, 0x1e, 0x02, 0xb2, 0x00, 0x25, 0x00, 0x30, 0x40, 0x2d, 
    0x00, 0x03, 0x04, 0x00, 0x04, 0x03, 0x00, 0x80, 0x00, 0x00, 0x05, 0x04, 
    0x00, 0x05, 0x7e, 0x00, 0x04, 0x04, 0x02, 0x61, 0x00, 0x02, 0x02, 0x14, 
    0x4d, 0x00, 0x05, 0x05, 0x01, 0x61, 0x00, 0x01, 0x01, 0x15, 0x01, 0x4e, 
    0x28, 0x23, 0x13, 0x28, 0x23, 0x10, 0x06, 0x07, 0x1c, 0x2b, 0x25, 0x33, 
    0x0e, 0x02, 0x23, 0x22, 0x2e, 0x02, 0x35, 0x34, 0x3e, 0x02, 0x33, 0x32, 
    0x1e, 0x01, 0x17, 0x23, 0x2e, 0x02, 0x23, 0x22, 0x0e, 0x02, 0x15, 0x14, 
    0x1e, 0x02, 0x33, 0x32, 0x3e, 0x01, 0x01, 0xcc, 0x52, 0x06, 0x27, 0x5a, 
    0x53, 0x48, 0x5b, 0x32, 0x14, 0x16, 0x34, 0x5b, 0x44, 0x51, 0x57, 0x26, 
    0x06, 0x52, 0x07, 0x19, 0x34, 0x2e, 0x2e, 0x3b, 0x20, 0x0d, 0x0d, 0x20, 
    0x3b, 0x2e, 0x31, 0x36, 0x1b, 0xa0, 0x45, 0x4a, 0x1b, 0x1d, 0x4c, 0x89, 
    0x6b, 0x68, 0x88, 0x4e, 0x21, 0x1c, 0x4b, 0x48, 0x29, 0x2a, 0x10, 0x17, 
    0x3b, 0x6b, 0x54, 0x54, 0x6c, 0x3c, 0x17, 0x0f, 0x29, 0x00, 0x00, 0x00, 
    0x00, 0x02, 0x00, 0x53, 0xff, 0xf9, 0x02, 0x14, 0x02, 0xae, 0x00, 0x12, 
    0x00, 0x23, 0x00, 0x2e, 0x40, 0x2b, 0x01, 0x01, 0x03, 0x00, 0x00, 0x01, 
    0x01, 0x02, 0x02, 0x4c, 0x13, 0x01, 0x03, 0x01, 0x4b, 0x00, 0x03, 0x03, 
    0x00, 0x61, 0x00, 0x00, 0x00, 0x0e, 0x4d, 0x00, 0x02, 0x02, 0x01, 0x61, 
    0x00, 0x01, 0x01, 0x0f, 0x01, 0x4e, 0x1a, 0x42, 0x4a, 0x22, 0x04, 0x07, 
    0x1a, 0x2b, 0x33, 0x11, 0x3e, 0x01, 0x32, 0x17, 0x1e, 0x03, 0x15, 0x14, 
    0x0e, 0x02, 0x23, 0x22, 0x2e, 0x01, 0x13, 0x11, 0x16, 0x32, 0x37, 0x3e, 
    0x03, 0x35, 0x34, 0x2e, 0x02, 0x27, 0x2e, 0x01, 0x53, 0x20, 0x35, 0x38, 
    0x25, 0x4b, 0x68, 0x3f, 0x1d, 0x1b, 0x46, 0x7f, 0x63, 0x10, 0x1f, 0x2b, 
    0x2e, 0x34, 0x32, 0x16, 0x31, 0x3f, 0x22, 0x0e, 0x10, 0x29, 0x49, 0x3a, 
    0x15, 0x34, 0x02, 0xa8, 0x03, 0x03, 0x04, 0x07, 0x26, 0x4d, 0x81, 0x62, 
    0x69, 0x85, 0x49, 0x1d, 0x01, 0x03, 0x02, 0x60, 0xfd, 0xea, 0x03, 0x01, 
    0x03, 0x19, 0x39, 0x62, 0x4d, 0x4b, 0x63, 0x3b, 0x1f, 0x08, 0x03, 0x03, 
    0x00, 0x01, 0x00, 0x83, 0x00, 0x00, 0x02, 0x0e, 0x02, 0xa8, 0x00, 0x0b, 
    0x00, 0x2f, 0x40, 0x2c, 0x00, 0x02, 0x00, 0x03, 0x04, 0x02, 0x03, 0x67, 
    0x00, 0x01, 0x01, 0x00, 0x5f, 0x00, 0x00, 0x00, 0x0e, 0x4d, 0x00, 0x04, 
    0x04, 0x05, 0x5f, 0x06, 0x01, 0x05, 0x05, 0x0f, 0x05, 0x4e, 0x00, 0x00, 
    0x00, 0x0b, 0x00, 0x0b, 0x11, 0x11, 0x11, 0x11, 0x11, 0x07, 0x07, 0x1b, 
    0x2b, 0x33, 0x11, 0x21, 0x15, 0x21, 0x15, 0x21, 0x15, 0x23, 0x15, 0x21, 
    0x15, 0x83, 0x01, 0x77, 0xfe, 0xdb, 0x00, 0xff, 0xff, 0x01, 0x39, 0x02, 
    0xa8, 0x4b, 0xd6, 0x4b, 0xf1, 0x4b, 0x00, 0x00, 0x00, 0x01, 0x00, 0x74, 
    0x00, 0x00, 0x02, 0x0b, 0x02, 0xa8, 0x00, 0x09, 0x00, 0x29, 0x40, 0x26, 
    0x00, 0x02, 0x00, 0x03, 0x04, 0x02, 0x03, 0x67, 0x00, 0x01, 0x01, 0x00, 
    0x5f, 0x00, 0x00, 0x00, 0x0e, 0x4d, 0x05, 0x01, 0x04, 0x04, 0x0f, 0x04, 
    0x4e, 0x00, 0x00, 0x00, 0x09, 0x00, 0x09, 0x11, 0x11, 0x11, 0x11, 0x06, 
    0x07, 0x1a, 0x2b, 0x33, 0x11, 0x21, 0x15, 0x21, 0x15, 0x21, 0x15, 0x21, 
    0x11, 0x74, 0x01, 0x97, 0xfe, 0xbb, 0x01, 0x1e, 0xfe, 0xe2, 0x02, 0xa8, 
    0x4c, 0xe2, 0x4c, 0xfe, 0xd2, 0x00, 0x00, 0x00, 0x00, 0x01, 0x00, 0x4b, 
    0xff, 0xf6, 0x02, 0x14, 0x02, 0xb2, 0x00, 0x27, 0x00, 0x42, 0x40, 0x3f, 
    0x26, 0x01, 0x05, 0x06, 0x03, 0x01, 0x01, 0x05, 0x02, 0x4c, 0x00, 0x03, 
    0x04, 0x00, 0x04, 0x03, 0x00, 0x80, 0x00, 0x00, 0x07, 0x01, 0x06, 0x05, 
    0x00, 0x06, 0x67, 0x00, 0x04, 0x04, 0x02, 0x61, 0x00, 0x02, 0x02, 0x14, 
    0x4d, 0x00, 0x05, 0x05, 0x01, 0x61, 0x00, 0x01, 0x01, 0x15, 0x01, 0x4e, 
    0x00, 0x00, 0x00, 0x27, 0x00, 0x27, 0x28, 0x23, 0x13, 0x28, 0x23, 0x11, 
    0x08, 0x07, 0x1c, 0x2b, 0x01, 0x35, 0x33, 0x11, 0x0e, 0x01, 0x23, 0x22, 
    0x2e, 0x02, 0x35, 0x34, 0x3e, 0x02, 0x33, 0x32, 0x1e, 0x01, 0x17, 0x23, 
    0x2e, 0x02, 0x23, 0x22, 0x0e, 0x02, 0x15, 0x14, 0x1e, 0x02, 0x33, 0x32, 
    0x36, 0x37, 0x35, 0x01, 0x3c, 0xd8, 0x1f, 0x6c, 0x46, 0x4c, 0x61, 0x36, 
    0x15, 0x14, 0x34, 0x5e, 0x49, 0x54, 0x5a, 0x27, 0x05, 0x53, 0x04, 0x19, 
    0x36, 0x33, 0x31, 0x3e, 0x22, 0x0d, 0x0e, 0x24, 0x41, 0x33, 0x29, 0x44, 
    0x14, 0x01, 0x23, 0x4a, 0xfe, 0xb9, 0x10, 0x20, 0x1e, 0x4d, 0x8a, 0x6d, 
    0x6b, 0x87, 0x4b, 0x1d, 0x1b, 0x48, 0x46, 0x26, 0x28, 0x0f, 0x17, 0x3b, 
    0x6a, 0x53, 0x55, 0x6d, 0x3c, 0x17, 0x13, 0x09, 0xc5, 0x00, 0x00, 0x00, 
    0x00, 0x01, 0x00, 0x4e, 0x00, 0x00, 0x02, 0x0a, 0x02, 0xa8, 0x00, 0x0b, 
    0x00, 0x27, 0x40, 0x24, 0x00, 0x01, 0x00, 0x04, 0x03, 0x01, 0x04, 0x67, 
    0x02, 0x01, 0x00, 0x00, 0x0e, 0x4d, 0x06, 0x05, 0x02, 0x03, 0x03, 0x0f, 
    0x03, 0x4e, 0x00, 0x00, 0x00, 0x0b, 0x00, 0x0b, 0x11, 0x11, 0x11, 0x11, 
    0x11, 0x07, 0x07, 0x1b, 0x2b, 0x33, 0x11, 0x33, 0x11, 0x21, 0x11, 0x33, 
    0x11, 0x23, 0x11, 0x21, 0x11, 0x4e, 0x52, 0x01, 0x18, 0x52, 0x52, 0xfe, 
    0xe8, 0x02, 0xa8, 0xfe, 0xe1, 0x01, 0x1f, 0xfd, 0x58, 0x01, 0x3d, 0xfe, 
    0xc3, 0x00, 0x00, 0x00, 0x00, 0x01, 0x00, 0x81, 0x00, 0x00, 0x01, 0xd6, 
    0x02, 0xa8, 0x00, 0x0b, 0x00, 0x29, 0x40, 0x26, 0x03, 0x01, 0x01, 0x01, 
    0x02, 0x5f, 0x00, 0x02, 0x02, 0x0e, 0x4d, 0x04, 0x01, 0x00, 0x00, 0x05, 
    0x5f, 0x06, 0x01, 0x05, 0x05, 0x0f, 0x05, 0x4e, 0x00, 0x00, 0x00, 0x0b, 
    0x00, 0x0b, 0x11, 0x11, 0x11, 0x11, 0x11, 0x07, 0x07, 0x1b, 0x2b, 0x33, 
    0x35, 0x33, 0x11, 0x23, 0x35, 0x21, 0x15, 0x23, 0x11, 0x33, 0x15, 0x81, 
    0x82, 0x7b, 0x01, 0x48, 0x7b, 0x81, 0x4c, 0x02, 0x10, 0x4c, 0x4c, 0xfd, 
    0xf0, 0x4c, 0x00, 0x00, 0x00, 0x01, 0x00, 0x4d, 0xff, 0xf6, 0x01, 0xdc, 
    0x02, 0xa8, 0x00, 0x14, 0x00, 0x22, 0x40, 0x1f, 0x00, 0x00, 0x02, 0x01, 
    0x02, 0x00, 0x01, 0x80, 0x00, 0x02, 0x02, 0x0e, 0x4d, 0x00, 0x01, 0x01, 
    0x03, 0x61, 0x00, 0x03, 0x03, 0x15, 0x03, 0x4e, 0x25, 0x14, 0x23, 0x10, 
    0x04, 0x07, 0x1a, 0x2b, 0x37, 0x33, 0x1e, 0x02, 0x33, 0x32, 0x3e, 0x01, 
    0x35, 0x11, 0x33, 0x11, 0x14, 0x0e, 0x02, 0x23, 0x22, 0x2e, 0x01, 0x4d, 
    0x52, 0x01, 0x12, 0x30, 0x2d, 0x33, 0x35, 0x13, 0x52, 0x11, 0x2c, 0x4f, 
    0x3e, 0x51, 0x55, 0x1f, 0xb2, 0x2e, 0x31, 0x12, 0x15, 0x39, 0x36, 0x01, 
    0xe3, 0xfe, 0x19, 0x3e, 0x50, 0x2c, 0x11, 0x1e, 0x51, 0x00, 0x00, 0x00, 
    0x00, 0x01, 0x00, 0x73, 0x00, 0x00, 0x02, 0x40, 0x02, 0xa8, 0x00, 0x0a, 
    0x00, 0x25, 0x40, 0x22, 0x09, 0x06, 0x03, 0x03, 0x02, 0x00, 0x01, 0x4c, 
    0x01, 0x01, 0x00, 0x00, 0x0e, 0x4d, 0x04, 0x03, 0x02, 0x02, 0x02, 0x0f, 
    0x02, 0x4e, 0x00, 0x00, 0x00, 0x0a, 0x00, 0x0a, 0x12, 0x12, 0x11, 0x05, 
    0x07, 0x19, 0x2b, 0x33, 0x11, 0x33, 0x11, 0x13, 0x33, 0x03, 0x01, 0x23, 
    0x01, 0x11, 0x73, 0x52, 0xf2, 0x60, 0xf7, 0x01, 0x20, 0x67, 0xfe, 0xec, 
    0x02, 0xa8, 0xfe, 0xbb, 0x01, 0x45, 0xfe, 0xb2, 0xfe, 0xa6, 0x01, 0x4d, 
    0xfe, 0xb3, 0x00, 0x00, 0x00, 0x01, 0x00, 0x77, 0x00, 0x00, 0x02, 0x17, 
    0x02, 0xa8, 0x00, 0x05, 0x00, 0x1f, 0x40, 0x1c, 0x00, 0x00, 0x00, 0x0e, 
    0x4d, 0x00, 0x01, 0x01, 0x02, 0x60, 0x03, 0x01, 0x02, 0x02, 0x0f, 0x02, 
    0x4e, 0x00, 0x00, 0x00, 0x05, 0x00, 0x05, 0x11, 0x11, 0x04, 0x07, 0x18, 
    0x2b, 0x33, 0x11, 0x33, 0x11, 0x21, 0x15, 0x77, 0x52, 0x01, 0x4e, 0x02, 
    0xa8, 0xfd, 0xa4, 0x4c, 0x00, 0x01, 0x00, 0x38, 0x00, 0x00, 0x02, 0x1f, 
    0x02, 0xa8, 0x00, 0x11, 0x00, 0x2e, 0x40, 0x2b, 0x0e, 0x0a, 0x02, 0x01, 
    0x00, 0x01, 0x4c, 0x00, 0x01, 0x00, 0x04, 0x03, 0x01, 0x04, 0x67, 0x02, 
    0x01, 0x00, 0x00, 0x0e, 0x4d, 0x06, 0x05, 0x02, 0x03, 0x03, 0x0f, 0x03, 
    0x4e, 0x00, 0x00, 0x00, 0x11, 0x00, 0x11, 0x14, 0x11, 0x11, 0x11, 0x11, 
    0x07, 0x07, 0x1b, 0x2b, 0x33, 0x11, 0x33, 0x13, 0x33, 0x13, 0x33, 0x11, 
    0x23, 0x11, 0x37, 0x23, 0x03, 0x23, 0x03, 0x23, 0x17, 0x11, 0x38, 0x72, 
    0x7d, 0x09, 0x7d, 0x72, 0x50, 0x09, 0x03, 0x82, 0x4f, 0x82, 0x03, 0x09, 
    0x02, 0xa8, 0xfe, 0xaa, 0x01, 0x56, 0xfd, 0x58, 0x01, 0xa8, 0xaa, 0xfe, 
    0xac, 0x01, 0x54, 0xaa, 0xfe, 0x58, 0x00, 0x00, 0x00, 0x01, 0x00, 0x47, 
    0x00, 0x00, 0x02, 0x10, 0x02, 0xa8, 0x00, 0x0d, 0x00, 0x24, 0x40, 0x21, 
    0x0a, 0x03, 0x02, 0x02, 0x00, 0x01, 0x4c, 0x01, 0x01, 0x00, 0x00, 0x0e, 
    0x4d, 0x04, 0x03, 0x02, 0x02, 0x02, 0x0f, 0x02, 0x4e, 0x00, 0x00, 0x00, 
    0x0d, 0x00, 0x0d, 0x11, 0x14, 0x11, 0x05, 0x07, 0x19, 0x2b, 0x33, 0x11, 
    0x33, 0x01, 0x33, 0x27, 0x11, 0x33, 0x11, 0x23, 0x01, 0x23, 0x17, 0x11, 
    0x47, 0x61, 0x01, 0x1c, 0x03, 0x07, 0x50, 0x62, 0xfe, 0xe5, 0x02, 0x06, 
    0x02, 0xa8, 0xfd, 0xc8, 0x90, 0x01, 0xa8, 0xfd, 0x58, 0x02, 0x38, 0x90, 
    0xfe, 0x58, 0x00, 0x00, 0x00, 0x02, 0x00, 0x3e, 0xff, 0xf6, 0x02, 0x19, 
    0x02, 0xb2, 0x00, 0x13, 0x00, 0x27, 0x00, 0x2d, 0x40, 0x2a, 0x00, 0x03, 
    0x03, 0x01, 0x61, 0x00, 0x01, 0x01, 0x14, 0x4d, 0x05, 0x01, 0x02, 0x02, 
    0x00, 0x61, 0x04, 0x01, 0x00, 0x00, 0x15, 0x00, 0x4e, 0x15, 0x14, 0x01, 
    0x00, 0x1f, 0x1d, 0x14, 0x27, 0x15, 0x27, 0x0b, 0x09, 0x00, 0x13, 0x01, 
    0x13, 0x06, 0x07, 0x16, 0x2b, 0x05, 0x22, 0x2e, 0x02, 0x35, 0x34, 0x3e, 
    0x02, 0x33, 0x32, 0x1e, 0x02, 0x15, 0x14, 0x0e, 0x02, 0x27, 0x32, 0x3e, 
    0x02, 0x35, 0x34, 0x2e, 0x02, 0x23, 0x22, 0x0e, 0x02, 0x15, 0x14, 0x1e, 
    0x02, 0x01, 0x2c, 0x49, 0x5d, 0x34, 0x14, 0x14, 0x34, 0x5d, 0x49, 0x49, 
    0x5d, 0x33, 0x14, 0x14, 0x33, 0x5d, 0x49, 0x2f, 0x3d, 0x21, 0x0d, 0x0d, 
    0x21, 0x3d, 0x2f, 0x30, 0x3c, 0x22, 0x0d, 0x0d, 0x22, 0x3c, 0x0a, 0x1d, 
    0x4c, 0x89, 0x6c, 0x6c, 0x89, 0x4c, 0x1d, 0x1d, 0x4c, 0x89, 0x6c, 0x6c, 
    0x89, 0x4c, 0x1d, 0x4c, 0x17, 0x3b, 0x6c, 0x54, 0x54, 0x6c, 0x3b, 0x17, 
    0x17, 0x3b, 0x6c, 0x54, 0x54, 0x6c, 0x3b, 0x17, 0x00, 0x02, 0x00, 0x6b, 
    0x00, 0x00, 0x02, 0x0f, 0x02, 0xac, 0x00, 0x10, 0x00, 0x1b, 0x00, 0x31, 
    0x40, 0x2e, 0x01, 0x01, 0x04, 0x00, 0x01, 0x4c, 0x00, 0x03, 0x00, 0x01, 
    0x02, 0x03, 0x01, 0x67, 0x00, 0x04, 0x04, 0x00, 0x61, 0x00, 0x00, 0x00, 
    0x0e, 0x4d, 0x05, 0x01, 0x02, 0x02, 0x0f, 0x02, 0x4e, 0x00, 0x00, 0x1b, 
    0x19, 0x13, 0x11, 0x00, 0x10, 0x00, 0x10, 0x27, 0x42, 0x06, 0x07, 0x18, 
    0x2b, 0x33, 0x11, 0x3e, 0x01, 0x32, 0x33, 0x1e, 0x02, 0x15, 0x14, 0x0e, 
    0x02, 0x2b, 0x01, 0x19, 0x01, 0x33, 0x32, 0x3e, 0x01, 0x35, 0x34, 0x2e, 
    0x01, 0x2b, 0x01, 0x6b, 0x1d, 0x28, 0x26, 0x18, 0x70, 0x7e, 0x33, 0x15, 
    0x35, 0x60, 0x4c, 0x5c, 0x53, 0x47, 0x4b, 0x1b, 0x20, 0x52, 0x4c, 0x42, 
    0x02, 0xa8, 0x03, 0x01, 0x01, 0x26, 0x5f, 0x56, 0x3f, 0x50, 0x2c, 0x11, 
    0xfe, 0xfc, 0x01, 0x4f, 0x15, 0x3a, 0x37, 0x39, 0x3c, 0x16, 0x00, 0x00, 
    0x00, 0x02, 0x00, 0x3f, 0xff, 0x9f, 0x02, 0x18, 0x02, 0xb2, 0x00, 0x17, 
    0x00, 0x2e, 0x00, 0x79, 0x40, 0x0b, 0x1d, 0x1a, 0x02, 0x03, 0x04, 0x13, 
    0x01, 0x00, 0x03, 0x02, 0x4c, 0x4b, 0xb0, 0x0a, 0x50, 0x58, 0x40, 0x23, 
    0x00, 0x04, 0x05, 0x03, 0x03, 0x04, 0x72, 0x00, 0x02, 0x00, 0x02, 0x86, 
    0x00, 0x05, 0x05, 0x01, 0x61, 0x00, 0x01, 0x01, 0x14, 0x4d, 0x07, 0x01, 
    0x03, 0x03, 0x00, 0x62, 0x06, 0x01, 0x00, 0x00, 0x15, 0x00, 0x4e, 0x1b, 
    0x40, 0x24, 0x00, 0x04, 0x05, 0x03, 0x05, 0x04, 0x03, 0x80, 0x00, 0x02, 
    0x00, 0x02, 0x86, 0x00, 0x05, 0x05, 0x01, 0x61, 0x00, 0x01, 0x01, 0x14, 
    0x4d, 0x07, 0x01, 0x03, 0x03, 0x00, 0x62, 0x06, 0x01, 0x00, 0x00, 0x15, 
    0x00, 0x4e, 0x59, 0x40, 0x17, 0x19, 0x18, 0x01, 0x00, 0x26, 0x24, 0x1c, 
    0x1b, 0x18, 0x2e, 0x19, 0x2e, 0x15, 0x14, 0x0b, 0x09, 0x00, 0x17, 0x01, 
    0x17, 0x08, 0x07, 0x16, 0x2b, 0x05, 0x22, 0x2e, 0x02, 0x35, 0x34, 0x3e, 
    0x02, 0x33, 0x32, 0x1e, 0x02, 0x15, 0x14, 0x0e, 0x01, 0x07, 0x17, 0x23, 
    0x27, 0x06, 0x27, 0x32, 0x37, 0x27, 0x33, 0x17, 0x3e, 0x01, 0x35, 0x34, 
    0x2e, 0x02, 0x23, 0x22, 0x0e, 0x02, 0x15, 0x14, 0x1e, 0x02, 0x01, 0x2c, 
    0x49, 0x5d, 0x33, 0x14, 0x14, 0x33, 0x5d, 0x49, 0x49, 0x5c, 0x33, 0x14, 
    0x10, 0x2a, 0x26, 0x4c, 0x59, 0x3b, 0x1d, 0x27, 0x0e, 0x0c, 0x52, 0x4e, 
    0x49, 0x24, 0x19, 0x0d, 0x22, 0x3d, 0x30, 0x30, 0x3e, 0x22, 0x0d, 0x0d, 
    0x22, 0x3e, 0x0a, 0x1d, 0x4c, 0x88, 0x6b, 0x6c, 0x8a, 0x4c, 0x1e, 0x1e, 
    0x4c, 0x8a, 0x6c, 0x62, 0x83, 0x4d, 0x13, 0x6e, 0x5b, 0x04, 0x44, 0x01, 
    0x7d, 0x6a, 0x17, 0x78, 0x75, 0x56, 0x6d, 0x3d, 0x17, 0x17, 0x3d, 0x6d, 
    0x56, 0x56, 0x6e, 0x3d, 0x17, 0x00, 0x00, 0x00, 0x00, 0x02, 0x00, 0x60, 
    0x00, 0x00, 0x02, 0x2c, 0x02, 0xab, 0x00, 0x1d, 0x00, 0x2a, 0x00, 0x37, 
    0x40, 0x34, 0x01, 0x01, 0x05, 0x00, 0x0f, 0x01, 0x02, 0x04, 0x02, 0x4c, 
    0x00, 0x04, 0x00, 0x02, 0x01, 0x04, 0x02, 0x67, 0x00, 0x05, 0x05, 0x00, 
    0x61, 0x00, 0x00, 0x00, 0x0e, 0x4d, 0x06, 0x03, 0x02, 0x01, 0x01, 0x0f, 
    0x01, 0x4e, 0x00, 0x00, 0x2a, 0x26, 0x20, 0x1e, 0x00, 0x1d, 0x00, 0x1d, 
    0x24, 0x1e, 0x52, 0x07, 0x07, 0x19, 0x2b, 0x33, 0x11, 0x3e, 0x01, 0x3a, 
    0x01, 0x33, 0x1e, 0x03, 0x15, 0x14, 0x0e, 0x01, 0x07, 0x15, 0x1e, 0x02, 
    0x1f, 0x01, 0x23, 0x27, 0x2e, 0x02, 0x2b, 0x01, 0x19, 0x01, 0x33, 0x32, 
    0x3e, 0x01, 0x35, 0x34, 0x2e, 0x01, 0x23, 0x22, 0x06, 0x07, 0x60, 0x0d, 
    0x34, 0x3e, 0x39, 0x12, 0x45, 0x59, 0x30, 0x13, 0x13, 0x36, 0x33, 0x1f, 
    0x25, 0x19, 0x0c, 0x34, 0x5a, 0x2c, 0x09, 0x1f, 0x3d, 0x38, 0x59, 0x9e, 
    0x2c, 0x2d, 0x11, 0x1d, 0x4f, 0x4c, 0x0c, 0x1f, 0x25, 0x02, 0xa8, 0x01, 
    0x02, 0x02, 0x12, 0x28, 0x47, 0x38, 0x40, 0x45, 0x1f, 0x06, 0x06, 0x05, 
    0x17, 0x31, 0x2d, 0xc6, 0xc6, 0x28, 0x2a, 0x0f, 0xfe, 0xd9, 0x01, 0x71, 
    0x14, 0x37, 0x34, 0x2e, 0x2f, 0x12, 0x01, 0x02, 0x00, 0x01, 0x00, 0x3f, 
    0xff, 0xf6, 0x02, 0x1b, 0x02, 0xb2, 0x00, 0x36, 0x00, 0x34, 0x40, 0x31, 
    0x00, 0x03, 0x04, 0x00, 0x04, 0x03, 0x00, 0x80, 0x00, 0x00, 0x01, 0x04, 
    0x00, 0x01, 0x7e, 0x00, 0x04, 0x04, 0x02, 0x61, 0x00, 0x02, 0x02, 0x14, 
    0x4d, 0x00, 0x01, 0x01, 0x05, 0x61, 0x00, 0x05, 0x05, 0x15, 0x05, 0x4e, 
    0x33, 0x31, 0x21, 0x1f, 0x1c, 0x1b, 0x18, 0x16, 0x23, 0x10, 0x06, 0x07, 
    0x18, 0x2b, 0x37, 0x33, 0x1e, 0x02, 0x33, 0x32, 0x3e, 0x01, 0x35, 0x34, 
    0x2e, 0x01, 0x27, 0x2e, 0x03, 0x35, 0x34, 0x3e, 0x02, 0x33, 0x32, 0x1e, 
    0x01, 0x17, 0x23, 0x2e, 0x02, 0x23, 0x22, 0x0e, 0x01, 0x15, 0x14, 0x1e, 
    0x01, 0x17, 0x1e, 0x03, 0x15, 0x14, 0x0e, 0x02, 0x23, 0x22, 0x2e, 0x02, 
    0x3f, 0x52, 0x04, 0x1b, 0x42, 0x3c, 0x40, 0x42, 0x19, 0x18, 0x42, 0x3f, 
    0x49, 0x5d, 0x33, 0x14, 0x14, 0x32, 0x5c, 0x48, 0x59, 0x5e, 0x25, 0x03, 
    0x52, 0x02, 0x19, 0x3b, 0x37, 0x3f, 0x41, 0x18, 0x19, 0x42, 0x3f, 0x49, 
    0x5c, 0x33, 0x14, 0x15, 0x35, 0x60, 0x4b, 0x47, 0x5a, 0x32, 0x14, 0xa5, 
    0x28, 0x2b, 0x10, 0x13, 0x33, 0x31, 0x28, 0x30, 0x1e, 0x0d, 0x10, 0x20, 
    0x29, 0x3c, 0x2c, 0x38, 0x46, 0x28, 0x0f, 0x18, 0x41, 0x3e, 0x1f, 0x20, 
    0x0c, 0x11, 0x2d, 0x2c, 0x21, 0x28, 0x1b, 0x0e, 0x10, 0x21, 0x2d, 0x42, 
    0x31, 0x3c, 0x4c, 0x2b, 0x10, 0x0f, 0x25, 0x45, 0x00, 0x01, 0x00, 0x48, 
    0x00, 0x00, 0x02, 0x0f, 0x02, 0xa8, 0x00, 0x07, 0x00, 0x21, 0x40, 0x1e, 
    0x02, 0x01, 0x00, 0x00, 0x01, 0x5f, 0x00, 0x01, 0x01, 0x0e, 0x4d, 0x04, 
    0x01, 0x03, 0x03, 0x0f, 0x03, 0x4e, 0x00, 0x00, 0x00, 0x07, 0x00, 0x07, 
    0x11, 0x11, 0x11, 0x05, 0x07, 0x19, 0x2b, 0x21, 0x11, 0x23, 0x35, 0x21, 
    0x15, 0x23, 0x11, 0x01, 0x02, 0xba, 0x01, 0xc7, 0xbb, 0x02, 0x5c, 0x4c, 
    0x4c, 0xfd, 0xa4, 0x00, 0x00, 0x01, 0x00, 0x50, 0xff, 0xf6, 0x02, 0x07, 
    0x02, 0xa8, 0x00, 0x17, 0x00, 0x1b, 0x40, 0x18, 0x02, 0x01, 0x00, 0x00, 
    0x0e, 0x4d, 0x00, 0x01, 0x01, 0x03, 0x61, 0x00, 0x03, 0x03, 0x15, 0x03, 
    0x4e, 0x25, 0x14, 0x24, 0x10, 0x04, 0x07, 0x1a, 0x2b, 0x13, 0x33, 0x11, 
    0x14, 0x1e, 0x01, 0x33, 0x32, 0x3e, 0x01, 0x35, 0x11, 0x33, 0x11, 0x14, 
    0x0e, 0x02, 0x23, 0x22, 0x2e, 0x02, 0x35, 0x50, 0x52, 0x16, 0x3b, 0x39, 
    0x38, 0x3b, 0x16, 0x52, 0x12, 0x30, 0x55, 0x44, 0x43, 0x57, 0x2f, 0x13, 
    0x02, 0xa8, 0xfe, 0x32, 0x3e, 0x43, 0x18, 0x18, 0x43, 0x3e, 0x01, 0xce, 
    0xfe, 0x32, 0x46, 0x59, 0x32, 0x13, 0x13, 0x32, 0x59, 0x46, 0x00, 0x00, 
    0x00, 0x01, 0x00, 0x28, 0x00, 0x00, 0x02, 0x2f, 0x02, 0xa8, 0x00, 0x07, 
    0x00, 0x21, 0x40, 0x1e, 0x02, 0x01, 0x00, 0x00, 0x0e, 0x4d, 0x00, 0x01, 
    0x01, 0x03, 0x5f, 0x04, 0x01, 0x03, 0x03, 0x0f, 0x03, 0x4e, 0x00, 0x00, 
    0x00, 0x07, 0x00, 0x07, 0x11, 0x11, 0x11, 0x05, 0x07, 0x19, 0x2b, 0x33, 
    0x03, 0x33, 0x13, 0x33, 0x13, 0x33, 0x03, 0xf6, 0xce, 0x53, 0xac, 0x09, 
    0xac, 0x53, 0xce, 0x02, 0xa8, 0xfd, 0xb5, 0x02, 0x4b, 0xfd, 0x58, 0x00, 
    0x00, 0x01, 0x00, 0x12, 0x00, 0x00, 0x02, 0x45, 0x02, 0xa8, 0x00, 0x11, 
    0x00, 0x27, 0x40, 0x24, 0x0f, 0x09, 0x03, 0x03, 0x03, 0x00, 0x01, 0x4c, 
    0x02, 0x01, 0x02, 0x00, 0x00, 0x0e, 0x4d, 0x05, 0x04, 0x02, 0x03, 0x03, 
    0x0f, 0x03, 0x4e, 0x00, 0x00, 0x00, 0x11, 0x00, 0x11, 0x11, 0x14, 0x14, 
    0x11, 0x06, 0x07, 0x1a, 0x2b, 0x33, 0x03, 0x33, 0x13, 0x33, 0x37, 0x13, 
    0x33, 0x13, 0x17, 0x33, 0x13, 0x33, 0x03, 0x23, 0x03, 0x23, 0x03, 0x6d, 
    0x5b, 0x4f, 0x3c, 0x06, 0x06, 0x52, 0x61, 0x52, 0x07, 0x06, 0x3b, 0x4f, 
    0x5a, 0x5e, 0x5e, 0x06, 0x5e, 0x02, 0xa8, 0xfd, 0xc1, 0x5e, 0x01, 0xe1, 
    0xfe, 0x1f, 0x5e, 0x02, 0x3f, 0xfd, 0x58, 0x02, 0x64, 0xfd, 0x9c, 0x00, 
    0x00, 0x01, 0x00, 0x33, 0x00, 0x00, 0x02, 0x25, 0x02, 0xa8, 0x00, 0x0d, 
    0x00, 0x26, 0x40, 0x23, 0x0b, 0x08, 0x04, 0x01, 0x04, 0x02, 0x00, 0x01, 
    0x4c, 0x01, 0x01, 0x00, 0x00, 0x0e, 0x4d, 0x04, 0x03, 0x02, 0x02, 0x02, 
    0x0f, 0x02, 0x4e, 0x00, 0x00, 0x00, 0x0d, 0x00, 0x0d, 0x12, 0x13, 0x12, 
    0x05, 0x07, 0x19, 0x2b, 0x33, 0x13, 0x03, 0x33, 0x17, 0x33, 0x37, 0x33, 
    0x03, 0x13, 0x23, 0x03, 0x23, 0x03, 0x33, 0xcf, 0xc3, 0x59, 0x92, 0x04, 
    0x93, 0x59, 0xc4, 0xcf, 0x5d, 0x99, 0x04, 0x9d, 0x01, 0x64, 0x01, 0x44, 
    0xfb, 0xfb, 0xfe, 0xbc, 0xfe, 0x9c, 0x01, 0x18, 0xfe, 0xe8, 0x00, 0x00, 
    0x00, 0x01, 0x00, 0x3f, 0x00, 0x00, 0x02, 0x18, 0x02, 0xa8, 0x00, 0x09, 
    0x00, 0x28, 0x40, 0x25, 0x08, 0x01, 0x02, 0x03, 0x01, 0x01, 0x4c, 0x02, 
    0x01, 0x00, 0x00, 0x0e, 0x4d, 0x00, 0x01, 0x01, 0x03, 0x5f, 0x04, 0x01, 
    0x03, 0x03, 0x0f, 0x03, 0x4e, 0x00, 0x00, 0x00, 0x09, 0x00, 0x09, 0x11, 
    0x11, 0x12, 0x05, 0x07, 0x19, 0x2b, 0x21, 0x11, 0x03, 0x33, 0x13, 0x33, 
    0x13, 0x33, 0x03, 0x11, 0x01, 0x02, 0xc3, 0x59, 0x8f, 0x09, 0x90, 0x58, 
    0xc4, 0x01, 0x15, 0x01, 0x93, 0xfe, 0xc8, 0x01, 0x38, 0xfe, 0x6d, 0xfe, 
    0xeb, 0x00, 0x00, 0x00, 0x00, 0x01, 0x00, 0x50, 0x00, 0x00, 0x02, 0x07, 
    0x02, 0xa8, 0x00, 0x09, 0x00, 0x2f, 0x40, 0x2c, 0x06, 0x01, 0x00, 0x01, 
    0x01, 0x01, 0x03, 0x02, 0x02, 0x4c, 0x00, 0x00, 0x00, 0x01, 0x5f, 0x00, 
    0x01, 0x01, 0x0e, 0x4d, 0x00, 0x02, 0x02, 0x03, 0x5f, 0x04, 0x01, 0x03, 
    0x03, 0x0f, 0x03, 0x4e, 0x00, 0x00, 0x00, 0x09, 0x00, 0x09, 0x12, 0x11, 
    0x12, 0x05, 0x07, 0x19, 0x2b, 0x33, 0x35, 0x01, 0x21, 0x35, 0x21, 0x15, 
    0x01, 0x21, 0x15, 0x50, 0x01, 0x58, 0xfe, 0xb9, 0x01, 0xa6, 0xfe, 0xa6, 
    0x01, 0x5a, 0x45, 0x02, 0x18, 0x4b, 0x45, 0xfd, 0xe8, 0x4b, 0x00, 0x00, 
    0x00, 0x01, 0x00, 0xed, 0xff, 0x7a, 0x01, 0xe0, 0x02, 0xec, 0x00, 0x07, 
    0x00, 0x46, 0x4b, 0xb0, 0x23, 0x50, 0x58, 0x40, 0x13, 0x00, 0x02, 0x04, 
    0x01, 0x03, 0x02, 0x03, 0x63, 0x00, 0x01, 0x01, 0x00, 0x5f, 0x00, 0x00, 
    0x00, 0x10, 0x01, 0x4e, 0x1b, 0x40, 0x19, 0x00, 0x00, 0x00, 0x01, 0x02, 
    0x00, 0x01, 0x67, 0x00, 0x02, 0x03, 0x03, 0x02, 0x57, 0x00, 0x02, 0x02, 
    0x03, 0x5f, 0x04, 0x01, 0x03, 0x02, 0x03, 0x4f, 0x59, 0x40, 0x0c, 0x00, 
    0x00, 0x00, 0x07, 0x00, 0x07, 0x11, 0x11, 0x11, 0x05, 0x07, 0x19, 0x2b, 
    0x17, 0x11, 0x33, 0x15, 0x23, 0x11, 0x33, 0x15, 0xed, 0xf3, 0xa3, 0xa3, 
    0x86, 0x03, 0x72, 0x49, 0xfd, 0x20, 0x49, 0x00, 0x00, 0x01, 0x00, 0x53, 
    0xff, 0xae, 0x02, 0x03, 0x03, 0x0c, 0x00, 0x03, 0x00, 0x00, 0x05, 0x01, 
    0x33, 0x01, 0x01, 0xaf, 0xfe, 0xa4, 0x54, 0x01, 0x5c, 0x52, 0x03, 0x5e, 
    0xfc, 0xa2, 0x00, 0x00, 0x00, 0x01, 0x00, 0x78, 0xff, 0x7a, 0x01, 0x6b, 
    0x02, 0xec, 0x00, 0x07, 0x00, 0x46, 0x4b, 0xb0, 0x23, 0x50, 0x58, 0x40, 
    0x13, 0x00, 0x00, 0x04, 0x01, 0x03, 0x00, 0x03, 0x63, 0x00, 0x01, 0x01, 
    0x02, 0x5f, 0x00, 0x02, 0x02, 0x10, 0x01, 0x4e, 0x1b, 0x40, 0x19, 0x00, 
    0x02, 0x00, 0x01, 0x00, 0x02, 0x01, 0x67, 0x00, 0x00, 0x03, 0x03, 0x00, 
    0x57, 0x00, 0x00, 0x00, 0x03, 0x5f, 0x04, 0x01, 0x03, 0x00, 0x03, 0x4f, 
    0x59, 0x40, 0x0c, 0x00, 0x00, 0x00, 0x07, 0x00, 0x07, 0x11, 0x11, 0x11, 
    0x05, 0x07, 0x19, 0x2b, 0x17, 0x35, 0x33, 0x11, 0x23, 0x35, 0x33, 0x11, 
    0x78, 0xa3, 0xa3, 0xf3, 0x86, 0x49, 0x02, 0xe0, 0x49, 0xfc, 0x8e, 0x00, 
    0x00, 0x01, 0x00, 0x78, 0x01, 0xa7, 0x01, 0xdf, 0x02, 0xa8, 0x00, 0x07, 
    0x00, 0x2e, 0xb1, 0x06, 0x64, 0x44, 0x40, 0x23, 0x04, 0x03, 0x02, 0x01, 
    0x02, 0x01, 0x86, 0x00, 0x00, 0x02, 0x02, 0x00, 0x57, 0x00, 0x00, 0x00, 
    0x02, 0x5f, 0x00, 0x02, 0x00, 0x02, 0x4f, 0x00, 0x00, 0x00, 0x07, 0x00, 
    0x07, 0x11, 0x11, 0x11, 0x05, 0x07, 0x19, 0x2b, 0xb1, 0x06, 0x00, 0x44, 
    0x1b, 0x01, 0x33, 0x13, 0x23, 0x27, 0x23, 0x07, 0x78, 0x8a, 0x53, 0x8a, 
    0x4e, 0x61, 0x09, 0x61, 0x01, 0xa7, 0x01, 0x01, 0xfe, 0xff, 0xb2, 0xb2, 
    0x00, 0x01, 0x00, 0x5a, 0xff, 0x7d, 0x01, 0xfe, 0xff, 0xcf, 0x00, 0x03, 
    0x00, 0x26, 0xb1, 0x06, 0x64, 0x44, 0x40, 0x1b, 0x00, 0x00, 0x01, 0x01, 
    0x00, 0x57, 0x00, 0x00, 0x00, 0x01, 0x5f, 0x02, 0x01, 0x01, 0x00, 0x01, 
    0x4f, 0x00, 0x00, 0x00, 0x03, 0x00, 0x03, 0x11, 0x03, 0x07, 0x17, 0x2b, 
    0xb1, 0x06, 0x00, 0x44, 0x17, 0x35, 0x21, 0x15, 0x5a, 0x01, 0xa4, 0x83, 
    0x52, 0x52, 0x00, 0x00, 0x00, 0x01, 0x00, 0xcf, 0x02, 0x5c, 0x01, 0x88, 
    0x02, 0xea, 0x00, 0x03, 0x00, 0x1f, 0xb1, 0x06, 0x64, 0x44, 0x40, 0x14, 
    0x00, 0x00, 0x01, 0x00, 0x85, 0x02, 0x01, 0x01, 0x01, 0x76, 0x00, 0x00, 
    0x00, 0x03, 0x00, 0x03, 0x11, 0x03, 0x07, 0x17, 0x2b, 0xb1, 0x06, 0x00, 
    0x44, 0x01, 0x27, 0x33, 0x17, 0x01, 0x3d, 0x6e, 0x5e, 0x5b, 0x02, 0x5c, 
    0x8e, 0x8e, 0x00, 0x00, 0x00, 0x02, 0x00, 0x5f, 0xff, 0xf6, 0x01, 0xf2, 
    0x02, 0x10, 0x00, 0x23, 0x00, 0x30, 0x00, 0x79, 0xb5, 0x01, 0x01, 0x07, 
    0x06, 0x01, 0x4c, 0x4b, 0xb0, 0x18, 0x50, 0x58, 0x40, 0x27, 0x00, 0x03, 
    0x02, 0x01, 0x02, 0x03, 0x01, 0x80, 0x00, 0x01, 0x00, 0x06, 0x07, 0x01, 
    0x06, 0x67, 0x00, 0x02, 0x02, 0x04, 0x61, 0x00, 0x04, 0x04, 0x17, 0x4d, 
    0x00, 0x07, 0x07, 0x00, 0x61, 0x08, 0x05, 0x02, 0x00, 0x00, 0x15, 0x00, 
    0x4e, 0x1b, 0x40, 0x2b, 0x00, 0x03, 0x02, 0x01, 0x02, 0x03, 0x01, 0x80, 
    0x00, 0x01, 0x00, 0x06, 0x07, 0x01, 0x06, 0x67, 0x00, 0x02, 0x02, 0x04, 
    0x61, 0x00, 0x04, 0x04, 0x17, 0x4d, 0x08, 0x01, 0x05, 0x05, 0x0f, 0x4d, 
    0x00, 0x07, 0x07, 0x00, 0x61, 0x00, 0x00, 0x00, 0x15, 0x00, 0x4e, 0x59, 
    0x40, 0x12, 0x00, 0x00, 0x2e, 0x2c, 0x26, 0x24, 0x00, 0x23, 0x00, 0x23, 
    0x23, 0x13, 0x24, 0x27, 0x25, 0x09, 0x07, 0x1b, 0x2b, 0x21, 0x35, 0x23, 
    0x0e, 0x02, 0x23, 0x22, 0x2e, 0x01, 0x35, 0x34, 0x3e, 0x02, 0x3b, 0x01, 
    0x35, 0x34, 0x2e, 0x01, 0x23, 0x22, 0x0e, 0x01, 0x07, 0x23, 0x34, 0x3e, 
    0x01, 0x33, 0x32, 0x1e, 0x01, 0x15, 0x11, 0x27, 0x23, 0x22, 0x0e, 0x01, 
    0x15, 0x14, 0x1e, 0x01, 0x33, 0x32, 0x3e, 0x01, 0x01, 0xaa, 0x05, 0x0c, 
    0x21, 0x3a, 0x34, 0x46, 0x4a, 0x1b, 0x14, 0x32, 0x5b, 0x47, 0x63, 0x14, 
    0x37, 0x35, 0x2b, 0x2e, 0x12, 0x01, 0x4d, 0x1d, 0x4f, 0x4a, 0x53, 0x58, 
    0x20, 0x49, 0x76, 0x37, 0x3a, 0x15, 0x11, 0x2c, 0x2a, 0x3d, 0x40, 0x18, 
    0x43, 0x1f, 0x22, 0x0c, 0x18, 0x41, 0x3d, 0x36, 0x46, 0x26, 0x0f, 0x16, 
    0x31, 0x32, 0x13, 0x0c, 0x22, 0x20, 0x3d, 0x40, 0x18, 0x1e, 0x51, 0x4e, 
    0xfe, 0xad, 0xf7, 0x0f, 0x2a, 0x28, 0x23, 0x26, 0x0e, 0x1d, 0x50, 0x00, 
    0x00, 0x02, 0x00, 0x5c, 0xff, 0xf6, 0x02, 0x0e, 0x02, 0xde, 0x00, 0x18, 
    0x00, 0x28, 0x00, 0x7f, 0x4b, 0xb0, 0x18, 0x50, 0x58, 0x40, 0x0a, 0x03, 
    0x01, 0x05, 0x01, 0x16, 0x01, 0x02, 0x04, 0x02, 0x4c, 0x1b, 0x40, 0x0a, 
    0x03, 0x01, 0x05, 0x01, 0x16, 0x01, 0x03, 0x04, 0x02, 0x4c, 0x59, 0x4b, 
    0xb0, 0x18, 0x50, 0x58, 0x40, 0x1d, 0x00, 0x00, 0x00, 0x10, 0x4d, 0x00, 
    0x05, 0x05, 0x01, 0x61, 0x00, 0x01, 0x01, 0x17, 0x4d, 0x07, 0x01, 0x04, 
    0x04, 0x02, 0x61, 0x06, 0x03, 0x02, 0x02, 0x02, 0x15, 0x02, 0x4e, 0x1b, 
    0x40, 0x21, 0x00, 0x00, 0x00, 0x10, 0x4d, 0x00, 0x05, 0x05, 0x01, 0x61, 
    0x00, 0x01, 0x01, 0x17, 0x4d, 0x06, 0x01, 0x03, 0x03, 0x0f, 0x4d, 0x07, 
    0x01, 0x04, 0x04, 0x02, 0x61, 0x00, 0x02, 0x02, 0x15, 0x02, 0x4e, 0x59, 
    0x40, 0x14, 0x1a, 0x19, 0x00, 0x00, 0x22, 0x20, 0x19, 0x28, 0x1a, 0x28, 
    0x00, 0x18, 0x00, 0x18, 0x28, 0x25, 0x11, 0x08, 0x07, 0x19, 0x2b, 0x33, 
    0x13, 0x33, 0x03, 0x33, 0x3e, 0x02, 0x33, 0x32, 0x1e, 0x02, 0x15, 0x14, 
    0x0e, 0x02, 0x23, 0x22, 0x2e, 0x01, 0x27, 0x23, 0x15, 0x37, 0x32, 0x3e, 
    0x01, 0x35, 0x34, 0x2e, 0x01, 0x23, 0x22, 0x0e, 0x01, 0x15, 0x14, 0x1e, 
    0x01, 0x5c, 0x01, 0x4e, 0x01, 0x05, 0x0b, 0x1d, 0x38, 0x31, 0x3f, 0x51, 
    0x2d, 0x11, 0x11, 0x2c, 0x50, 0x3f, 0x33, 0x3b, 0x1f, 0x0b, 0x05, 0x8a, 
    0x3c, 0x3e, 0x17, 0x17, 0x3f, 0x3c, 0x38, 0x3b, 0x15, 0x16, 0x3b, 0x02, 
    0xde, 0xfe, 0xef, 0x1c, 0x1c, 0x0b, 0x17, 0x3b, 0x6a, 0x53, 0x52, 0x69, 
    0x3a, 0x16, 0x0b, 0x1c, 0x1c, 0x39, 0x3f, 0x1f, 0x54, 0x4f, 0x52, 0x55, 
    0x20, 0x20, 0x55, 0x52, 0x4f, 0x54, 0x1f, 0x00, 0x00, 0x01, 0x00, 0x63, 
    0xff, 0xf6, 0x02, 0x0a, 0x02, 0x10, 0x00, 0x23, 0x00, 0x30, 0x40, 0x2d, 
    0x00, 0x03, 0x04, 0x00, 0x04, 0x03, 0x00, 0x80, 0x00, 0x00, 0x05, 0x04, 
    0x00, 0x05, 0x7e, 0x00, 0x04, 0x04, 0x02, 0x61, 0x00, 0x02, 0x02, 0x17, 
    0x4d, 0x00, 0x05, 0x05, 0x01, 0x61, 0x00, 0x01, 0x01, 0x15, 0x01, 0x4e, 
    0x26, 0x23, 0x13, 0x28, 0x23, 0x10, 0x06, 0x07, 0x1c, 0x2b, 0x25, 0x33, 
    0x0e, 0x02, 0x23, 0x22, 0x2e, 0x02, 0x35, 0x34, 0x3e, 0x02, 0x33, 0x32, 
    0x1e, 0x01, 0x17, 0x23, 0x2e, 0x02, 0x23, 0x22, 0x0e, 0x01, 0x15, 0x14, 
    0x1e, 0x01, 0x33, 0x32, 0x3e, 0x01, 0x01, 0xbc, 0x4e, 0x05, 0x22, 0x4e, 
    0x49, 0x48, 0x5b, 0x32, 0x14, 0x14, 0x32, 0x5a, 0x47, 0x4b, 0x51, 0x21, 
    0x03, 0x50, 0x07, 0x18, 0x2d, 0x29, 0x3c, 0x3f, 0x17, 0x18, 0x40, 0x3d, 
    0x28, 0x2c, 0x18, 0x91, 0x3f, 0x43, 0x19, 0x17, 0x3a, 0x6a, 0x53, 0x53, 
    0x69, 0x39, 0x17, 0x1a, 0x48, 0x44, 0x27, 0x28, 0x0f, 0x1f, 0x55, 0x51, 
    0x51, 0x55, 0x1f, 0x0d, 0x24, 0x00, 0x00, 0x00, 0x00, 0x02, 0x00, 0x4a, 
    0xff, 0xf6, 0x01, 0xfc, 0x02, 0xde, 0x00, 0x18, 0x00, 0x28, 0x00, 0x7f, 
    0x4b, 0xb0, 0x18, 0x50, 0x58, 0x40, 0x0a, 0x14, 0x01, 0x05, 0x01, 0x01, 
    0x01, 0x00, 0x04, 0x02, 0x4c, 0x1b, 0x40, 0x0a, 0x14, 0x01, 0x05, 0x01, 
    0x01, 0x01, 0x03, 0x04, 0x02, 0x4c, 0x59, 0x4b, 0xb0, 0x18, 0x50, 0x58, 
    0x40, 0x1d, 0x00, 0x02, 0x02, 0x10, 0x4d, 0x00, 0x05, 0x05, 0x01, 0x61, 
    0x00, 0x01, 0x01, 0x17, 0x4d, 0x07, 0x01, 0x04, 0x04, 0x00, 0x61, 0x06, 
    0x03, 0x02, 0x00, 0x00, 0x15, 0x00, 0x4e, 0x1b, 0x40, 0x21, 0x00, 0x02, 
    0x02, 0x10, 0x4d, 0x00, 0x05, 0x05, 0x01, 0x61, 0x00, 0x01, 0x01, 0x17, 
    0x4d, 0x06, 0x01, 0x03, 0x03, 0x0f, 0x4d, 0x07, 0x01, 0x04, 0x04, 0x00, 
    0x61, 0x00, 0x00, 0x00, 0x15, 0x00, 0x4e, 0x59, 0x40, 0x14, 0x1a, 0x19, 
    0x00, 0x00, 0x22, 0x20, 0x19, 0x28, 0x1a, 0x28, 0x00, 0x18, 0x00, 0x18, 
    0x15, 0x28, 0x25, 0x08, 0x07, 0x19, 0x2b, 0x21, 0x35, 0x23, 0x0e, 0x02, 
    0x23, 0x22, 0x2e, 0x02, 0x35, 0x34, 0x3e, 0x02, 0x33, 0x32, 0x1e, 0x01, 
    0x17, 0x33, 0x03, 0x33, 0x13, 0x27, 0x32, 0x3e, 0x01, 0x35, 0x34, 0x2e, 
    0x01, 0x23, 0x22, 0x0e, 0x01, 0x15, 0x14, 0x1e, 0x01, 0x01, 0xb3, 0x05, 
    0x0b, 0x1d, 0x35, 0x2e, 0x43, 0x55, 0x2f, 0x12, 0x12, 0x2f, 0x55, 0x42, 
    0x2d, 0x33, 0x1d, 0x0a, 0x05, 0x01, 0x4e, 0x01, 0xd6, 0x3a, 0x3c, 0x16, 
    0x16, 0x3c, 0x3a, 0x3a, 0x3d, 0x17, 0x17, 0x3d, 0x39, 0x1c, 0x1c, 0x0b, 
    0x17, 0x3a, 0x69, 0x53, 0x53, 0x69, 0x3a, 0x17, 0x0b, 0x1c, 0x1c, 0x01, 
    0x11, 0xfd, 0x22, 0x3f, 0x1f, 0x55, 0x50, 0x51, 0x55, 0x1f, 0x1f, 0x55, 
    0x51, 0x50, 0x55, 0x1f, 0x00, 0x02, 0x00, 0x54, 0xff, 0xf6, 0x02, 0x0a, 
    0x02, 0x10, 0x00, 0x1c, 0x00, 0x25, 0x00, 0x32, 0x40, 0x2f, 0x00, 0x00, 
    0x03, 0x04, 0x03, 0x00, 0x04, 0x80, 0x00, 0x05, 0x00, 0x03, 0x00, 0x05, 
    0x03, 0x67, 0x00, 0x06, 0x06, 0x02, 0x61, 0x00, 0x02, 0x02, 0x17, 0x4d, 
    0x00, 0x04, 0x04, 0x01, 0x61, 0x00, 0x01, 0x01, 0x15, 0x01, 0x4e, 0x23, 
    0x13, 0x23, 0x14, 0x28, 0x23, 0x10, 0x07, 0x07, 0x1d, 0x2b, 0x25, 0x33, 
    0x0e, 0x02, 0x23, 0x22, 0x2e, 0x02, 0x35, 0x34, 0x3e, 0x02, 0x33, 0x32, 
    0x1e, 0x02, 0x07, 0x21, 0x1e, 0x02, 0x33, 0x32, 0x3e, 0x01, 0x25, 0x21, 
    0x2e, 0x02, 0x23, 0x22, 0x0e, 0x01, 0x01, 0xaf, 0x50, 0x0b, 0x27, 0x4e, 
    0x46, 0x46, 0x5a, 0x32, 0x13, 0x12, 0x2f, 0x54, 0x42, 0x45, 0x58, 0x31, 
    0x11, 0x01, 0xfe, 0x97, 0x02, 0x19, 0x3f, 0x3c, 0x28, 0x2e, 0x1a, 0xfe, 
    0xfb, 0x01, 0x1b, 0x02, 0x18, 0x3b, 0x38, 0x39, 0x3c, 0x17, 0x87, 0x3b, 
    0x3f, 0x17, 0x17, 0x3a, 0x6a, 0x53, 0x53, 0x69, 0x39, 0x17, 0x1a, 0x42, 
    0x78, 0x5f, 0x40, 0x43, 0x19, 0x0b, 0x1f, 0xba, 0x42, 0x45, 0x19, 0x19, 
    0x45, 0x00, 0x00, 0x00, 0x00, 0x01, 0x00, 0x50, 0x00, 0x00, 0x01, 0xfa, 
    0x02, 0xec, 0x00, 0x14, 0x00, 0x2f, 0x40, 0x2c, 0x00, 0x03, 0x03, 0x02, 
    0x61, 0x00, 0x02, 0x02, 0x16, 0x4d, 0x05, 0x01, 0x00, 0x00, 0x01, 0x5f, 
    0x04, 0x01, 0x01, 0x01, 0x11, 0x4d, 0x07, 0x01, 0x06, 0x06, 0x0f, 0x06, 
    0x4e, 0x00, 0x00, 0x00, 0x14, 0x00, 0x14, 0x11, 0x14, 0x11, 0x15, 0x11, 
    0x11, 0x08, 0x07, 0x1c, 0x2b, 0x33, 0x11, 0x23, 0x27, 0x33, 0x35, 0x34, 
    0x3e, 0x02, 0x17, 0x15, 0x26, 0x0e, 0x01, 0x1d, 0x01, 0x33, 0x15, 0x23, 
    0x11, 0xeb, 0x83, 0x18, 0x9b, 0x17, 0x3b, 0x6a, 0x53, 0x4f, 0x53, 0x1f, 
    0xb7, 0xb7, 0x01, 0xc0, 0x46, 0x48, 0x33, 0x41, 0x21, 0x09, 0x04, 0x4a, 
    0x03, 0x0b, 0x26, 0x26, 0x44, 0x46, 0xfe, 0x40, 0x00, 0x02, 0x00, 0x50, 
    0xff, 0x29, 0x02, 0x04, 0x02, 0x10, 0x00, 0x29, 0x00, 0x39, 0x00, 0x7d, 
    0xb6, 0x1d, 0x0a, 0x02, 0x06, 0x07, 0x01, 0x4c, 0x4b, 0xb0, 0x18, 0x50, 
    0x58, 0x40, 0x29, 0x00, 0x00, 0x02, 0x01, 0x02, 0x00, 0x01, 0x80, 0x00, 
    0x07, 0x07, 0x03, 0x61, 0x04, 0x01, 0x03, 0x03, 0x17, 0x4d, 0x08, 0x01, 
    0x06, 0x06, 0x02, 0x61, 0x00, 0x02, 0x02, 0x0f, 0x4d, 0x00, 0x01, 0x01, 
    0x05, 0x61, 0x00, 0x05, 0x05, 0x13, 0x05, 0x4e, 0x1b, 0x40, 0x2d, 0x00, 
    0x00, 0x02, 0x01, 0x02, 0x00, 0x01, 0x80, 0x00, 0x04, 0x04, 0x11, 0x4d, 
    0x00, 0x07, 0x07, 0x03, 0x61, 0x00, 0x03, 0x03, 0x17, 0x4d, 0x08, 0x01, 
    0x06, 0x06, 0x02, 0x61, 0x00, 0x02, 0x02, 0x0f, 0x4d, 0x00, 0x01, 0x01, 
    0x05, 0x61, 0x00, 0x05, 0x05, 0x13, 0x05, 0x4e, 0x59, 0x40, 0x11, 0x2b, 
    0x2a, 0x33, 0x31, 0x2a, 0x39, 0x2b, 0x39, 0x25, 0x15, 0x28, 0x28, 0x23, 
    0x10, 0x09, 0x07, 0x1c, 0x2b, 0x17, 0x33, 0x14, 0x1e, 0x01, 0x33, 0x32, 
    0x3e, 0x01, 0x37, 0x35, 0x23, 0x0e, 0x02, 0x23, 0x22, 0x2e, 0x02, 0x35, 
    0x34, 0x3e, 0x02, 0x33, 0x32, 0x1e, 0x01, 0x17, 0x33, 0x35, 0x33, 0x11, 
    0x14, 0x0e, 0x02, 0x23, 0x22, 0x2e, 0x01, 0x37, 0x32, 0x3e, 0x01, 0x35, 
    0x34, 0x2e, 0x01, 0x23, 0x22, 0x0e, 0x01, 0x15, 0x14, 0x1e, 0x01, 0x63, 
    0x52, 0x12, 0x31, 0x2e, 0x3b, 0x3e, 0x18, 0x01, 0x05, 0x0c, 0x20, 0x36, 
    0x30, 0x40, 0x52, 0x2d, 0x12, 0x12, 0x2d, 0x53, 0x40, 0x2f, 0x36, 0x1f, 
    0x0c, 0x05, 0x4d, 0x13, 0x2f, 0x55, 0x42, 0x4e, 0x54, 0x22, 0xc5, 0x3a, 
    0x3c, 0x16, 0x16, 0x3c, 0x3a, 0x39, 0x3d, 0x16, 0x16, 0x3d, 0x3e, 0x21, 
    0x24, 0x0d, 0x17, 0x3f, 0x3b, 0x4e, 0x20, 0x23, 0x0c, 0x16, 0x39, 0x67, 
    0x51, 0x51, 0x68, 0x3a, 0x16, 0x0c, 0x22, 0x20, 0x44, 0xfd, 0xf0, 0x3f, 
    0x50, 0x2d, 0x11, 0x18, 0x43, 0xc4, 0x1e, 0x53, 0x4e, 0x4f, 0x53, 0x1f, 
    0x1f, 0x53, 0x4f, 0x4e, 0x53, 0x1e, 0x00, 0x00, 0x00, 0x01, 0x00, 0x5e, 
    0x00, 0x00, 0x01, 0xfb, 0x02, 0xde, 0x00, 0x18, 0x00, 0x2d, 0x40, 0x2a, 
    0x03, 0x01, 0x02, 0x03, 0x01, 0x4c, 0x00, 0x00, 0x00, 0x10, 0x4d, 0x00, 
    0x03, 0x03, 0x01, 0x61, 0x00, 0x01, 0x01, 0x17, 0x4d, 0x05, 0x04, 0x02, 
    0x02, 0x02, 0x0f, 0x02, 0x4e, 0x00, 0x00, 0x00, 0x18, 0x00, 0x18, 0x24, 
    0x14, 0x25, 0x11, 0x06, 0x07, 0x1a, 0x2b, 0x33, 0x11, 0x33, 0x11, 0x33, 
    0x3e, 0x02, 0x33, 0x32, 0x1e, 0x01, 0x15, 0x11, 0x23, 0x11, 0x34, 0x2e, 
    0x01, 0x23, 0x22, 0x0e, 0x01, 0x15, 0x11, 0x5e, 0x50, 0x05, 0x0e, 0x22, 
    0x39, 0x31, 0x48, 0x4b, 0x1b, 0x50, 0x12, 0x31, 0x2f, 0x39, 0x3c, 0x16, 
    0x02, 0xde, 0xfe, 0xd9, 0x25, 0x26, 0x0e, 0x20, 0x55, 0x51, 0xfe, 0xb6, 
    0x01, 0x4a, 0x34, 0x35, 0x14, 0x1e, 0x52, 0x4e, 0xfe, 0xf7, 0x00, 0x00, 
    0x00, 0x02, 0x00, 0x71, 0x00, 0x00, 0x02, 0x0e, 0x02, 0xde, 0x00, 0x03, 
    0x00, 0x0d, 0x00, 0x3d, 0x40, 0x3a, 0x07, 0x01, 0x01, 0x01, 0x00, 0x5f, 
    0x00, 0x00, 0x00, 0x10, 0x4d, 0x00, 0x03, 0x03, 0x04, 0x5f, 0x00, 0x04, 
    0x04, 0x11, 0x4d, 0x05, 0x01, 0x02, 0x02, 0x06, 0x5f, 0x08, 0x01, 0x06, 
    0x06, 0x0f, 0x06, 0x4e, 0x04, 0x04, 0x00, 0x00, 0x04, 0x0d, 0x04, 0x0d, 
    0x0c, 0x0b, 0x0a, 0x09, 0x08, 0x07, 0x06, 0x05, 0x00, 0x03, 0x00, 0x03, 
    0x11, 0x09, 0x07, 0x17, 0x2b, 0x01, 0x35, 0x33, 0x15, 0x03, 0x35, 0x33, 
    0x11, 0x23, 0x35, 0x33, 0x11, 0x33, 0x15, 0x00, 0xff, 0x6e, 0xfc, 0xad, 
    0xa3, 0xf0, 0xa3, 0x02, 0x70, 0x6e, 0x6e, 0xfd, 0x90, 0x47, 0x01, 0x78, 
    0x47, 0xfe, 0x41, 0x47, 0x00, 0x02, 0x00, 0x92, 0xff, 0x26, 0x01, 0xa0, 
    0x02, 0xde, 0x00, 0x03, 0x00, 0x12, 0x00, 0x2c, 0x40, 0x29, 0x05, 0x04, 
    0x02, 0x02, 0x49, 0x04, 0x01, 0x01, 0x01, 0x00, 0x5f, 0x00, 0x00, 0x00, 
    0x10, 0x4d, 0x00, 0x02, 0x02, 0x03, 0x5f, 0x00, 0x03, 0x03, 0x11, 0x02, 
    0x4e, 0x00, 0x00, 0x0d, 0x0c, 0x0b, 0x0a, 0x00, 0x03, 0x00, 0x03, 0x11, 
    0x05, 0x07, 0x17, 0x2b, 0x01, 0x35, 0x33, 0x15, 0x01, 0x35, 0x3e, 0x02, 
    0x35, 0x11, 0x23, 0x35, 0x33, 0x11, 0x14, 0x0e, 0x02, 0x01, 0x32, 0x6e, 
    0xfe, 0xf2, 0x4d, 0x50, 0x1d, 0x99, 0xe7, 0x16, 0x3a, 0x67, 0x02, 0x70, 
    0x6e, 0x6e, 0xfc, 0xb6, 0x46, 0x0c, 0x1a, 0x27, 0x21, 0x01, 0xe3, 0x49, 
    0xfd, 0xd1, 0x2e, 0x3e, 0x26, 0x17, 0x00, 0x00, 0x00, 0x01, 0x00, 0x80, 
    0x00, 0x00, 0x02, 0x32, 0x02, 0xd8, 0x00, 0x0a, 0x00, 0x29, 0x40, 0x26, 
    0x09, 0x06, 0x03, 0x03, 0x02, 0x01, 0x01, 0x4c, 0x00, 0x00, 0x00, 0x10, 
    0x4d, 0x00, 0x01, 0x01, 0x11, 0x4d, 0x04, 0x03, 0x02, 0x02, 0x02, 0x0f, 
    0x02, 0x4e, 0x00, 0x00, 0x00, 0x0a, 0x00, 0x0a, 0x12, 0x12, 0x11, 0x05, 
    0x07, 0x19, 0x2b, 0x33, 0x11, 0x33, 0x11, 0x37, 0x33, 0x07, 0x01, 0x23, 
    0x03, 0x11, 0x80, 0x50, 0xd7, 0x6a, 0xe0, 0x01, 0x01, 0x6e, 0xf4, 0x02, 
    0xd8, 0xfe, 0x4e, 0xe0, 0xe5, 0xfe, 0xdf, 0x01, 0x17, 0xfe, 0xe9, 0x00, 
    0x00, 0x01, 0x00, 0x5f, 0x00, 0x00, 0x02, 0x08, 0x02, 0xd8, 0x00, 0x09, 
    0x00, 0x27, 0x40, 0x24, 0x00, 0x01, 0x01, 0x02, 0x5f, 0x00, 0x02, 0x02, 
    0x10, 0x4d, 0x03, 0x01, 0x00, 0x00, 0x04, 0x5f, 0x05, 0x01, 0x04, 0x04, 
    0x0f, 0x04, 0x4e, 0x00, 0x00, 0x00, 0x09, 0x00, 0x09, 0x11, 0x11, 0x11, 
    0x11, 0x06, 0x07, 0x1a, 0x2b, 0x33, 0x35, 0x33, 0x11, 0x23, 0x35, 0x33, 
    0x11, 0x33, 0x15, 0x5f, 0xb4, 0xaa, 0xf8, 0xa7, 0x47, 0x02, 0x4a, 0x47, 
    0xfd, 0x6f, 0x47, 0x00, 0x00, 0x01, 0x00, 0x31, 0x00, 0x00, 0x02, 0x29, 
    0x02, 0x10, 0x00, 0x29, 0x00, 0x56, 0xb6, 0x0a, 0x03, 0x02, 0x03, 0x04, 
    0x01, 0x4c, 0x4b, 0xb0, 0x18, 0x50, 0x58, 0x40, 0x16, 0x06, 0x01, 0x04, 
    0x04, 0x00, 0x61, 0x02, 0x01, 0x02, 0x00, 0x00, 0x11, 0x4d, 0x08, 0x07, 
    0x05, 0x03, 0x03, 0x03, 0x0f, 0x03, 0x4e, 0x1b, 0x40, 0x1a, 0x00, 0x00, 
    0x00, 0x11, 0x4d, 0x06, 0x01, 0x04, 0x04, 0x01, 0x61, 0x02, 0x01, 0x01, 
    0x01, 0x17, 0x4d, 0x08, 0x07, 0x05, 0x03, 0x03, 0x03, 0x0f, 0x03, 0x4e, 
    0x59, 0x40, 0x10, 0x00, 0x00, 0x00, 0x29, 0x00, 0x29, 0x24, 0x14, 0x24, 
    0x14, 0x25, 0x24, 0x11, 0x09, 0x07, 0x1d, 0x2b, 0x33, 0x11, 0x33, 0x15, 
    0x33, 0x3e, 0x01, 0x33, 0x32, 0x16, 0x17, 0x33, 0x3e, 0x01, 0x33, 0x32, 
    0x1e, 0x01, 0x15, 0x11, 0x23, 0x11, 0x34, 0x2e, 0x01, 0x23, 0x22, 0x0e, 
    0x01, 0x15, 0x11, 0x23, 0x13, 0x36, 0x2e, 0x01, 0x23, 0x22, 0x0e, 0x01, 
    0x15, 0x11, 0x31, 0x46, 0x05, 0x11, 0x2d, 0x30, 0x30, 0x28, 0x0a, 0x05, 
    0x11, 0x2a, 0x29, 0x2e, 0x32, 0x14, 0x4d, 0x0b, 0x1b, 0x19, 0x1c, 0x1f, 
    0x0d, 0x4e, 0x02, 0x01, 0x0c, 0x1d, 0x1a, 0x1d, 0x20, 0x0c, 0x02, 0x06, 
    0x45, 0x2f, 0x20, 0x20, 0x2f, 0x2f, 0x20, 0x26, 0x60, 0x57, 0xfe, 0xcd, 
    0x01, 0x33, 0x3a, 0x3f, 0x1a, 0x21, 0x52, 0x4a, 0xfe, 0xf7, 0x01, 0x33, 
    0x3a, 0x3f, 0x1a, 0x21, 0x52, 0x4a, 0xfe, 0xf7, 0x00, 0x01, 0x00, 0x5b, 
    0x00, 0x00, 0x01, 0xfc, 0x02, 0x10, 0x00, 0x18, 0x00, 0x4c, 0xb5, 0x03, 
    0x01, 0x02, 0x03, 0x01, 0x4c, 0x4b, 0xb0, 0x18, 0x50, 0x58, 0x40, 0x13, 
    0x00, 0x03, 0x03, 0x00, 0x61, 0x01, 0x01, 0x00, 0x00, 0x11, 0x4d, 0x05, 
    0x04, 0x02, 0x02, 0x02, 0x0f, 0x02, 0x4e, 0x1b, 0x40, 0x17, 0x00, 0x00, 
    0x00, 0x11, 0x4d, 0x00, 0x03, 0x03, 0x01, 0x61, 0x00, 0x01, 0x01, 0x17, 
    0x4d, 0x05, 0x04, 0x02, 0x02, 0x02, 0x0f, 0x02, 0x4e, 0x59, 0x40, 0x0d, 
    0x00, 0x00, 0x00, 0x18, 0x00, 0x18, 0x24, 0x14, 0x25, 0x11, 0x06, 0x07, 
    0x1a, 0x2b, 0x33, 0x11, 0x33, 0x15, 0x33, 0x3e, 0x02, 0x33, 0x32, 0x1e, 
    0x01, 0x15, 0x11, 0x23, 0x11, 0x34, 0x2e, 0x01, 0x23, 0x22, 0x0e, 0x01, 
    0x15, 0x11, 0x5b, 0x4b, 0x05, 0x0f, 0x23, 0x3c, 0x33, 0x48, 0x4c, 0x1c, 
    0x50, 0x12, 0x32, 0x2f, 0x3a, 0x3d, 0x17, 0x02, 0x06, 0x54, 0x27, 0x28, 
    0x0f, 0x20, 0x55, 0x51, 0xfe, 0xb6, 0x01, 0x4a, 0x32, 0x34, 0x13, 0x1d, 
    0x50, 0x4d, 0xfe, 0xf7, 0x00, 0x02, 0x00, 0x4c, 0xff, 0xf6, 0x02, 0x0b, 
    0x02, 0x10, 0x00, 0x13, 0x00, 0x23, 0x00, 0x2d, 0x40, 0x2a, 0x00, 0x03, 
    0x03, 0x01, 0x61, 0x00, 0x01, 0x01, 0x17, 0x4d, 0x05, 0x01, 0x02, 0x02, 
    0x00, 0x61, 0x04, 0x01, 0x00, 0x00, 0x15, 0x00, 0x4e, 0x15, 0x14, 0x01, 
    0x00, 0x1d, 0x1b, 0x14, 0x23, 0x15, 0x23, 0x0b, 0x09, 0x00, 0x13, 0x01, 
    0x13, 0x06, 0x07, 0x16, 0x2b, 0x05, 0x22, 0x2e, 0x02, 0x35, 0x34, 0x3e, 
    0x02, 0x33, 0x32, 0x1e, 0x02, 0x15, 0x14, 0x0e, 0x02, 0x27, 0x32, 0x3e, 
    0x01, 0x35, 0x34, 0x2e, 0x01, 0x23, 0x22, 0x0e, 0x01, 0x15, 0x14, 0x1e, 
    0x01, 0x01, 0x2c, 0x45, 0x58, 0x30, 0x13, 0x13, 0x30, 0x58, 0x45, 0x45, 
    0x57, 0x30, 0x13, 0x13, 0x30, 0x57, 0x45, 0x3b, 0x3d, 0x17, 0x17, 0x3d, 
    0x3b, 0x3b, 0x3e, 0x17, 0x17, 0x3e, 0x0a, 0x17, 0x3a, 0x6a, 0x53, 0x53, 
    0x69, 0x39, 0x17, 0x17, 0x39, 0x69, 0x53, 0x53, 0x6a, 0x3a, 0x17, 0x4b, 
    0x1f, 0x54, 0x50, 0x4f, 0x53, 0x1f, 0x1f, 0x53, 0x4f, 0x50, 0x54, 0x1f, 
    0x00, 0x02, 0x00, 0x5a, 0xff, 0x29, 0x02, 0x0c, 0x02, 0x10, 0x00, 0x18, 
    0x00, 0x28, 0x00, 0x6c, 0x40, 0x0a, 0x03, 0x01, 0x05, 0x00, 0x16, 0x01, 
    0x02, 0x04, 0x02, 0x4c, 0x4b, 0xb0, 0x18, 0x50, 0x58, 0x40, 0x1d, 0x00, 
    0x05, 0x05, 0x00, 0x61, 0x01, 0x01, 0x00, 0x00, 0x11, 0x4d, 0x07, 0x01, 
    0x04, 0x04, 0x02, 0x61, 0x00, 0x02, 0x02, 0x15, 0x4d, 0x06, 0x01, 0x03, 
    0x03, 0x13, 0x03, 0x4e, 0x1b, 0x40, 0x21, 0x00, 0x00, 0x00, 0x11, 0x4d, 
    0x00, 0x05, 0x05, 0x01, 0x61, 0x00, 0x01, 0x01, 0x17, 0x4d, 0x07, 0x01, 
    0x04, 0x04, 0x02, 0x61, 0x00, 0x02, 0x02, 0x15, 0x4d, 0x06, 0x01, 0x03, 
    0x03, 0x13, 0x03, 0x4e, 0x59, 0x40, 0x14, 0x1a, 0x19, 0x00, 0x00, 0x22, 
    0x20, 0x19, 0x28, 0x1a, 0x28, 0x00, 0x18, 0x00, 0x18, 0x28, 0x25, 0x11, 
    0x08, 0x07, 0x19, 0x2b, 0x17, 0x11, 0x33, 0x15, 0x33, 0x3e, 0x02, 0x33, 
    0x32, 0x1e, 0x02, 0x15, 0x14, 0x0e, 0x02, 0x23, 0x22, 0x2e, 0x01, 0x27, 
    0x23, 0x11, 0x13, 0x32, 0x3e, 0x01, 0x35, 0x34, 0x2e, 0x01, 0x23, 0x22, 
    0x0e, 0x01, 0x15, 0x14, 0x1e, 0x01, 0x5a, 0x49, 0x05, 0x0b, 0x1c, 0x35, 
    0x2e, 0x43, 0x56, 0x2f, 0x12, 0x12, 0x2f, 0x54, 0x42, 0x2d, 0x34, 0x1c, 
    0x0b, 0x05, 0x88, 0x3a, 0x3d, 0x17, 0x17, 0x3d, 0x3a, 0x39, 0x3d, 0x16, 
    0x16, 0x3d, 0xd7, 0x02, 0xdd, 0x39, 0x1c, 0x1c, 0x0b, 0x17, 0x3a, 0x69, 
    0x53, 0x53, 0x69, 0x3a, 0x17, 0x0b, 0x1c, 0x1c, 0xfe, 0xf0, 0x01, 0x18, 
    0x1f, 0x53, 0x4e, 0x51, 0x54, 0x1f, 0x1f, 0x53, 0x50, 0x4f, 0x54, 0x1f, 
    0x00, 0x02, 0x00, 0x4c, 0xff, 0x29, 0x01, 0xfe, 0x02, 0x10, 0x00, 0x18, 
    0x00, 0x28, 0x00, 0x7f, 0x4b, 0xb0, 0x18, 0x50, 0x58, 0x40, 0x0a, 0x14, 
    0x01, 0x05, 0x01, 0x01, 0x01, 0x00, 0x04, 0x02, 0x4c, 0x1b, 0x40, 0x0a, 
    0x14, 0x01, 0x05, 0x02, 0x01, 0x01, 0x00, 0x04, 0x02, 0x4c, 0x59, 0x4b, 
    0xb0, 0x18, 0x50, 0x58, 0x40, 0x1d, 0x00, 0x05, 0x05, 0x01, 0x61, 0x02, 
    0x01, 0x01, 0x01, 0x17, 0x4d, 0x07, 0x01, 0x04, 0x04, 0x00, 0x61, 0x00, 
    0x00, 0x00, 0x15, 0x4d, 0x06, 0x01, 0x03, 0x03, 0x13, 0x03, 0x4e, 0x1b, 
    0x40, 0x21, 0x00, 0x02, 0x02, 0x11, 0x4d, 0x00, 0x05, 0x05, 0x01, 0x61, 
    0x00, 0x01, 0x01, 0x17, 0x4d, 0x07, 0x01, 0x04, 0x04, 0x00, 0x61, 0x00, 
    0x00, 0x00, 0x15, 0x4d, 0x06, 0x01, 0x03, 0x03, 0x13, 0x03, 0x4e, 0x59, 
    0x40, 0x14, 0x1a, 0x19, 0x00, 0x00, 0x22, 0x20, 0x19, 0x28, 0x1a, 0x28, 
    0x00, 0x18, 0x00, 0x18, 0x15, 0x28, 0x25, 0x08, 0x07, 0x19, 0x2b, 0x05, 
    0x11, 0x23, 0x0e, 0x02, 0x23, 0x22, 0x2e, 0x02, 0x35, 0x34, 0x3e, 0x02, 
    0x33, 0x32, 0x1e, 0x01, 0x17, 0x33, 0x35, 0x33, 0x11, 0x03, 0x32, 0x3e, 
    0x01, 0x35, 0x34, 0x2e, 0x01, 0x23, 0x22, 0x0e, 0x01, 0x15, 0x14, 0x1e, 
    0x01, 0x01, 0xb0, 0x05, 0x0a, 0x1d, 0x33, 0x2e, 0x42, 0x54, 0x2f, 0x12, 
    0x12, 0x2f, 0x56, 0x43, 0x2e, 0x35, 0x1d, 0x0a, 0x05, 0x49, 0xd6, 0x3a, 
    0x3c, 0x16, 0x16, 0x3c, 0x39, 0x3a, 0x3e, 0x17, 0x17, 0x3d, 0xd7, 0x01, 
    0x10, 0x1c, 0x1c, 0x0b, 0x17, 0x3a, 0x69, 0x53, 0x53, 0x69, 0x3a, 0x17, 
    0x0b, 0x1c, 0x1c, 0x39, 0xfd, 0x23, 0x01, 0x18, 0x1f, 0x54, 0x4f, 0x50, 
    0x53, 0x1f, 0x1f, 0x54, 0x51, 0x4e, 0x53, 0x1f, 0x00, 0x01, 0x00, 0xb0, 
    0x00, 0x00, 0x02, 0x13, 0x02, 0x08, 0x00, 0x16, 0x00, 0x2c, 0x40, 0x29, 
    0x0c, 0x01, 0x02, 0x00, 0x0d, 0x03, 0x02, 0x03, 0x02, 0x02, 0x4c, 0x00, 
    0x02, 0x02, 0x00, 0x61, 0x01, 0x01, 0x00, 0x00, 0x11, 0x4d, 0x04, 0x01, 
    0x03, 0x03, 0x0f, 0x03, 0x4e, 0x00, 0x00, 0x00, 0x16, 0x00, 0x16, 0x33, 
    0x36, 0x11, 0x05, 0x07, 0x19, 0x2b, 0x33, 0x11, 0x33, 0x07, 0x33, 0x3e, 
    0x03, 0x33, 0x36, 0x16, 0x17, 0x15, 0x2e, 0x01, 0x23, 0x22, 0x0e, 0x02, 
    0x1d, 0x01, 0xb0, 0x45, 0x09, 0x05, 0x14, 0x1c, 0x1f, 0x30, 0x28, 0x29, 
    0x33, 0x1f, 0x14, 0x25, 0x11, 0x3f, 0x50, 0x2c, 0x11, 0x02, 0x06, 0x6d, 
    0x27, 0x2c, 0x15, 0x06, 0x01, 0x02, 0x04, 0x4d, 0x05, 0x02, 0x14, 0x33, 
    0x5d, 0x49, 0xcf, 0x00, 0x00, 0x01, 0x00, 0x59, 0xff, 0xf6, 0x01, 0xff, 
    0x02, 0x10, 0x00, 0x31, 0x00, 0x30, 0x40, 0x2d, 0x00, 0x03, 0x04, 0x00, 
    0x04, 0x03, 0x00, 0x80, 0x00, 0x00, 0x01, 0x04, 0x00, 0x01, 0x7e, 0x00, 
    0x04, 0x04, 0x02, 0x61, 0x00, 0x02, 0x02, 0x17, 0x4d, 0x00, 0x01, 0x01, 
    0x05, 0x61, 0x00, 0x05, 0x05, 0x15, 0x05, 0x4e, 0x2e, 0x23, 0x13, 0x2e, 
    0x23, 0x10, 0x06, 0x07, 0x1c, 0x2b, 0x37, 0x33, 0x1e, 0x02, 0x33, 0x32, 
    0x3e, 0x01, 0x35, 0x34, 0x2e, 0x01, 0x27, 0x2e, 0x02, 0x35, 0x34, 0x3e, 
    0x01, 0x33, 0x32, 0x1e, 0x01, 0x17, 0x23, 0x2e, 0x02, 0x23, 0x22, 0x0e, 
    0x01, 0x15, 0x14, 0x1e, 0x01, 0x17, 0x1e, 0x02, 0x15, 0x14, 0x0e, 0x01, 
    0x23, 0x22, 0x2e, 0x01, 0x59, 0x50, 0x02, 0x17, 0x39, 0x35, 0x34, 0x37, 
    0x14, 0x17, 0x3d, 0x3a, 0x4f, 0x53, 0x1f, 0x20, 0x58, 0x53, 0x50, 0x54, 
    0x22, 0x03, 0x4f, 0x03, 0x15, 0x32, 0x2f, 0x33, 0x36, 0x14, 0x15, 0x39, 
    0x36, 0x54, 0x58, 0x20, 0x21, 0x5b, 0x57, 0x56, 0x5c, 0x21, 0x94, 0x22, 
    0x24, 0x0d, 0x0c, 0x20, 0x1e, 0x1f, 0x23, 0x13, 0x07, 0x0a, 0x20, 0x3e, 
    0x36, 0x39, 0x3c, 0x16, 0x16, 0x3b, 0x38, 0x1a, 0x1a, 0x0a, 0x0b, 0x1c, 
    0x1c, 0x1a, 0x1e, 0x12, 0x08, 0x0c, 0x22, 0x40, 0x3a, 0x3c, 0x3f, 0x17, 
    0x19, 0x44, 0x00, 0x00, 0x00, 0x01, 0x00, 0x4e, 0xff, 0xf6, 0x01, 0xf4, 
    0x02, 0x9c, 0x00, 0x1a, 0x00, 0x38, 0x40, 0x35, 0x10, 0x01, 0x03, 0x02, 
    0x11, 0x01, 0x04, 0x03, 0x02, 0x4c, 0x04, 0x03, 0x02, 0x00, 0x4a, 0x06, 
    0x05, 0x02, 0x02, 0x02, 0x00, 0x5f, 0x01, 0x01, 0x00, 0x00, 0x11, 0x4d, 
    0x00, 0x03, 0x03, 0x04, 0x61, 0x00, 0x04, 0x04, 0x15, 0x04, 0x4e, 0x00, 
    0x00, 0x00, 0x1a, 0x00, 0x1a, 0x35, 0x24, 0x11, 0x13, 0x11, 0x07, 0x07, 
    0x1b, 0x2b, 0x13, 0x37, 0x33, 0x35, 0x37, 0x15, 0x33, 0x15, 0x23, 0x11, 
    0x14, 0x1e, 0x01, 0x33, 0x32, 0x36, 0x37, 0x15, 0x0e, 0x02, 0x23, 0x22, 
    0x2e, 0x01, 0x35, 0x11, 0x4e, 0x14, 0x76, 0x4d, 0xb9, 0xba, 0x10, 0x2c, 
    0x29, 0x12, 0x2a, 0x2f, 0x21, 0x2a, 0x1f, 0x12, 0x42, 0x46, 0x1a, 0x01, 
    0xc1, 0x45, 0x75, 0x21, 0x96, 0x45, 0xfe, 0xe0, 0x28, 0x29, 0x0f, 0x04, 
    0x05, 0x49, 0x04, 0x05, 0x02, 0x1a, 0x49, 0x44, 0x01, 0x24, 0x00, 0x00, 
    0x00, 0x01, 0x00, 0x5d, 0xff, 0xf6, 0x01, 0xfe, 0x02, 0x06, 0x00, 0x18, 
    0x00, 0x4c, 0xb5, 0x03, 0x01, 0x03, 0x02, 0x01, 0x4c, 0x4b, 0xb0, 0x18, 
    0x50, 0x58, 0x40, 0x13, 0x05, 0x04, 0x02, 0x02, 0x02, 0x11, 0x4d, 0x00, 
    0x03, 0x03, 0x00, 0x61, 0x01, 0x01, 0x00, 0x00, 0x0f, 0x00, 0x4e, 0x1b, 
    0x40, 0x17, 0x05, 0x04, 0x02, 0x02, 0x02, 0x11, 0x4d, 0x00, 0x00, 0x00, 
    0x0f, 0x4d, 0x00, 0x03, 0x03, 0x01, 0x61, 0x00, 0x01, 0x01, 0x15, 0x01, 
    0x4e, 0x59, 0x40, 0x0d, 0x00, 0x00, 0x00, 0x18, 0x00, 0x18, 0x24, 0x14, 
    0x25, 0x11, 0x06, 0x07, 0x1a, 0x2b, 0x01, 0x11, 0x23, 0x35, 0x23, 0x0e, 
    0x02, 0x23, 0x22, 0x2e, 0x01, 0x35, 0x11, 0x33, 0x11, 0x14, 0x1e, 0x01, 
    0x33, 0x32, 0x3e, 0x01, 0x35, 0x11, 0x01, 0xfe, 0x4b, 0x05, 0x0e, 0x24, 
    0x3b, 0x34, 0x48, 0x4c, 0x1c, 0x50, 0x12, 0x32, 0x2f, 0x3a, 0x3d, 0x17, 
    0x02, 0x06, 0xfd, 0xfa, 0x54, 0x26, 0x29, 0x0f, 0x20, 0x55, 0x51, 0x01, 
    0x4a, 0xfe, 0xb6, 0x31, 0x35, 0x13, 0x1d, 0x51, 0x4c, 0x01, 0x09, 0x00, 
    0x00, 0x01, 0x00, 0x3b, 0x00, 0x00, 0x02, 0x1c, 0x02, 0x06, 0x00, 0x07, 
    0x00, 0x21, 0x40, 0x1e, 0x03, 0x01, 0x02, 0x00, 0x01, 0x4c, 0x01, 0x01, 
    0x00, 0x00, 0x11, 0x4d, 0x03, 0x01, 0x02, 0x02, 0x0f, 0x02, 0x4e, 0x00, 
    0x00, 0x00, 0x07, 0x00, 0x07, 0x13, 0x11, 0x04, 0x07, 0x18, 0x2b, 0x21, 
    0x03, 0x33, 0x13, 0x33, 0x13, 0x33, 0x03, 0x01, 0x00, 0xc5, 0x57, 0x96, 
    0x07, 0x96, 0x57, 0xc5, 0x02, 0x06, 0xfe, 0x5b, 0x01, 0xa5, 0xfd, 0xfa, 
    0x00, 0x01, 0x00, 0x12, 0x00, 0x00, 0x02, 0x46, 0x02, 0x06, 0x00, 0x0f, 
    0x00, 0x27, 0x40, 0x24, 0x0d, 0x07, 0x03, 0x03, 0x03, 0x00, 0x01, 0x4c, 
    0x02, 0x01, 0x02, 0x00, 0x00, 0x11, 0x4d, 0x05, 0x04, 0x02, 0x03, 0x03, 
    0x0f, 0x03, 0x4e, 0x00, 0x00, 0x00, 0x0f, 0x00, 0x0f, 0x11, 0x13, 0x13, 
    0x11, 0x06, 0x07, 0x1a, 0x2b, 0x33, 0x03, 0x33, 0x13, 0x33, 0x13, 0x33, 
    0x13, 0x33, 0x13, 0x33, 0x03, 0x23, 0x03, 0x23, 0x03, 0x76, 0x64, 0x50, 
    0x43, 0x07, 0x55, 0x57, 0x54, 0x07, 0x43, 0x50, 0x64, 0x5f, 0x54, 0x05, 
    0x55, 0x02, 0x06, 0xfe, 0x5e, 0x01, 0xa2, 0xfe, 0x5e, 0x01, 0xa2, 0xfd, 
    0xfa, 0x01, 0xad, 0xfe, 0x53, 0x00, 0x00, 0x00, 0x00, 0x01, 0x00, 0x48, 
    0x00, 0x00, 0x02, 0x10, 0x02, 0x06, 0x00, 0x0d, 0x00, 0x26, 0x40, 0x23, 
    0x0b, 0x08, 0x04, 0x01, 0x04, 0x02, 0x00, 0x01, 0x4c, 0x01, 0x01, 0x00, 
    0x00, 0x11, 0x4d, 0x04, 0x03, 0x02, 0x02, 0x02, 0x0f, 0x02, 0x4e, 0x00, 
    0x00, 0x00, 0x0d, 0x00, 0x0d, 0x12, 0x13, 0x12, 0x05, 0x07, 0x19, 0x2b, 
    0x33, 0x13, 0x03, 0x33, 0x17, 0x33, 0x37, 0x33, 0x03, 0x13, 0x23, 0x27, 
    0x23, 0x07, 0x48, 0xb0, 0xa8, 0x5f, 0x7e, 0x02, 0x7e, 0x60, 0xac, 0xaf, 
    0x5f, 0x84, 0x03, 0x83, 0x01, 0x05, 0x01, 0x01, 0xcb, 0xcb, 0xfe, 0xff, 
    0xfe, 0xfb, 0xcb, 0xcb, 0x00, 0x01, 0x00, 0x44, 0xff, 0x25, 0x02, 0x13, 
    0x02, 0x06, 0x00, 0x09, 0x00, 0x2a, 0x40, 0x27, 0x05, 0x01, 0x00, 0x01, 
    0x01, 0x4c, 0x00, 0x00, 0x01, 0x03, 0x01, 0x00, 0x03, 0x80, 0x02, 0x01, 
    0x01, 0x01, 0x11, 0x4d, 0x04, 0x01, 0x03, 0x03, 0x13, 0x03, 0x4e, 0x00, 
    0x00, 0x00, 0x09, 0x00, 0x09, 0x13, 0x11, 0x11, 0x05, 0x07, 0x19, 0x2b, 
    0x17, 0x13, 0x23, 0x03, 0x33, 0x13, 0x33, 0x13, 0x33, 0x01, 0xc1, 0x5b, 
    0x2a, 0xae, 0x55, 0x95, 0x03, 0x90, 0x52, 0xfe, 0xfe, 0xdb, 0x01, 0x01, 
    0x01, 0xe0, 0xfe, 0x61, 0x01, 0x9f, 0xfd, 0x1f, 0x00, 0x01, 0x00, 0x63, 
    0x00, 0x00, 0x01, 0xf4, 0x02, 0x06, 0x00, 0x09, 0x00, 0x2c, 0x40, 0x29, 
    0x06, 0x01, 0x02, 0x02, 0x00, 0x01, 0x4c, 0x00, 0x00, 0x00, 0x01, 0x5f, 
    0x00, 0x01, 0x01, 0x11, 0x4d, 0x00, 0x02, 0x02, 0x03, 0x5f, 0x04, 0x01, 
    0x03, 0x03, 0x0f, 0x03, 0x4e, 0x00, 0x00, 0x00, 0x09, 0x00, 0x09, 0x12, 
    0x11, 0x12, 0x05, 0x07, 0x19, 0x2b, 0x33, 0x35, 0x01, 0x21, 0x35, 0x21, 
    0x15, 0x01, 0x25, 0x15, 0x63, 0x01, 0x38, 0xfe, 0xd9, 0x01, 0x80, 0xfe, 
    0xcb, 0x01, 0x35, 0x4a, 0x01, 0x74, 0x48, 0x4a, 0xfe, 0x8d, 0x01, 0x4a, 
    0x00, 0x01, 0x00, 0xa3, 0xff, 0x7a, 0x01, 0xe0, 0x02, 0xec, 0x00, 0x2b, 
    0x00, 0x27, 0x40, 0x24, 0x17, 0x16, 0x01, 0x00, 0x04, 0x02, 0x01, 0x01, 
    0x4c, 0x00, 0x02, 0x00, 0x03, 0x02, 0x03, 0x65, 0x00, 0x01, 0x01, 0x00, 
    0x61, 0x00, 0x00, 0x00, 0x16, 0x01, 0x4e, 0x23, 0x22, 0x21, 0x20, 0x11, 
    0x1a, 0x04, 0x07, 0x18, 0x2b, 0x37, 0x35, 0x3e, 0x02, 0x26, 0x27, 0x2e, 
    0x01, 0x3e, 0x01, 0x33, 0x15, 0x22, 0x0e, 0x01, 0x16, 0x17, 0x1e, 0x01, 
    0x0e, 0x01, 0x07, 0x15, 0x1e, 0x02, 0x06, 0x07, 0x0e, 0x01, 0x1e, 0x01, 
    0x33, 0x15, 0x22, 0x2e, 0x01, 0x36, 0x37, 0x3e, 0x01, 0x2e, 0x01, 0xa3, 
    0x32, 0x36, 0x14, 0x03, 0x07, 0x12, 0x09, 0x26, 0x65, 0x5b, 0x3c, 0x42, 
    0x17, 0x06, 0x0a, 0x0e, 0x04, 0x18, 0x39, 0x2f, 0x2f, 0x39, 0x18, 0x04, 
    0x0e, 0x0b, 0x06, 0x18, 0x41, 0x3d, 0x5b, 0x65, 0x26, 0x08, 0x13, 0x07, 
    0x03, 0x14, 0x36, 0xfd, 0x6c, 0x09, 0x10, 0x18, 0x2a, 0x24, 0x5a, 0x69, 
    0x32, 0x0f, 0x4c, 0x05, 0x1a, 0x3a, 0x36, 0x44, 0x4e, 0x28, 0x12, 0x07, 
    0x16, 0x07, 0x12, 0x27, 0x4f, 0x44, 0x36, 0x3a, 0x1a, 0x05, 0x4c, 0x0f, 
    0x32, 0x69, 0x5a, 0x23, 0x29, 0x18, 0x11, 0x00, 0x00, 0x01, 0x01, 0x06, 
    0xff, 0xaa, 0x01, 0x52, 0x03, 0x12, 0x00, 0x03, 0x00, 0x17, 0x40, 0x14, 
    0x00, 0x00, 0x01, 0x00, 0x85, 0x02, 0x01, 0x01, 0x01, 0x76, 0x00, 0x00, 
    0x00, 0x03, 0x00, 0x03, 0x11, 0x03, 0x07, 0x17, 0x2b, 0x05, 0x11, 0x33, 
    0x11, 0x01, 0x06, 0x4c, 0x56, 0x03, 0x68, 0xfc, 0x98, 0x00, 0x00, 0x00, 
    0x00, 0x01, 0x00, 0x78, 0xff, 0x7a, 0x01, 0xb5, 0x02, 0xec, 0x00, 0x2d, 
    0x00, 0x2d, 0x40, 0x2a, 0x23, 0x22, 0x0c, 0x0b, 0x04, 0x00, 0x01, 0x01, 
    0x4c, 0x00, 0x00, 0x04, 0x01, 0x03, 0x00, 0x03, 0x65, 0x00, 0x01, 0x01, 
    0x02, 0x61, 0x00, 0x02, 0x02, 0x16, 0x01, 0x4e, 0x00, 0x00, 0x00, 0x2d, 
    0x00, 0x2d, 0x18, 0x17, 0x16, 0x15, 0x11, 0x05, 0x07, 0x17, 0x2b, 0x17, 
    0x35, 0x32, 0x3e, 0x01, 0x26, 0x27, 0x2e, 0x01, 0x3e, 0x01, 0x37, 0x35, 
    0x2e, 0x02, 0x36, 0x37, 0x3e, 0x01, 0x2e, 0x01, 0x23, 0x35, 0x32, 0x1e, 
    0x02, 0x06, 0x07, 0x0e, 0x01, 0x1e, 0x01, 0x17, 0x15, 0x0e, 0x02, 0x16, 
    0x17, 0x1e, 0x01, 0x0e, 0x02, 0x78, 0x38, 0x3f, 0x1a, 0x02, 0x0a, 0x0d, 
    0x07, 0x16, 0x39, 0x33, 0x37, 0x39, 0x12, 0x09, 0x0b, 0x09, 0x03, 0x17, 
    0x3f, 0x3b, 0x4d, 0x5d, 0x2f, 0x0b, 0x0d, 0x0c, 0x06, 0x02, 0x13, 0x36, 
    0x31, 0x31, 0x35, 0x14, 0x02, 0x06, 0x0c, 0x0e, 0x0b, 0x2f, 0x5e, 0x86, 
    0x4c, 0x08, 0x1c, 0x3a, 0x31, 0x41, 0x4d, 0x29, 0x15, 0x07, 0x16, 0x09, 
    0x15, 0x2a, 0x4d, 0x3f, 0x2f, 0x38, 0x1d, 0x0a, 0x4c, 0x0b, 0x1f, 0x3a, 
    0x5c, 0x44, 0x22, 0x29, 0x19, 0x12, 0x09, 0x6c, 0x0a, 0x11, 0x19, 0x29, 
    0x22, 0x44, 0x5d, 0x3a, 0x1e, 0x0b, 0x00, 0x00, 0x00, 0x01, 0x00, 0x50, 
    0x00, 0xd6, 0x02, 0x09, 0x01, 0x91, 0x00, 0x22, 0x00, 0x6e, 0xb1, 0x06, 
    0x64, 0x44, 0x4b, 0xb0, 0x0e, 0x50, 0x58, 0x40, 0x27, 0x00, 0x03, 0x01, 
    0x05, 0x02, 0x03, 0x72, 0x00, 0x00, 0x02, 0x04, 0x02, 0x00, 0x04, 0x80, 
    0x00, 0x01, 0x00, 0x05, 0x02, 0x01, 0x05, 0x69, 0x00, 0x02, 0x00, 0x04, 
    0x02, 0x59, 0x00, 0x02, 0x02, 0x04, 0x62, 0x00, 0x04, 0x02, 0x04, 0x52, 
    0x1b, 0x40, 0x28, 0x00, 0x03, 0x01, 0x05, 0x01, 0x03, 0x05, 0x80, 0x00, 
    0x00, 0x02, 0x04, 0x02, 0x00, 0x04, 0x80, 0x00, 0x01, 0x00, 0x05, 0x02, 
    0x01, 0x05, 0x69, 0x00, 0x02, 0x00, 0x04, 0x02, 0x59, 0x00, 0x02, 0x02, 
    0x04, 0x62, 0x00, 0x04, 0x02, 0x04, 0x52, 0x59, 0x40, 0x09, 0x26, 0x23, 
    0x13, 0x26, 0x24, 0x10, 0x06, 0x07, 0x1c, 0x2b, 0xb1, 0x06, 0x00, 0x44, 
    0x37, 0x23, 0x34, 0x3e, 0x02, 0x33, 0x32, 0x1e, 0x01, 0x17, 0x1e, 0x02, 
    0x33, 0x32, 0x3e, 0x01, 0x35, 0x33, 0x14, 0x0e, 0x01, 0x23, 0x22, 0x2e, 
    0x01, 0x27, 0x2e, 0x02, 0x23, 0x22, 0x0e, 0x01, 0x95, 0x45, 0x08, 0x17, 
    0x2e, 0x26, 0x1c, 0x22, 0x24, 0x1c, 0x1b, 0x1e, 0x15, 0x0a, 0x14, 0x12, 
    0x05, 0x45, 0x10, 0x31, 0x34, 0x1a, 0x22, 0x22, 0x1d, 0x1b, 0x1f, 0x15, 
    0x0c, 0x12, 0x12, 0x05, 0xfa, 0x33, 0x3c, 0x1e, 0x0a, 0x09, 0x1b, 0x1d, 
    0x1b, 0x1a, 0x08, 0x0c, 0x28, 0x29, 0x44, 0x42, 0x14, 0x09, 0x1c, 0x1c, 
    0x1b, 0x1a, 0x08, 0x0c, 0x26, 0x00, 0x00, 0x00, 0x00, 0x00, 0x00, 0x1e, 
    0x01, 0x6e, 0x00, 0x01, 0x00, 0x00, 0x00, 0x00, 0x00, 0x00, 0x00, 0x40, 
    0x00, 0x82, 0x00, 0x01, 0x00, 0x00, 0x00, 0x00, 0x00, 0x01, 0x00, 0x13, 
    0x00, 0xeb, 0x00, 0x01, 0x00, 0x00, 0x00, 0x00, 0x00, 0x02, 0x00, 0x07, 
    0x01, 0x0f, 0x00, 0x01, 0x00, 0x00, 0x00, 0x00, 0x00, 0x03, 0x00, 0x13, 
    0x01, 0x3f, 0x00, 0x01, 0x00, 0x00, 0x00, 0x00, 0x00, 0x04, 0x00, 0x1b, 
    0x01, 0x8b, 0x00, 0x01, 0x00, 0x00, 0x00, 0x00, 0x00, 0x05, 0x00, 0x2b, 
    0x01, 0xff, 0x00, 0x01, 0x00, 0x00, 0x00, 0x00, 0x00, 0x06, 0x00, 0x19, 
    0x02, 0x5f, 0x00, 0x01, 0x00, 0x00, 0x00, 0x00, 0x00, 0x07, 0x00, 0x6c, 
    0x03, 0x53, 0x00, 0x01, 0x00, 0x00, 0x00, 0x00, 0x00, 0x08, 0x00, 0x15, 
    0x03, 0xec, 0x00, 0x01, 0x00, 0x00, 0x00, 0x00, 0x00, 0x09, 0x00, 0x0c, 
    0x04, 0x1c, 0x00, 0x01, 0x00, 0x00, 0x00, 0x00, 0x00, 0x0a, 0x00, 0x2d, 
    0x04, 0x85, 0x00, 0x01, 0x00, 0x00, 0x00, 0x00, 0x00, 0x0b, 0x00, 0x16, 
    0x04, 0xe1, 0x00, 0x01, 0x00, 0x00, 0x00, 0x00, 0x00, 0x0c, 0x00, 0x15, 
    0x05, 0x24, 0x00, 0x01, 0x00, 0x00, 0x00, 0x00, 0x00, 0x0d, 0x00, 0xc2, 
    0x06, 0xc0, 0x00, 0x01, 0x00, 0x00, 0x00, 0x00, 0x00, 0x0e, 0x00, 0x42, 
    0x08, 0x09, 0x00, 0x03, 0x00, 0x01, 0x04, 0x09, 0x00, 0x00, 0x00, 0x80, 
    0x00, 0x00, 0x00, 0x03, 0x00, 0x01, 0x04, 0x09, 0x00, 0x01, 0x00, 0x26, 
    0x00, 0xc3, 0x00, 0x03, 0x00, 0x01, 0x04, 0x09, 0x00, 0x02, 0x00, 0x0e, 
    0x00, 0xff, 0x00, 0x03, 0x00, 0x01, 0x04, 0x09, 0x00, 0x03, 0x00, 0x26, 
    0x01, 0x17, 0x00, 0x03, 0x00, 0x01, 0x04, 0x09, 0x00, 0x04, 0x00, 0x36, 
    0x01, 0x53, 0x00, 0x03, 0x00, 0x01, 0x04, 0x09, 0x00, 0x05, 0x00, 0x56, 
    0x01, 0xa7, 0x00, 0x03, 0x00, 0x01, 0x04, 0x09, 0x00, 0x06, 0x00, 0x32, 
    0x02, 0x2b, 0x00, 0x03, 0x00, 0x01, 0x04, 0x09, 0x00, 0x07, 0x00, 0xd8, 
    0x02, 0x79, 0x00, 0x03, 0x00, 0x01, 0x04, 0x09, 0x00, 0x08, 0x00, 0x2a, 
    0x03, 0xc0, 0x00, 0x03, 0x00, 0x01, 0x04, 0x09, 0x00, 0x09, 0x00, 0x18, 
    0x04, 0x02, 0x00, 0x03, 0x00, 0x01, 0x04, 0x09, 0x00, 0x0a, 0x00, 0x5a, 
    0x04, 0x29, 0x00, 0x03, 0x00, 0x01, 0x04, 0x09, 0x00, 0x0b, 0x00, 0x2c, 
    0x04, 0xb3, 0x00, 0x03, 0x00, 0x01, 0x04, 0x09, 0x00, 0x0c, 0x00, 0x2a, 
    0x04, 0xf8, 0x00, 0x03, 0x00, 0x01, 0x04, 0x09, 0x00, 0x0d, 0x01, 0x84, 
    0x05, 0x3a, 0x00, 0x03, 0x00, 0x01, 0x04, 0x09, 0x00, 0x0e, 0x00, 0x84, 
    0x07, 0x83, 0x00, 0x43, 0x00, 0x6f, 0x00, 0x70, 0x00, 0x79, 0x00, 0x72, 
    0x00, 0x69, 0x00, 0x67, 0x00, 0x68, 0x00, 0x74, 0x00, 0x20, 0x00, 0x28, 
    0x00, 0x63, 0x00, 0x29, 0x00, 0x20, 0x00, 0x32, 0x00, 0x30, 0x00, 0x32, 
    0x00, 0x32, 0x00, 0x2d, 0x00, 0x32, 0x00, 0x30, 0x00, 0x32, 0x00, 0x35, 
    0x00, 0x2c, 0x00, 0x20, 0x00, 0x55, 0x00, 0x2e, 0x00, 0x53, 0x00, 0x2e, 
    0x00, 0x20, 0x00, 0x47, 0x00, 0x72, 0x00, 0x61, 0x00, 0x70, 0x00, 0x68, 
    0x00, 0x69, 0x00, 0x63, 0x00, 0x73, 0x00, 0x20, 0x00, 0x4c, 0x00, 0x4c, 
    0x00, 0x43, 0x00, 0x2e, 0x00, 0x20, 0x00, 0x41, 0x00, 0x6c, 0x00, 0x6c, 
    0x00, 0x20, 0x00, 0x52, 0x00, 0x69, 0x00, 0x67, 0x00, 0x68, 0x00, 0x74, 
    0x00, 0x73, 0x00, 0x20, 0x00, 0x52, 0x00, 0x65, 0x00, 0x73, 0x00, 0x65, 
    0x00, 0x72, 0x00, 0x76, 0x00, 0x65, 0x00, 0x64, 0x00, 0x2e, 0x00, 0x00, 
    0x43, 0x6f, 0x70, 0x79, 0x72, 0x69, 0x67, 0x68, 0x74, 0x20, 0x28, 0x63, 
    0x29, 0x20, 0x32, 0x30, 0x32, 0x32, 0x2d, 0x32, 0x30, 0x32, 0x35, 0x2c, 
    0x20, 0x55, 0x2e, 0x53, 0x2e, 0x20, 0x47, 0x72, 0x61, 0x70, 0x68, 0x69, 
    0x63, 0x73, 0x20, 0x4c, 0x4c, 0x43, 0x2e, 0x20, 0x41, 0x6c, 0x6c, 0x20, 
    0x52, 0x69, 0x67, 0x68, 0x74, 0x73, 0x20, 0x52, 0x65, 0x73, 0x65, 0x72, 
    0x76, 0x65, 0x64, 0x2e, 0x00, 0x00, 0x42, 0x00, 0x65, 0x00, 0x72, 0x00, 
    0x6b, 0x00, 0x65, 0x00, 0x6c, 0x00, 0x65, 0x00, 0x79, 0x00, 0x20, 0x00, 
    0x4d, 0x00, 0x6f, 0x00, 0x6e, 0x00, 0x6f, 0x00, 0x20, 0x00, 0x54, 0x00, 
    0x72, 0x00, 0x69, 0x00, 0x61, 0x00, 0x6c, 0x00, 0x00, 0x42, 0x65, 0x72, 
    0x6b, 0x65, 0x6c, 0x65, 0x79, 0x20, 0x4d, 0x6f, 0x6e, 0x6f, 0x20, 0x54, 
    0x72, 0x69, 0x61, 0x6c, 0x00, 0x00, 0x52, 0x00, 0x65, 0x00, 0x67, 0x00, 
    0x75, 0x00, 0x6c, 0x00, 0x61, 0x00, 0x72, 0x00, 0x00, 0x52, 0x65, 0x67, 
    0x75, 0x6c, 0x61, 0x72, 0x00, 0x00, 0x54, 0x00, 0x58, 0x00, 0x2d, 0x00, 
    0x30, 0x00, 0x32, 0x00, 0x2d, 0x00, 0x37, 0x00, 0x37, 0x00, 0x32, 0x00, 
    0x4c, 0x00, 0x2d, 0x00, 0x4d, 0x00, 0x38, 0x00, 0x35, 0x00, 0x58, 0x00, 
    0x57, 0x00, 0x35, 0x00, 0x39, 0x00, 0x59, 0x00, 0x00, 0x54, 0x58, 0x2d, 
    0x30, 0x32, 0x2d, 0x37, 0x37, 0x32, 0x4c, 0x2d, 0x4d, 0x38, 0x35, 0x58, 
    0x57, 0x35, 0x39, 0x59, 0x00, 0x00, 0x42, 0x00, 0x65, 0x00, 0x72, 0x00, 
    0x6b, 0x00, 0x65, 0x00, 0x6c, 0x00, 0x65, 0x00, 0x79, 0x00, 0x20, 0x00, 
    0x4d, 0x00, 0x6f, 0x00, 0x6e, 0x00, 0x6f, 0x00, 0x20, 0x00, 0x54, 0x00, 
    0x72, 0x00, 0x69, 0x00, 0x61, 0x00, 0x6c, 0x00, 0x20, 0x00, 0x52, 0x00, 
    0x65, 0x00, 0x67, 0x00, 0x75, 0x00, 0x6c, 0x00, 0x61, 0x00, 0x72, 0x00, 
    0x00, 0x42, 0x65, 0x72, 0x6b, 0x65, 0x6c, 0x65, 0x79, 0x20, 0x4d, 0x6f, 
    0x6e, 0x6f, 0x20, 0x54, 0x72, 0x69, 0x61, 0x6c, 0x20, 0x52, 0x65, 0x67, 
    0x75, 0x6c, 0x61, 0x72, 0x00, 0x00, 0x56, 0x00, 0x65, 0x00, 0x72, 0x00, 
    0x73, 0x00, 0x69, 0x00, 0x6f, 0x00, 0x6e, 0x00, 0x20, 0x00, 0x32, 0x00, 
    0x2e, 0x00, 0x30, 0x00, 0x30, 0x00, 0x33, 0x00, 0x3b, 0x00, 0x20, 0x00, 
    0x74, 0x00, 0x74, 0x00, 0x66, 0x00, 0x61, 0x00, 0x75, 0x00, 0x74, 0x00, 
    0x6f, 0x00, 0x68, 0x00, 0x69, 0x00, 0x6e, 0x00, 0x74, 0x00, 0x20, 0x00, 
    0x28, 0x00, 0x76, 0x00, 0x31, 0x00, 0x2e, 0x00, 0x38, 0x00, 0x2e, 0x00, 
    0x34, 0x00, 0x2e, 0x00, 0x31, 0x00, 0x36, 0x00, 0x2d, 0x00, 0x65, 0x00, 
    0x62, 0x00, 0x36, 0x00, 0x34, 0x00, 0x29, 0x00, 0x00, 0x56, 0x65, 0x72, 
    0x73, 0x69, 0x6f, 0x6e, 0x20, 0x32, 0x2e, 0x30, 0x30, 0x33, 0x3b, 0x20, 
    0x74, 0x74, 0x66, 0x61, 0x75, 0x74, 0x6f, 0x68, 0x69, 0x6e, 0x74, 0x20, 
    0x28, 0x76, 0x31, 0x2e, 0x38, 0x2e, 0x34, 0x2e, 0x31, 0x36, 0x2d, 0x65, 
    0x62, 0x36, 0x34, 0x29, 0x00, 0x00, 0x42, 0x00, 0x65, 0x00, 0x72, 0x00, 
    0x6b, 0x00, 0x65, 0x00, 0x6c, 0x00, 0x65, 0x00, 0x79, 0x00, 0x4d, 0x00, 
    0x6f, 0x00, 0x6e, 0x00, 0x6f, 0x00, 0x54, 0x00, 0x72, 0x00, 0x69, 0x00, 
    0x61, 0x00, 0x6c, 0x00, 0x2d, 0x00, 0x52, 0x00, 0x65, 0x00, 0x67, 0x00, 
    0x75, 0x00, 0x6c, 0x00, 0x61, 0x00, 0x72, 0x00, 0x00, 0x42, 0x65, 0x72, 
    0x6b, 0x65, 0x6c, 0x65, 0x79, 0x4d, 0x6f, 0x6e, 0x6f, 0x54, 0x72, 0x69, 
    0x61, 0x6c, 0x2d, 0x52, 0x65, 0x67, 0x75, 0x6c, 0x61, 0x72, 0x00, 0x00, 
    0x55, 0x00, 0x2e, 0x00, 0x53, 0x00, 0x2e, 0x00, 0x20, 0x00, 0x47, 0x00, 
    0x72, 0x00, 0x61, 0x00, 0x70, 0x00, 0x68, 0x00, 0x69, 0x00, 0x63, 0x00, 
    0x73, 0x00, 0x20, 0x00, 0x43, 0x00, 0x6f, 0x00, 0x6d, 0x00, 0x70, 0x00, 
    0x61, 0x00, 0x6e, 0x00, 0x79, 0x00, 0x20, 0x00, 0x28, 0x00, 0x74, 0x00, 
    0x6d, 0x00, 0x29, 0x00, 0x20, 0x00, 0x61, 0x00, 0x6e, 0x00, 0x64, 0x00, 
    0x20, 0x00, 0x42, 0x00, 0x65, 0x00, 0x72, 0x00, 0x6b, 0x00, 0x65, 0x00, 
    0x6c, 0x00, 0x65, 0x00, 0x79, 0x00, 0x20, 0x00, 0x4d, 0x00, 0x6f, 0x00, 
    0x6e, 0x00, 0x6f, 0x00, 0x20, 0x00, 0x28, 0x00, 0x74, 0x00, 0x6d, 0x00, 
    0x29, 0x00, 0x20, 0x00, 0x61, 0x00, 0x72, 0x00, 0x65, 0x00, 0x20, 0x00, 
    0x74, 0x00, 0x72, 0x00, 0x61, 0x00, 0x64, 0x00, 0x65, 0x00, 0x6d, 0x00, 
    0x61, 0x00, 0x72, 0x00, 0x6b, 0x00, 0x73, 0x00, 0x20, 0x00, 0x6f, 0x00, 
    0x66, 0x00, 0x20, 0x00, 0x55, 0x00, 0x2e, 0x00, 0x53, 0x00, 0x2e, 0x00, 
    0x20, 0x00, 0x47, 0x00, 0x72, 0x00, 0x61, 0x00, 0x70, 0x00, 0x68, 0x00, 
    0x69, 0x00, 0x63, 0x00, 0x73, 0x00, 0x2c, 0x00, 0x20, 0x00, 0x4c, 0x00, 
    0x4c, 0x00, 0x43, 0x00, 0x2e, 0x00, 0x20, 0x00, 0x41, 0x00, 0x6c, 0x00, 
    0x6c, 0x00, 0x20, 0x00, 0x52, 0x00, 0x69, 0x00, 0x67, 0x00, 0x68, 0x00, 
    0x74, 0x00, 0x73, 0x00, 0x20, 0x00, 0x52, 0x00, 0x65, 0x00, 0x73, 0x00, 
    0x65, 0x00, 0x72, 0x00, 0x76, 0x00, 0x65, 0x00, 0x64, 0x00, 0x2e, 0x00, 
    0x00, 0x55, 0x2e, 0x53, 0x2e, 0x20, 0x47, 0x72, 0x61, 0x70, 0x68, 0x69, 
    0x63, 0x73, 0x20, 0x43, 0x6f, 0x6d, 0x70, 0x61, 0x6e, 0x79, 0x20, 0x28, 
    0x74, 0x6d, 0x29, 0x20, 0x61, 0x6e, 0x64, 0x20, 0x42, 0x65, 0x72, 0x6b, 
    0x65, 0x6c, 0x65, 0x79, 0x20, 0x4d, 0x6f, 0x6e, 0x6f, 0x20, 0x28, 0x74, 
    0x6d, 0x29, 0x20, 0x61, 0x72, 0x65, 0x20, 0x74, 0x72, 0x61, 0x64, 0x65, 
    0x6d, 0x61, 0x72, 0x6b, 0x73, 0x20, 0x6f, 0x66, 0x20, 0x55, 0x2e, 0x53, 
    0x2e, 0x20, 0x47, 0x72, 0x61, 0x70, 0x68, 0x69, 0x63, 0x73, 0x2c, 0x20, 
    0x4c, 0x4c, 0x43, 0x2e, 0x20, 0x41, 0x6c, 0x6c, 0x20, 0x52, 0x69, 0x67, 
    0x68, 0x74, 0x73, 0x20, 0x52, 0x65, 0x73, 0x65, 0x72, 0x76, 0x65, 0x64, 
    0x2e, 0x00, 0x00, 0x55, 0x00, 0x2e, 0x00, 0x53, 0x00, 0x2e, 0x00, 0x20, 
    0x00, 0x47, 0x00, 0x72, 0x00, 0x61, 0x00, 0x70, 0x00, 0x68, 0x00, 0x69, 
    0x00, 0x63, 0x00, 0x73, 0x00, 0x20, 0x00, 0x43, 0x00, 0x6f, 0x00, 0x6d, 
    0x00, 0x70, 0x00, 0x61, 0x00, 0x6e, 0x00, 0x79, 0x00, 0x00, 0x55, 0x2e, 
    0x53, 0x2e, 0x20, 0x47, 0x72, 0x61, 0x70, 0x68, 0x69, 0x63, 0x73, 0x20, 
    0x43, 0x6f, 0x6d, 0x70, 0x61, 0x6e, 0x79, 0x00, 0x00, 0x4e, 0x00, 0x65, 
    0x00, 0x69, 0x00, 0x6c, 0x00, 0x20, 0x00, 0x50, 0x00, 0x61, 0x00, 0x6e, 
    0x00, 0x63, 0x00, 0x68, 0x00, 0x61, 0x00, 0x6c, 0x00, 0x00, 0x4e, 0x65, 
    0x69, 0x6c, 0x20, 0x50, 0x61, 0x6e, 0x63, 0x68, 0x61, 0x6c, 0x00, 0x00, 
    0x41, 0x00, 0x20, 0x00, 0x6c, 0x00, 0x6f, 0x00, 0x76, 0x00, 0x65, 0x00, 
    0x20, 0x00, 0x6c, 0x00, 0x65, 0x00, 0x74, 0x00, 0x74, 0x00, 0x65, 0x00, 
    0x72, 0x00, 0x20, 0x00, 0x74, 0x00, 0x6f, 0x00, 0x20, 0x00, 0x74, 0x00, 
    0x68, 0x00, 0x65, 0x00, 0x20, 0x00, 0x67, 0x00, 0x6f, 0x00, 0x6c, 0x00, 
    0x64, 0x00, 0x65, 0x00, 0x6e, 0x00, 0x20, 0x00, 0x65, 0x00, 0x72, 0x00, 
    0x61, 0x00, 0x20, 0x00, 0x6f, 0x00, 0x66, 0x00, 0x20, 0x00, 0x63, 0x00, 
    0x6f, 0x00, 0x6d, 0x00, 0x70, 0x00, 0x75, 0x00, 0x74, 0x00, 0x69, 0x00, 
    0x6e, 0x00, 0x67, 0x00, 0x2e, 0x00, 0x00, 0x41, 0x20, 0x6c, 0x6f, 0x76, 
    0x65, 0x20, 0x6c, 0x65, 0x74, 0x74, 0x65, 0x72, 0x20, 0x74, 0x6f, 0x20, 
    0x74, 0x68, 0x65, 0x20, 0x67, 0x6f, 0x6c, 0x64, 0x65, 0x6e, 0x20, 0x65, 
    0x72, 0x61, 0x20, 0x6f, 0x66, 0x20, 0x63, 0x6f, 0x6d, 0x70, 0x75, 0x74, 
    0x69, 0x6e, 0x67, 0x2e, 0x00, 0x00, 0x68, 0x00, 0x74, 0x00, 0x74, 0x00, 
    0x70, 0x00, 0x73, 0x00, 0x3a, 0x00, 0x2f, 0x00, 0x2f, 0x00, 0x75, 0x00, 
    0x73, 0x00, 0x67, 0x00, 0x72, 0x00, 0x61, 0x00, 0x70, 0x00, 0x68, 0x00, 
    0x69, 0x00, 0x63, 0x00, 0x73, 0x00, 0x2e, 0x00, 0x63, 0x00, 0x6f, 0x00, 
    0x6d, 0x00, 0x00, 0x68, 0x74, 0x74, 0x70, 0x73, 0x3a, 0x2f, 0x2f, 0x75, 
    0x73, 0x67, 0x72, 0x61, 0x70, 0x68, 0x69, 0x63, 0x73, 0x2e, 0x63, 0x6f, 
    0x6d, 0x00, 0x00, 0x68, 0x00, 0x74, 0x00, 0x74, 0x00, 0x70, 0x00, 0x73, 
    0x00, 0x3a, 0x00, 0x2f, 0x00, 0x2f, 0x00, 0x6e, 0x00, 0x65, 0x00, 0x69, 
    0x00, 0x6c, 0x00, 0x2e, 0x00, 0x63, 0x00, 0x6f, 0x00, 0x6d, 0x00, 0x70, 
    0x00, 0x75, 0x00, 0x74, 0x00, 0x65, 0x00, 0x72, 0x00, 0x00, 0x68, 0x74, 
    0x74, 0x70, 0x73, 0x3a, 0x2f, 0x2f, 0x6e, 0x65, 0x69, 0x6c, 0x2e, 0x63, 
    0x6f, 0x6d, 0x70, 0x75, 0x74, 0x65, 0x72, 0x00, 0x00, 0x4c, 0x00, 0x54, 
    0x00, 0x2d, 0x00, 0x30, 0x00, 0x31, 0x00, 0x20, 0x00, 0x54, 0x00, 0x72, 
    0x00, 0x69, 0x00, 0x61, 0x00, 0x6c, 0x00, 0x20, 0x00, 0x46, 0x00, 0x6f, 
    0x00, 0x6e, 0x00, 0x74, 0x00, 0x20, 0x00, 0x4c, 0x00, 0x69, 0x00, 0x63, 
    0x00, 0x65, 0x00, 0x6e, 0x00, 0x73, 0x00, 0x65, 0x00, 0x2c, 0x00, 0x20, 
    0x00, 0x66, 0x00, 0x6f, 0x00, 0x72, 0x00, 0x20, 0x00, 0x65, 0x00, 0x76, 
    0x00, 0x61, 0x00, 0x6c, 0x00, 0x75, 0x00, 0x61, 0x00, 0x74, 0x00, 0x69, 
    0x00, 0x6f, 0x00, 0x6e, 0x00, 0x20, 0x00, 0x75, 0x00, 0x73, 0x00, 0x65, 
    0x00, 0x20, 0x00, 0x6f, 0x00, 0x6e, 0x00, 0x6c, 0x00, 0x79, 0x00, 0x2e, 
    0x00, 0x20, 0x00, 0x4c, 0x00, 0x69, 0x00, 0x63, 0x00, 0x65, 0x00, 0x6e, 
    0x00, 0x73, 0x00, 0x65, 0x00, 0x20, 0x00, 0x63, 0x00, 0x6c, 0x00, 0x61, 
    0x00, 0x73, 0x00, 0x73, 0x00, 0x69, 0x00, 0x66, 0x00, 0x69, 0x00, 0x63, 
    0x00, 0x61, 0x00, 0x74, 0x00, 0x69, 0x00, 0x6f, 0x00, 0x6e, 0x00, 0x3a, 
    0x00, 0x20, 0x00, 0x54, 0x00, 0x72, 0x00, 0x69, 0x00, 0x61, 0x00, 0x6c, 
    0x00, 0x2e, 0x00, 0x20, 0x00, 0x4c, 0x00, 0x69, 0x00, 0x63, 0x00, 0x65, 
    0x00, 0x6e, 0x00, 0x73, 0x00, 0x65, 0x00, 0x20, 0x00, 0x49, 0x00, 0x44, 
    0x00, 0x3a, 0x00, 0x20, 0x00, 0x56, 0x00, 0x4e, 0x00, 0x35, 0x00, 0x34, 
    0x00, 0x2d, 0x00, 0x32, 0x00, 0x39, 0x00, 0x31, 0x00, 0x51, 0x00, 0x2d, 
    0x00, 0x59, 0x00, 0x38, 0x00, 0x51, 0x00, 0x52, 0x00, 0x2d, 0x00, 0x33, 
    0x00, 0x32, 0x00, 0x39, 0x00, 0x58, 0x00, 0x2e, 0x00, 0x20, 0x00, 0x4c, 
    0x00, 0x69, 0x00, 0x63, 0x00, 0x65, 0x00, 0x6e, 0x00, 0x73, 0x00, 0x65, 
    0x00, 0x20, 0x00, 0x65, 0x00, 0x78, 0x00, 0x70, 0x00, 0x69, 0x00, 0x72, 
    0x00, 0x65, 0x00, 0x73, 0x00, 0x20, 0x00, 0x6f, 0x00, 0x6e, 0x00, 0x20, 
    0x00, 0x32, 0x00, 0x30, 0x00, 0x32, 0x00, 0x35, 0x00, 0x2d, 0x00, 0x31, 
    0x00, 0x30, 0x00, 0x2d, 0x00, 0x32, 0x00, 0x31, 0x00, 0x20, 0x00, 0x55, 
    0x00, 0x54, 0x00, 0x43, 0x00, 0x2e, 0x00, 0x20, 0x00, 0x49, 0x00, 0x6e, 
    0x00, 0x74, 0x00, 0x65, 0x00, 0x6c, 0x00, 0x6c, 0x00, 0x65, 0x00, 0x63, 
    0x00, 0x74, 0x00, 0x75, 0x00, 0x61, 0x00, 0x6c, 0x00, 0x20, 0x00, 0x50, 
    0x00, 0x72, 0x00, 0x6f, 0x00, 0x70, 0x00, 0x65, 0x00, 0x72, 0x00, 0x74, 
    0x00, 0x79, 0x00, 0x20, 0x00, 0x6f, 0x00, 0x66, 0x00, 0x20, 0x00, 0x55, 
    0x00, 0x2e, 0x00, 0x53, 0x00, 0x2e, 0x00, 0x20, 0x00, 0x47, 0x00, 0x72, 
    0x00, 0x61, 0x00, 0x70, 0x00, 0x68, 0x00, 0x69, 0x00, 0x63, 0x00, 0x73, 
    0x00, 0x2c, 0x00, 0x20, 0x00, 0x4c, 0x00, 0x4c, 0x00, 0x43, 0x00, 0x2e, 
    0x00, 0x00, 0x4c, 0x54, 0x2d, 0x30, 0x31, 0x20, 0x54, 0x72, 0x69, 0x61, 
    0x6c, 0x20, 0x46, 0x6f, 0x6e, 0x74, 0x20, 0x4c, 0x69, 0x63, 0x65, 0x6e, 
    0x73, 0x65, 0x2c, 0x20, 0x66, 0x6f, 0x72, 0x20, 0x65, 0x76, 0x61, 0x6c, 
    0x75, 0x61, 0x74, 0x69, 0x6f, 0x6e, 0x20, 0x75, 0x73, 0x65, 0x20, 0x6f, 
    0x6e, 0x6c, 0x79, 0x2e, 0x20, 0x4c, 0x69, 0x63, 0x65, 0x6e, 0x73, 0x65, 
    0x20, 0x63, 0x6c, 0x61, 0x73, 0x73, 0x69, 0x66, 0x69, 0x63, 0x61, 0x74, 
    0x69, 0x6f, 0x6e, 0x3a, 0x20, 0x54, 0x72, 0x69, 0x61, 0x6c, 0x2e, 0x20, 
    0x4c, 0x69, 0x63, 0x65, 0x6e, 0x73, 0x65, 0x20, 0x49, 0x44, 0x3a, 0x20, 
    0x56, 0x4e, 0x35, 0x34, 0x2d, 0x32, 0x39, 0x31, 0x51, 0x2d, 0x59, 0x38, 
    0x51, 0x52, 0x2d, 0x33, 0x32, 0x39, 0x58, 0x2e, 0x20, 0x4c, 0x69, 0x63, 
    0x65, 0x6e, 0x73, 0x65, 0x20, 0x65, 0x78, 0x70, 0x69, 0x72, 0x65, 0x73, 
    0x20, 0x6f, 0x6e, 0x20, 0x32, 0x30, 0x32, 0x35, 0x2d, 0x31, 0x30, 0x2d, 
    0x32, 0x31, 0x20, 0x55, 0x54, 0x43, 0x2e, 0x20, 0x49, 0x6e, 0x74, 0x65, 
    0x6c, 0x6c, 0x65, 0x63, 0x74, 0x75, 0x61, 0x6c, 0x20, 0x50, 0x72, 0x6f, 
    0x70, 0x65, 0x72, 0x74, 0x79, 0x20, 0x6f, 0x66, 0x20, 0x55, 0x2e, 0x53, 
    0x2e, 0x20, 0x47, 0x72, 0x61, 0x70, 0x68, 0x69, 0x63, 0x73, 0x2c, 0x20, 
    0x4c, 0x4c, 0x43, 0x2e, 0x00, 0x00, 0x68, 0x00, 0x74, 0x00, 0x74, 0x00, 
    0x70, 0x00, 0x73, 0x00, 0x3a, 0x00, 0x2f, 0x00, 0x2f, 0x00, 0x75, 0x00, 
    0x73, 0x00, 0x67, 0x00, 0x72, 0x00, 0x61, 0x00, 0x70, 0x00, 0x68, 0x00, 
    0x69, 0x00, 0x63, 0x00, 0x73, 0x00, 0x2e, 0x00, 0x63, 0x00, 0x6f, 0x00, 
    0x6d, 0x00, 0x2f, 0x00, 0x6c, 0x00, 0x65, 0x00, 0x67, 0x00, 0x61, 0x00, 
    0x6c, 0x00, 0x2f, 0x00, 0x6c, 0x00, 0x69, 0x00, 0x63, 0x00, 0x65, 0x00, 
    0x6e, 0x00, 0x73, 0x00, 0x65, 0x00, 0x73, 0x00, 0x2f, 0x00, 0x56, 0x00, 
    0x4e, 0x00, 0x35, 0x00, 0x34, 0x00, 0x2d, 0x00, 0x32, 0x00, 0x39, 0x00, 
    0x31, 0x00, 0x51, 0x00, 0x2d, 0x00, 0x59, 0x00, 0x38, 0x00, 0x51, 0x00, 
    0x52, 0x00, 0x2d, 0x00, 0x33, 0x00, 0x32, 0x00, 0x39, 0x00, 0x58, 0x00, 
    0x2f, 0x00, 0x76, 0x00, 0x61, 0x00, 0x6c, 0x00, 0x69, 0x00, 0x64, 0x00, 
    0x61, 0x00, 0x74, 0x00, 0x65, 0x00, 0x00, 0x68, 0x74, 0x74, 0x70, 0x73, 
    0x3a, 0x2f, 0x2f, 0x75, 0x73, 0x67, 0x72, 0x61, 0x70, 0x68, 0x69, 0x63, 
    0x73, 0x2e, 0x63, 0x6f, 0x6d, 0x2f, 0x6c, 0x65, 0x67, 0x61, 0x6c, 0x2f, 
    0x6c, 0x69, 0x63, 0x65, 0x6e, 0x73, 0x65, 0x73, 0x2f, 0x56, 0x4e, 0x35, 
    0x34, 0x2d, 0x32, 0x39, 0x31, 0x51, 0x2d, 0x59, 0x38, 0x51, 0x52, 0x2d, 
    0x33, 0x32, 0x39, 0x58, 0x2f, 0x76, 0x61, 0x6c, 0x69, 0x64, 0x61, 0x74, 
    0x65, 0x00, 0x00, 0x00, 0x00, 0x02, 0x00, 0x00, 0x00, 0x00, 0x00, 0x00, 
    0xff, 0x88, 0x00, 0x64, 0x00, 0x00, 0x00, 0x00, 0x00, 0x00, 0x00, 0x00, 
    0x00, 0x00, 0x00, 0x00, 0x00, 0x00, 0x00, 0x00, 0x00, 0x00, 0x00, 0x00, 
    0x00, 0x62, 0x00, 0x00, 0x00, 0x01, 0x00, 0x02, 0x00, 0x03, 0x00, 0x04, 
    0x00, 0x05, 0x00, 0x06, 0x00, 0x07, 0x00, 0x08, 0x00, 0x09, 0x00, 0x0a, 
    0x00, 0x0b, 0x00, 0x0c, 0x00, 0x0d, 0x00, 0x0e, 0x00, 0x0f, 0x00, 0x10, 
    0x00, 0x11, 0x00, 0x12, 0x00, 0x13, 0x00, 0x14, 0x00, 0x15, 0x00, 0x16, 
    0x00, 0x17, 0x00, 0x18, 0x00, 0x19, 0x00, 0x1a, 0x00, 0x1b, 0x00, 0x1c, 
    0x00, 0x1d, 0x00, 0x1e, 0x00, 0x1f, 0x00, 0x20, 0x00, 0x21, 0x00, 0x22, 
    0x00, 0x23, 0x00, 0x24, 0x00, 0x25, 0x00, 0x26, 0x00, 0x27, 0x00, 0x28, 
    0x00, 0x29, 0x00, 0x2a, 0x00, 0x2b, 0x00, 0x2c, 0x00, 0x2d, 0x00, 0x2e, 
    0x00, 0x2f, 0x00, 0x30, 0x00, 0x31, 0x00, 0x32, 0x00, 0x33, 0x00, 0x34, 
    0x00, 0x35, 0x00, 0x36, 0x00, 0x37, 0x00, 0x38, 0x00, 0x39, 0x00, 0x3a, 
    0x00, 0x3b, 0x00, 0x3c, 0x00, 0x3d, 0x00, 0x3e, 0x00, 0x3f, 0x00, 0x40, 
    0x00, 0x41, 0x00, 0x42, 0x00, 0x43, 0x00, 0x44, 0x00, 0x45, 0x00, 0x46, 
    0x00, 0x47, 0x00, 0x48, 0x00, 0x49, 0x00, 0x4a, 0x00, 0x4b, 0x00, 0x4c, 
    0x00, 0x4d, 0x00, 0x4e, 0x00, 0x4f, 0x00, 0x50, 0x00, 0x51, 0x00, 0x52, 
    0x00, 0x53, 0x00, 0x54, 0x00, 0x55, 0x00, 0x56, 0x00, 0x57, 0x00, 0x58, 
    0x00, 0x59, 0x00, 0x5a, 0x00, 0x5b, 0x00, 0x5c, 0x00, 0x5d, 0x00, 0x5e, 
    0x00, 0x5f, 0x00, 0x60, 0x00, 0x61, 0x00, 0x00, 0x00, 0x01, 0x00, 0x01, 
    0xff, 0xff, 0x00, 0x0f, 0x00, 0x01, 0x00, 0x00, 0x00, 0x0c, 0x00, 0x00, 
    0x00, 0x10, 0x00, 0x00, 0x00, 0x02, 0x00, 0x00, 0x00, 0x04, 0x00, 0x00, 
    0x00, 0x02, 0x00, 0x00, 0x00, 0x00, 0x00, 0x01, 0x00, 0x00, 0x00, 0x00, 
    0xe5, 0x0e, 0x0a, 0xfb, 0x00, 0x00, 0x00, 0x00, 0xde, 0x47, 0x07, 0x00, 
    0x00, 0x00, 0x00, 0x00, 0xe5, 0x14, 0x4a, 0xd3
};
const uint32_t Berkeley_ttf_size = 20852;
